1186693, 0
1113230, 0
865383, 0
1185357, 0
505421, 0
9911, 0
1386044, 0
1220284, 0
865140, 0
1183461, 0
867850, 0
40251, 0
973788, 0
1521221, 0
1111615, 0
14132, 0
1224992, 0
1186254, 0
1039147, 0
1191821, 0
542154, 0
1220364, 0
29379, 0
1068, 0
24, 0
1245753, 0
1112534, 0
1210498, 0
862781, 0
559946, 0
862992, 0
1100425, 0
1183464, 0
1042729, 0
755877, 0
1193097, 0
1183972, 0
981311, 0
862817, 0
10044, 0
867263, 0
867169, 0
1521089, 0
1009836, 0
973267, 0
1523267, 0
1520748, 0
865538, 0
1390164, 0
6074, 0
1187860, 0
1183671, 0
3334, 0
1519764, 0
972209, 0
985443, 0
1222280, 0
1517939, 0
607917, 0
1209637, 0
21618, 0
581000, 0
1191975, 0
1224275, 0
981545, 0
999484, 0
1045656, 0
1179697, 0
1193205, 0
699489, 0
1184771, 0
24721, 0
864930, 0
30788, 0
1185609, 0
310, 0
865735, 0
4759, 0
1205847, 0
20984, 0
1403906, 0
1180319, 0
867244, 0
1518576, 0
640776, 0
1184249, 0
1183197, 0
972539, 0
974558, 0
1520190, 0
1112432, 0
1095109, 0
2523, 0
1110989, 0
1604, 0
1207398, 0
8634, 0
1187224, 0
1183992, 0
1111341, 0
1859, 0
22708, 0
861876, 0
1206798, 0
1518979, 0
867283, 0
1113443, 0
1110899, 0
22542, 0
19253, 0
1184766, 0
631455, 0
1207052, 0
1045767, 0
1208463, 0
1187921, 0
1105939, 0
1222600, 0
1187745, 0
23870, 0
1212943, 0
1204723, 0
19184, 0
981381, 0
1017580, 0
1522999, 0
1210078, 0
972884, 0
1432, 0
4338, 0
757897, 0
1205973, 0
977436, 0
1238827, 0
1205605, 0
4590, 0
902, 0
8076, 0
1112669, 0
975388, 0
1212562, 0
1105932, 0
2547, 0
1211423, 0
1186658, 0
1186616, 0
1111363, 0
2493, 0
1212304, 0
1212517, 0
1325795, 0
1138, 0
1009005, 0
30080, 0
14326, 0
1184649, 0
1195758, 0
978908, 0
1520815, 0
1111277, 0
10728, 0
1217272, 0
21940, 0
1186296, 0
864924, 0
567200, 0
1110972, 0
1113108, 0
1203307, 0
1110923, 0
864597, 0
862890, 0
1203141, 0
1227835, 0
1185035, 0
1187377, 0
1185445, 0
16731, 0
10039, 0
632250, 0
1214919, 0
1364639, 0
2612, 0
1187776, 0
10706, 0
1220759, 0
1019552, 0
1183747, 0
866140, 0
23703, 0
1521723, 0
1018012, 0
998147, 0
652548, 0
1209021, 0
861964, 0
978994, 0
752679, 0
1184971, 0
1193905, 0
535, 0
866668, 0
1110891, 0
414, 0
1187497, 0
755065, 0
2529, 0
20601, 0
379, 0
1104461, 0
1197438, 0
1518368, 0
1944, 0
1185899, 0
976588, 0
1020029, 0
1186074, 0
1111895, 0
867833, 0
23804, 0
13175, 0
1080300, 0
28936, 0
703492, 0
1187427, 0
1096825, 0
623532, 0
1219078, 0
1225080, 0
1187642, 0
1437, 0
867265, 0
1209103, 0
1196079, 0
1236709, 0
631395, 0
1232313, 0
561301, 0
1185324, 0
1013704, 0
1185518, 0
867921, 0
2365, 0
1114009, 0
1223023, 0
1212045, 0
1227378, 0
864992, 0
865127, 0
aaaieinu, 0
1185051, 0
1199776, 0
29250, 0
1228803, 0
1700, 0
677295, 0
1103258, 0
1271990, 0
1204312, 0
1110851, 0
1519514, 0
1184061, 0
646821, 0
1202830, 0
5245, 0
1193707, 0
866065, 0
10729, 0
555791, 0
541908, 0
11421, 0
1184693, 0
1112842, 0
631423, 0
1100421, 0
977189, 0
1517261, 0
1183902, 0
1187055, 0
631334, 0
1010161, 0
1013563, 0
862706, 0
1183243, 0
1186592, 0
631500, 0
862930, 0
1110800, 0
1187353, 0
1519126, 0
1227951, 0
1111221, 0
621964, 0
806, 0
1185441, 0
1993, 0
1062, 0
1114151, 0
10275, 0
1018015, 0
864877, 0
1006884, 0
1205550, 0
865785, 0
1186140, 0
774357, 0
866155, 0
1521677, 0
867911, 0
10154, 0
1184740, 0
1009831, 0
5893, 0
1185078, 0
1212224, 0
23560, 0
600033, 0
1215252, 0
1212436, 0
19987, 0
865591, 0
1977567, 0
865325, 0
556417, 0
866030, 0
867873, 0
14023, 0
19736, 0
723385, 0
989644, 0
1002183, 0
1111577, 0
1111157, 0
1273576, 0
631304, 0
1187210, 0
1520239, 0
1521539, 0
1113137, 0
753905, 0
554038, 0
3432, 0
1191415, 0
1183908, 0
1100408, 0
13187, 0
1110970, 0
631556, 0
774797, 0
1184087, 0
999552, 0
1228319, 0
1181720, 0
1182878, 0
1521867, 0
1518756, 0
1521888, 0
1112105, 0
631303, 0
1198260, 0
1111112, 0
5921, 0
568005, 0
1187366, 0
1111457, 0
861617, 0
982666, 0
1282, 0
1076925, 0
976260, 0
631754, 0
861605, 0
1210090, 0
865151, 0
21013, 0
215, 0
867878, 0
1114076, 0
1518992, 0
1183068, 0
1522954, 0
558168, 0
1720, 0
1077045, 0
1009128, 0
867138, 0
1184862, 0
1183969, 0
1110780, 0
1110889, 0
1213901, 0
1521021, 0
1523210, 0
977376, 0
1519400, 0
1114119, 0
1184075, 0
862820, 0
972866, 0
1183585, 0
1184558, 0
21482, 0
1144, 0
1112503, 0
541938, 0
1080527, 0
1193390, 0
28632, 0
17599, 0
6856, 0
570657, 0
1213370, 0
1207213, 0
17674, 0
7275, 0
1113796, 0
12609, 0
1207813, 0
1516413, 0
867326, 0
1002224, 0
975664, 0
1183138, 0
30727, 0
867156, 0
867121, 0
1516693, 0
1223103, 0
865101, 0
1018136, 0
865911, 0
1521282, 0
1184447, 0
1213530, 0
1184886, 0
1104014, 0
866211, 0
865162, 0
2083, 0
1105138, 0
863707, 0
1517099, 0
1177935, 0
23167, 0
1205133, 0
862965, 0
1186434, 0
560836, 0
862932, 0
1002220, 0
631371, 0
10584, 0
9545, 0
1207194, 0
18462, 0
780894, 0
1325965, 0
865247, 0
653855, 0
1110573, 0
1112061, 0
1220344, 0
1147736, 0
1111940, 0
1113044, 0
15626, 0
22692, 0
1219708, 0
1101717, 0
865666, 0
1112032, 0
1112200, 0
1110622, 0
1518359, 0
1157227, 0
1207489, 0
977200, 0
982883, 0
1283081, 0
640315, 0
1187144, 0
1111022, 0
1519998, 0
561461, 0
1214689, 0
1183917, 0
975274, 0
973908, 0
1184586, 0
1187604, 0
1185843, 0
16287, 0
1402814, 0
1638, 0
973556, 0
977425, 0
647520, 0
546118, 0
1186257, 0
1519267, 0
21236, 0
1206989, 0
1113316, 0
1112753, 0
1111836, 0
357, 0
863692, 0
1075975, 0
1227230, 0
1187906, 0
753414, 0
1110861, 0
775448, 0
1779, 0
977410, 0
1212179, 0
19403, 0
1111193, 0
1018633, 0
1211359, 0
865462, 0
1205856, 0
1006256, 0
973894, 0
1190661, 0
865568, 0
2694, 0
1522620, 0
1187087, 0
1184965, 0
1100412, 0
571184, 0
1184295, 0
780370, 0
981208, 0
1078528, 0
1113063, 0
1194938, 0
1238814, 0
1516609, 0
1025022, 0
976008, 0
20812, 0
1212003, 0
975933, 0
865117, 0
557912, 0
aaaieism, 0
504543, 0
13001, 0
1185354, 0
1518467, 0
1186652, 0
1187026, 0
1206797, 0
1522774, 0
1080434, 0
5438, 0
989563, 0
1519936, 0
1186335, 0
1218287, 0
1215126, 0
1183978, 0
1521559, 0
643293, 0
1199122, 0
1205311, 0
543019, 0
1184625, 0
19127, 0
865927, 0
13827, 0
1185309, 0
865650, 0
865648, 0
631335, 0
1095030, 0
957, 0
8041, 0
1070737, 0
4652, 0
4076, 0
1046883, 0
1170750, 0
1184378, 0
1184032, 0
1114169, 0
1179864, 0
1080726, 0
1520765, 0
723393, 0
1206518, 0
861724, 0
1193806, 0
1221627, 0
1184074, 0
3942, 0
19946, 0
1184738, 0
624739, 0
861882, 0
1395974, 0
1192426, 0
1112793, 0
1186361, 0
251, 0
862669, 0
1183472, 0
574025, 0
1186046, 0
1216452, 0
1522096, 0
865433, 0
3782, 0
1183561, 0
1111380, 0
1113855, 0
1184943, 0
1183896, 0
2322, 0
31624, 0
1185598, 0
1210353, 0
1113622, 0
1209302, 0
1206223, 0
1016926, 0
985586, 0
769189, 0
1112383, 0
1002209, 0
1519183, 0
724972, 0
8352, 0
1209203, 0
16791, 0
13940, 0
1518570, 0
614444, 0
1214344, 0
1522292, 0
1275750, 0
1519158, 0
2279, 0
570822, 0
1184852, 0
18803, 0
22864, 0
1519014, 0
1196035, 0
1217437, 0
1110598, 0
865123, 0
958, 0
1112211, 0
1114305, 0
5878, 0
1519438, 0
1007770, 0
640163, 0
6820, 0
1521799, 0
1215995, 0
1185131, 0
961699, 0
641621, 0
1222624, 0
631422, 0
972046, 0
1519159, 0
1205485, 0
1186808, 0
510402, 0
1002207, 0
1187145, 0
29688, 0
1516260, 0
21467, 0
1184937, 0
1425, 0
1184602, 0
1210746, 0
1199809, 0
1189173, 0
1182175, 0
545756, 0
1185972, 0
752845, 0
1193216, 0
865533, 0
1181874, 0
684768, 0
864615, 0
1206967, 0
1178806, 0
20963, 0
3271, 0
1227910, 0
1180089, 0
1261874, 0
1208278, 0
979417, 0
4324, 0
1187569, 0
2459, 0
aaaieirp, 0
1042687, 0
1207477, 0
1516764, 0
1112048, 0
1101257, 0
1112280, 0
1185218, 0
1205598, 0
1184601, 0
1187394, 0
1111045, 0
23026, 0
1184944, 0
1147665, 0
21309, 0
1076992, 0
1227289, 0
1238805, 0
1112628, 0
1112377, 0
989608, 0
1114043, 0
1113433, 0
862990, 0
12436, 0
631531, 0
14226, 0
862910, 0
1522267, 0
1112681, 0
20139, 0
30707, 0
944271, 0
1205144, 0
1193170, 0
1238793, 0
1188305, 0
1080537, 0
1521618, 0
1193113, 0
1187856, 0
1519691, 0
23252, 0
639675, 0
1112142, 0
1113213, 0
1608, 0
1110944, 0
10661, 0
2103, 0
601952, 0
1183692, 0
1776, 0
1187476, 0
1522717, 0
21848, 0
1059264, 0
1018013, 0
1198991, 0
1111264, 0
2381, 0
1200470, 0
10611, 0
1147523, 0
866024, 0
573471, 0
22961, 0
1206985, 0
1187465, 0
1179860, 0
687205, 0
1519834, 0
1183925, 0
1185943, 0
1183631, 0
865518, 0
1184204, 0
1517761, 0
998982, 0
1185386, 0
972044, 0
1521291, 0
6067, 0
1518247, 0
31451, 0
1102981, 0
1187315, 0
27508, 0
1065540, 0
1110904, 0
19306, 0
1111844, 0
1111122, 0
983581, 0
1219772, 0
973066, 0
1183291, 0
1076820, 0
1112553, 0
6299, 0
1228158, 0
1113807, 0
258, 0
1520172, 0
12730, 0
542, 0
aaaieizx, 0
867204, 0
1185619, 0
1185086, 0
862362, 0
1187605, 0
2647018, 0
862371, 0
865041, 0
631576, 0
15833, 0
776741, 0
10735, 0
1007854, 0
1044, 0
1521044, 0
1009494, 0
1197808, 0
984713, 0
1444811, 0
1186129, 0
19202, 0
1187596, 0
1180674, 0
1214809, 0
978662, 0
1018646, 0
1077228, 0
3538, 0
1196216, 0
976030, 0
777760, 0
1210663, 0
2352, 0
1234, 0
1206634, 0
1246132, 0
1187510, 0
1183468, 0
15694, 0
1184275, 0
979420, 0
1113287, 0
1188029, 0
1188761, 0
1096954, 0
19764, 0
865660, 0
1112754, 0
861505, 0
867127, 0
769004, 0
2292, 0
1187891, 0
1110668, 0
1729, 0
862367, 0
1209278, 0
13929, 0
1211411, 0
1112177, 0
1186360, 0
1113016, 0
1178984, 0
18828, 0
608555, 0
20889, 0
1113777, 0
975291, 0
1184167, 0
1183086, 0
921, 0
1435808, 0
554003, 0
21895, 0
1516383, 0
948, 0
998979, 0
1184256, 0
998893, 0
1214123, 0
677715, 0
865278, 0
2403, 0
1194181, 0
635460, 0
850910, 0
1229183, 0
1197596, 0
973892, 0
1185620, 0
865862, 0
1522329, 0
1520453, 0
1186510, 0
864734, 0
1184822, 0
865164, 0
1205631, 0
1206341, 0
1516504, 0
1329459, 0
16501, 0
24201, 0
1519031, 0
1221446, 0
1520515, 0
1112516, 0
1183124, 0
1218741, 0
1245828, 0
1017566, 0
10600, 0
28905, 0
1099619, 0
999389, 0
15103, 0
14026, 0
23037, 0
1111031, 0
1184807, 0
1748, 0
8373, 0
623646, 0
864618, 0
1191460, 0
683953, 0
6739, 0
30444, 0
975786, 0
1183309, 0
14105, 0
1114107, 0
1112338, 0
973142, 0
1186379, 0
1522734, 0
1016821, 0
865713, 0
1186902, 0
1198726, 0
1521521, 0
1206163, 0
24723, 0
1333536, 0
1205167, 0
1186997, 0
1518490, 0
1113187, 0
505341, 0
2280, 0
866012, 0
10624, 0
1188514, 0
1018081, 0
510611, 0
1183680, 0
639445, 0
976320, 0
1184065, 0
865406, 0
1187970, 0
1113487, 0
753397, 0
865252, 0
1187620, 0
1206064, 0
1105827, 0
1112159, 0
7173, 0
1187696, 0
1521548, 0
1045596, 0
1522797, 0
1206686, 0
4828, 0
1211477, 0
1111079, 0
570457, 0
2417, 0
1214197, 0
759730, 0
1211393, 0
1516644, 0
1080603, 0
1110968, 0
1177997, 0
1517397, 0
1517350, 0
961696, 0
1247081, 0
1185443, 0
561687, 0
862951, 0
3539, 0
1183803, 0
754207, 0
1556, 0
977224, 0
864965, 0
1100429, 0
636619, 0
1215441, 0
1185006, 0
631310, 0
975333, 0
1187212, 0
1537768, 0
1008726, 0
13161, 0
863742, 0
1184607, 0
1017542, 0
961713, 0
504468, 0
989569, 0
756908, 0
1214544, 0
1110793, 0
862976, 0
1523242, 0
1111945, 0
1157313, 0
1211476, 0
1521845, 0
1523222, 0
1520148, 0
1009650, 0
1113070, 0
1521728, 0
1186316, 0
975880, 0
1179168, 0
1217756, 0
976341, 0
10038, 0
864755, 0
1113693, 0
1186574, 0
1111673, 0
976830, 0
531184, 0
1520808, 0
1112275, 0
1518069, 0
2303, 0
1521399, 0
1519872, 0
11775, 0
1405146, 0
22862, 0
973314, 0
1198979, 0
13613, 0
865600, 0
1520930, 0
1006246, 0
1180804, 0
11568, 0
1187243, 0
1018638, 0
1324516, 0
1186011, 0
11953, 0
1520510, 0
1227207, 0
1110685, 0
1112657, 0
1183897, 0
1225033, 0
1043067, 0
31208, 0
973109, 0
1112567, 0
1210972, 0
1194271, 0
756393, 0
631386, 0
1114035, 0
972623, 0
865746, 0
1183255, 0
865339, 0
780412, 0
1100784, 0
567580, 0
17745, 0
1189338, 0
1184876, 0
7971, 0
1207063, 0
682, 0
864948, 0
1521567, 0
643409, 0
1009592, 0
1112422, 0
1518785, 0
21893, 0
1184850, 0
867928, 0
866223, 0
1209719, 0
1222604, 0
683972, 0
17849, 0
975883, 0
1187437, 0
1190964, 0
1516486, 0
865519, 0
1516635, 0
999076, 0
1186785, 0
1018074, 0
1431, 0
1208452, 0
864921, 0
18529, 0
1147615, 0
554971, 0
1246635, 0
1518344, 0
1207153, 0
865967, 0
1328703, 0
1232373, 0
21498, 0
1113410, 0
1043129, 0
2720358, 0
1232246, 0
1111394, 0
887677, 0
1111691, 0
1018063, 0
1111796, 0
862699, 0
862717, 0
861915, 0
1520511, 0
1227030, 0
1111000, 0
24412, 0
1206992, 0
23352, 0
1084771, 0
1517440, 0
1181597, 0
1521990, 0
20040, 0
30794, 0
1187606, 0
1185378, 0
5302, 0
1183155, 0
1100778, 0
631555, 0
2646972, 0
861931, 0
10753, 0
10270, 0
13035, 0
867787, 0
867313, 0
704967, 0
1218898, 0
1520076, 0
865429, 0
22394, 0
1186709, 0
1518487, 0
1198511, 0
1110786, 0
1112759, 0
1111392, 0
30052, 0
1111446, 0
1522660, 0
3778, 0
1077708, 0
962066, 0
30496, 0
989594, 0
1113755, 0
30863, 0
1008631, 0
1111177, 0
16246, 0
561947, 0
1181468, 0
1183818, 0
1207890, 0
1518336, 0
23, 0
972048, 0
972635, 0
1197580, 0
1385922, 0
994, 0
862933, 0
20029, 0
1112060, 0
1522573, 0
15805, 0
10756, 0
1207458, 0
1186064, 0
1018734, 0
999576, 0
1046855, 0
1018635, 0
865128, 0
1519024, 0
983598, 0
27853, 0
1075904, 0
1523085, 0
862363, 0
1183344, 0
1206955, 0
371, 0
861918, 0
867867, 0
1111113, 0
1209129, 0
6192, 0
1186645, 0
19259, 0
1111360, 0
721077, 0
1120724, 0
1519983, 0
aaaieioy, 0
1516667, 0
1183706, 0
1111321, 0
1198961, 0
1245366, 0
342, 0
1245371, 0
1070713, 0
1111144, 0
1104718, 0
1207810, 0
21469, 0
867270, 0
1521896, 0
2183, 0
1010071, 0
642787, 0
865749, 0
4079, 0
1209191, 0
22537, 0
1185115, 0
1184759, 0
1193879, 0
1112056, 0
1192912, 0
1187266, 0
1329932, 0
1184431, 0
1518636, 0
863737, 0
12083, 0
1523140, 0
1004756, 0
867751, 0
1213898, 0
1103613, 0
20581, 0
1094654, 0
1070242, 0
766692, 0
1111837, 0
18293, 0
864939, 0
1112057, 0
1187138, 0
1516440, 0
1205753, 0
1187563, 0
1184105, 0
1024044, 0
984544, 0
1186596, 0
772918, 0
1101823, 0
1214129, 0
974631, 0
31456, 0
1111005, 0
1114010, 0
1112428, 0
972455, 0
21975, 0
865899, 0
865114, 0
aaaiejag, 0
30865, 0
977590, 0
1112344, 0
1185958, 0
1205585, 0
505599, 0
1209116, 0
15868, 0
1112622, 0
974708, 0
27192, 0
1110568, 0
aaaieirw, 0
867862, 0
1202074, 0
1209227, 0
1016880, 0
16181, 0
1184281, 0
1207764, 0
862860, 0
1113091, 0
1172462, 0
13033, 0
31337, 0
1246989, 0
1516700, 0
1111465, 0
631503, 0
604313, 0
1211, 0
1214323, 0
1002184, 0
865929, 0
1520540, 0
983539, 0
1112663, 0
2165, 0
1184620, 0
1110565, 0
5549, 0
1094990, 0
1183582, 0
548, 0
2232277, 0
21418, 0
33365, 0
865812, 0
1228310, 0
3183, 0
1066609, 0
669364, 0
9705, 0
865696, 0
1030618, 0
7243, 0
23657, 0
1518805, 0
6073, 0
1110884, 0
1214438, 0
1111143, 0
1110940, 0
29252, 0
9721, 0
2532, 0
531, 0
1075933, 0
1190845, 0
1187800, 0
21515, 0
1112645, 0
10356, 0
1211954, 0
1214804, 0
22060, 0
31056, 0
1125186, 0
2034795, 0
1518578, 0
2012, 0
972949, 0
1023128, 0
4950, 0
1185361, 0
1187226, 0
961720, 0
1009543, 0
1110874, 0
1184820, 0
505780, 0
1184400, 0
861929, 0
1521476, 0
1112194, 0
1227929, 0
1521341, 0
36248, 0
24116, 0
971733, 0
1206774, 0
980058, 0
648, 0
510486, 0
1206702, 0
1216635, 0
864794, 0
1187726, 0
12603, 0
505683, 0
1194289, 0
1209093, 0
863665, 0
1183540, 0
16293, 0
1186799, 0
1208067, 0
1193646, 0
1521141, 0
1192585, 0
862797, 0
1519082, 0
2121, 0
30615, 0
22350, 0
631487, 0
1327509, 0
771387, 0
727445, 0
1184977, 0
31317, 0
977391, 0
23499, 0
864672, 0
1209892, 0
1112204, 0
51, 0
989520, 0
1103898, 0
669307, 0
1112227, 0
1184331, 0
1186236, 0
554769, 0
865258, 0
1008630, 0
1069774, 0
541473, 0
11718, 0
662609, 0
18845, 0
983604, 0
16719, 0
1185428, 0
560328, 0
1100398, 0
1114046, 0
1213850, 0
30373, 0
865964, 0
867338, 0
1520392, 0
1184007, 0
865484, 0
1113269, 0
1211296, 0
979939, 0
977579, 0
1516760, 0
864876, 0
1187342, 0
753815, 0
974832, 0
1212692, 0
1110769, 0
20427, 0
4788, 0
976060, 0
863660, 0
1187340, 0
1184758, 0
1112123, 0
1078410, 0
1112013, 0
13436, 0
2469, 0
557397, 0
1185924, 0
1072041, 0
3909, 0
555464, 0
1520056, 0
1227836, 0
962076, 0
1186018, 0
1182890, 0
977412, 0
1111098, 0
1207219, 0
864613, 0
1517905, 0
39008, 0
1520844, 0
1646, 0
1112620, 0
1522132, 0
1517270, 0
1057084, 0
1094009, 0
866221, 0
1517520, 0
570354, 0
1192498, 0
1112260, 0
21587, 0
983427, 0
1228305, 0
1226264, 0
1518318, 0
864768, 0
1113853, 0
2263, 0
1193090, 0
1184156, 0
1179521, 0
1185314, 0
978802, 0
9203, 0
1516390, 0
710, 0
985585, 0
631394, 0
865351, 0
983429, 0
2763000, 0
1191189, 0
864642, 0
864925, 0
1184251, 0
861651, 0
1522086, 0
1375270, 0
636698, 0
1183146, 0
850371, 0
1214146, 0
1247483, 0
1189150, 0
1521577, 0
865505, 0
1518903, 0
1200302, 0
600257, 0
1214233, 0
1206041, 0
1186694, 0
999047, 0
17188, 0
1025509, 0
1183840, 0
1112059, 0
864983, 0
1110649, 0
754846, 0
1187922, 0
1205945, 0
1517551, 0
1212086, 0
1405126, 0
1186154, 0
631564, 0
865907, 0
1163946, 0
867179, 0
973232, 0
1519441, 0
1112895, 0
1112998, 0
1179679, 0
1184686, 0
1183636, 0
631466, 0
20089, 0
864840, 0
1400462, 0
769359, 0
1183419, 0
1218686, 0
1184399, 0
1113179, 0
25275, 0
1232394, 0
1207, 0
784, 0
20011, 0
757873, 0
1189199, 0
21009, 0
865736, 0
989584, 0
568769, 0
1183800, 0
980946, 0
1184456, 0
1111131, 0
15727, 0
1113344, 0
1187334, 0
1211495, 0
1254, 0
2080, 0
2763860, 0
1227325, 0
1111486, 0
1113927, 0
631574, 0
1187203, 0
20111, 0
2134, 0
1075911, 0
2765, 0
1521210, 0
631377, 0
614455, 0
867874, 0
1525464, 0
27832, 0
7114, 0
4446, 0
754302, 0
1043122, 0
3158, 0
22524, 0
866225, 0
1110916, 0
568106, 0
20066, 0
1100414, 0
21861, 0
504103, 0
1112933, 0
1114039, 0
1076633, 0
1112078, 0
1009540, 0
1069288, 0
1518549, 0
1183934, 0
1110934, 0
989544, 0
1911, 0
1522354, 0
1189666, 0
1184131, 0
1517734, 0
1110654, 0
865038, 0
1186615, 0
1212598, 0
865999, 0
1188905, 0
973446, 0
561561, 0
1104382, 0
1206511, 0
1207075, 0
759951, 0
1186136, 0
865115, 0
505552, 0
672292, 0
756175, 0
1112464, 0
1183430, 0
867767, 0
291, 0
862661, 0
1188681, 0
1184208, 0
862837, 0
12719, 0
1519349, 0
1205282, 0
1189147, 0
1522827, 0
29168, 0
961678, 0
975284, 0
867242, 0
1206047, 0
1522754, 0
1206839, 0
977537, 0
1183129, 0
976147, 0
1518329, 0
998897, 0
3884, 0
1211256, 0
28980, 0
1218702, 0
1102430, 0
1222117, 0
978796, 0
980942, 0
1517521, 0
1112191, 0
864878, 0
1110600, 0
557133, 0
1094958, 0
1193255, 0
1522327, 0
975322, 0
1183698, 0
5548, 0
1113709, 0
1516762, 0
979260, 0
1520952, 0
864769, 0
1521843, 0
1184580, 0
1193737, 0
1207285, 0
1184202, 0
867181, 0
510746, 0
1520482, 0
1113670, 0
23021, 0
1571, 0
1238859, 0
1207069, 0
1206748, 0
1114154, 0
29399, 0
983602, 0
862738, 0
1112323, 0
28988, 0
903, 0
1113908, 0
4563, 0
1187947, 0
1520792, 0
1111944, 0
1206667, 0
1113450, 0
1009130, 0
22786, 0
1209098, 0
866119, 0
1079871, 0
864608, 0
631331, 0
1184953, 0
756148, 0
11364, 0
21370, 0
29505, 0
13100, 0
1184579, 0
1187598, 0
999292, 0
1517122, 0
1184361, 0
540679, 0
1008376, 0
1113607, 0
1112980, 0
631504, 0
975801, 0
1208911, 0
1186164, 0
1184752, 0
1154711, 0
2154, 0
1208139, 0
1038, 0
1201362, 0
977381, 0
865158, 0
1516571, 0
1518622, 0
1184076, 0
631495, 0
974739, 0
1014379, 0
2470, 0
1183939, 0
1224316, 0
1206768, 0
972961, 0
972422, 0
631398, 0
3448, 0
985297, 0
16464, 0
20958, 0
15635, 0
1106351, 0
21910, 0
1331549, 0
1043124, 0
1184097, 0
864960, 0
867177, 0
aaaieisa, 0
865019, 0
1192934, 0
1184403, 0
1207929, 0
867252, 0
983126, 0
1522610, 0
23372, 0
975134, 0
1220342, 0
20566, 0
863736, 0
1520913, 0
1111778, 0
14254, 0
1757, 0
571059, 0
1196384, 0
1201980, 0
1183712, 0
1208491, 0
1147674, 0
1522084, 0
558749, 0
2017, 0
861616, 0
1110632, 0
864903, 0
2852, 0
1018043, 0
1103284, 0
20572, 0
20325, 0
1207762, 0
20898, 0
1112930, 0
984629, 0
1211363, 0
629476, 0
503, 0
1186328, 0
974617, 0
22875, 0
864922, 0
1207916, 0
982245, 0
864970, 0
756442, 0
7331, 0
1183623, 0
1206680, 0
1232424, 0
571056, 0
1208559, 0
975521, 0
1205661, 0
989512, 0
1105917, 0
16313, 0
865214, 0
1205844, 0
1183449, 0
14607, 0
1960, 0
865787, 0
10024, 0
1222646, 0
6527, 0
457, 0
977374, 0
1112237, 0
1013705, 0
1184855, 0
546200, 0
1246754, 0
865238, 0
1113740, 0
636599, 0
865142, 0
558206, 0
631509, 0
1520741, 0
10884, 0
570798, 0
1186627, 0
1517639, 0
1210118, 0
866005, 0
1214819, 0
1096779, 0
1112122, 0
1214616, 0
979045, 0
771055, 0
1187539, 0
2226987, 0
1183498, 0
1112427, 0
4363, 0
673171, 0
1523311, 0
1519369, 0
1018643, 0
1518210, 0
581301, 0
1519654, 0
1183156, 0
1227824, 0
18829, 0
1519033, 0
973653, 0
571126, 0
979424, 0
984784, 0
2293, 0
1192110, 0
1209902, 0
981662, 0
1184286, 0
1059, 0
999188, 0
1110614, 0
1213330, 0
1213204, 0
699888, 0
504540, 0
1111189, 0
1185710, 0
1185136, 0
1517800, 0
1246686, 0
1211214, 0
866142, 0
1078601, 0
1185001, 0
1190026, 0
1540, 0
559730, 0
1210699, 0
1206911, 0
1013531, 0
1185162, 0
977393, 0
862859, 0
1209429, 0
1192664, 0
1112189, 0
1111891, 0
694868, 0
866004, 0
5124, 0
928, 0
1265, 0
1189135, 0
972275, 0
13590, 0
974452, 0
3910, 0
1209556, 0
977575, 0
1187111, 0
867234, 0
1516717, 0
867164, 0
1246122, 0
1205886, 0
14150, 0
631696, 0
1518671, 0
690667, 0
972327, 0
1186955, 0
1190850, 0
862841, 0
574239, 0
1520704, 0
21683, 0
774582, 0
978532, 0
672702, 0
1194643, 0
1184242, 0
20017, 0
672653, 0
862558, 0
1100442, 0
1100771, 0
1111119, 0
865602, 0
1099824, 0
1207597, 0
14039, 0
1204728, 0
1211420, 0
16722, 0
1232422, 0
997585, 0
1009048, 0
1516482, 0
1078969, 0
31339, 0
972827, 0
6110, 0
1013702, 0
1113177, 0
865240, 0
864977, 0
1113025, 0
580541, 0
30817, 0
1194230, 0
1018628, 0
20225, 0
1183405, 0
1214141, 0
1038879, 0
865338, 0
999189, 0
1177906, 0
30440, 0
22344, 0
1016874, 0
1224794, 0
999469, 0
22095, 0
10191, 0
529, 0
971914, 0
1697, 0
998890, 0
865752, 0
867813, 0
978560, 0
1186941, 0
1747, 0
1185618, 0
19145, 0
1113747, 0
1522254, 0
631381, 0
3663, 0
1519008, 0
1519635, 0
558598, 0
640274, 0
1187850, 0
1193450, 0
1520110, 0
2663, 0
1113920, 0
684127, 0
558131, 0
1202854, 0
1181425, 0
1186005, 0
1184682, 0
1183393, 0
1202254, 0
1186137, 0
20620, 0
aaaieivk, 0
1110655, 0
1522114, 0
985556, 0
768110, 0
1093, 0
8020, 0
866291, 0
776215, 0
631436, 0
1208981, 0
1522476, 0
1183916, 0
250, 0
1518306, 0
1016846, 0
1195848, 0
1210733, 0
1182706, 0
866016, 0
1110687, 0
769006, 0
1186793, 0
1206282, 0
1184785, 0
1518659, 0
1199872, 0
1187436, 0
768450, 0
1522056, 0
1193259, 0
1519062, 0
10654, 0
1197434, 0
1183480, 0
864789, 0
1186771, 0
867846, 0
1105918, 0
1111199, 0
1024046, 0
1111471, 0
1517368, 0
568430, 0
30517, 0
1520538, 0
1114101, 0
1002219, 0
18977, 0
1193092, 0
1212188, 0
1079517, 0
1184961, 0
1209468, 0
541376, 0
10023, 0
1213965, 0
976972, 0
1520551, 0
1183586, 0
2219176, 0
21186, 0
1210575, 0
1220366, 0
26739, 0
504573, 0
1184986, 0
1522301, 0
1091384, 0
653337, 0
1520823, 0
1201730, 0
2775197, 0
975057, 0
766402, 0
24507, 0
7787, 0
865522, 0
1520089, 0
1521788, 0
17682, 0
982663, 0
1111279, 0
1208468, 0
571124, 0
1114188, 0
1395193, 0
1185183, 0
1234665, 0
1206445, 0
1001785, 0
649213, 0
975421, 0
1013708, 0
999068, 0
1113542, 0
976185, 0
14565, 0
1518286, 0
560878, 0
1184592, 0
568891, 0
1192102, 0
1518369, 0
861950, 0
867779, 0
1072653, 0
1111787, 0
1178710, 0
1522440, 0
823, 0
1184926, 0
867422, 0
1519488, 0
866227, 0
510570, 0
1185190, 0
982724, 0
1072399, 0
1222648, 0
30816, 0
1181705, 0
1212872, 0
1008490, 0
1202185, 0
1103420, 0
1183323, 0
1025192, 0
974059, 0
1521556, 0
984722, 0
1367, 0
862789, 0
977100, 0
22725, 0
1326175, 0
866047, 0
1206844, 0
976311, 0
780462, 0
865178, 0
769211, 0
1094258, 0
601193, 0
1200708, 0
1185925, 0
1112309, 0
1113832, 0
1228067, 0
1522067, 0
30858, 0
1184837, 0
989532, 0
1184225, 0
10674, 0
755882, 0
1269, 0
1187859, 0
30134, 0
1111303, 0
1187006, 0
1184224, 0
1854, 0
1517942, 0
1113409, 0
1228663, 0
1226639, 0
773423, 0
5385, 0
1518013, 0
1110680, 0
1007693, 0
1013797, 0
1206517, 0
722819, 0
1114033, 0
1110789, 0
1016886, 0
1095507, 0
25053, 0
1245426, 0
4602, 0
865711, 0
862340, 0
20484, 0
985283, 0
1188059, 0
976151, 0
1183843, 0
1209965, 0
865888, 0
aaaiejbq, 0
1521656, 0
1114138, 0
570806, 0
1111717, 0
1187783, 0
1185396, 0
559926, 0
1110672, 0
2316, 0
1113861, 0
961716, 0
1075902, 0
1110602, 0
1094072, 0
12778, 0
861965, 0
1224666, 0
2179, 0
1183166, 0
22184, 0
770501, 0
1222654, 0
1110836, 0
1205743, 0
1012670, 0
30252, 0
871, 0
1096937, 0
608016, 0
1522582, 0
1113833, 0
861873, 0
1520901, 0
971661, 0
292, 0
12793, 0
556353, 0
570436, 0
1110673, 0
14037, 0
10731, 0
2748, 0
1193571, 0
999396, 0
9191, 0
1186591, 0
1210576, 0
636297, 0
1516271, 0
1780, 0
19820, 0
12594, 0
1071877, 0
973535, 0
1187676, 0
774361, 0
1184893, 0
1110611, 0
1518653, 0
1186168, 0
973646, 0
1099685, 0
776168, 0
1218739, 0
1184352, 0
1223640, 0
982780, 0
162, 0
1519878, 0
1181579, 0
6996, 0
631464, 0
1112583, 0
1111501, 0
1224930, 0
1206982, 0
30545, 0
1194983, 0
19863, 0
1187202, 0
1519867, 0
38194, 0
27528, 0
1018142, 0
1111263, 0
1079023, 0
1187661, 0
1517474, 0
1245768, 0
861644, 0
1184824, 0
1519260, 0
3887, 0
631362, 0
1194407, 0
866206, 0
1186238, 0
999208, 0
631337, 0
1232419, 0
561543, 0
1517301, 0
865229, 0
982880, 0
1219459, 0
1518540, 0
1219071, 0
726709, 0
1184556, 0
1110935, 0
984048, 0
1112124, 0
2265, 0
978526, 0
1188025, 0
1187460, 0
1185054, 0
1183701, 0
1080670, 0
6037, 0
1187492, 0
1463, 0
1191061, 0
1184516, 0
20768, 0
1516850, 0
755635, 0
861664, 0
1187269, 0
1521478, 0
556257, 0
1517648, 0
977310, 0
8396, 0
aaaieiox, 0
1096919, 0
30889, 0
1518500, 0
1076711, 0
1187845, 0
1206714, 0
2269, 0
1187352, 0
aaaieiqc, 0
1187049, 0
12129, 0
1226914, 0
862758, 0
2162, 0
924128, 0
6372, 0
9, 0
734925, 0
1522066, 0
780786, 0
865334, 0
2233053, 0
1784, 0
14378, 0
2250, 0
977997, 0
1189224, 0
1183137, 0
1193426, 0
1213996, 0
582295, 0
570285, 0
1520975, 0
1222078, 0
865147, 0
1111401, 0
979963, 0
1110698, 0
3951, 0
753384, 0
1516327, 0
646824, 0
861888, 0
1111851, 0
1187039, 0
973256, 0
1184499, 0
1183170, 0
976426, 0
2006, 0
1522487, 0
4474, 0
1187463, 0
1203436, 0
973278, 0
1209720, 0
1110910, 0
1111287, 0
1200087, 0
866017, 0
1215073, 0
972985, 0
984357, 0
865364, 0
989537, 0
1185559, 0
1517969, 0
1183821, 0
21343, 0
16268, 0
560894, 0
1186338, 0
1207934, 0
13866, 0
23268, 0
2384, 0
978538, 0
18626, 0
1002221, 0
653429, 0
961663, 0
1209846, 0
21883, 0
862885, 0
1096932, 0
1184890, 0
557903, 0
1523150, 0
21857, 0
1226030, 0
1519706, 0
1069296, 0
862953, 0
772590, 0
1113319, 0
1216342, 0
31184, 0
862863, 0
1186673, 0
1183463, 0
1009006, 0
976592, 0
1198476, 0
1187747, 0
1112339, 0
865027, 0
6860, 0
4396, 0
867881, 0
570591, 0
1076445, 0
1185058, 0
1232235, 0
23453, 0
21616, 0
1186965, 0
19852, 0
861667, 0
1183532, 0
1187216, 0
1192517, 0
6115, 0
1213460, 0
1210313, 0
631336, 0
1245736, 0
19944, 0
1516465, 0
1013524, 0
631339, 0
1519131, 0
1100413, 0
397, 0
867847, 0
22263, 0
722913, 0
1523312, 0
1111149, 0
961683, 0
862938, 0
22372, 0
1205934, 0
631572, 0
1111109, 0
1185193, 0
1110582, 0
1112180, 0
1185014, 0
978805, 0
862660, 0
867207, 0
1187529, 0
1024068, 0
1185267, 0
1185401, 0
1016851, 0
1192619, 0
441, 0
1187542, 0
1112062, 0
640551, 0
867829, 0
1186589, 0
973089, 0
1187650, 0
1346622, 0
1186452, 0
1183775, 0
1184736, 0
558895, 0
14266, 0
13031, 0
1516516, 0
1187890, 0
978851, 0
1209047, 0
1111082, 0
755634, 0
1518717, 0
864651, 0
613402, 0
1522021, 0
984240, 0
1008985, 0
21074, 0
1111739, 0
973979, 0
1070837, 0
1114134, 0
1113343, 0
22762, 0
1111043, 0
31403, 0
1184332, 0
1183786, 0
1100391, 0
1516601, 0
1232269, 0
1261252, 0
aaaiejcz, 0
1110688, 0
1113710, 0
680077, 0
20344, 0
567486, 0
1189310, 0
729050, 0
1111738, 0
1011031, 0
1212967, 0
2199, 0
999298, 0
1185265, 0
1214924, 0
1111969, 0
1214304, 0
973447, 0
17260, 0
1207118, 0
20465, 0
1520122, 0
1187858, 0
1113538, 0
771384, 0
1688, 0
29665, 0
1111419, 0
864671, 0
1206736, 0
14305, 0
769396, 0
1184573, 0
989568, 0
1520970, 0
1187520, 0
1191059, 0
1188015, 0
1266, 0
21263, 0
1225195, 0
865504, 0
1103791, 0
1227676, 0
1520275, 0
1218345, 0
1516967, 0
1020663, 0
866471, 0
1080865, 0
976339, 0
768523, 0
1180689, 0
1184112, 0
1213040, 0
1207891, 0
510404, 0
1187603, 0
14070, 0
1013555, 0
1517333, 0
1111087, 0
979285, 0
1521685, 0
1071690, 0
11571, 0
1184137, 0
1518804, 0
1186334, 0
1280, 0
1260244, 0
7396, 0
1111475, 0
998358, 0
569957, 0
1110941, 0
21628, 0
1205912, 0
1110962, 0
631313, 0
865917, 0
1110981, 0
866690, 0
1111493, 0
608162, 0
1522631, 0
18310, 0
1523232, 0
31057, 0
1111977, 0
1187729, 0
867918, 0
28167, 0
19353, 0
1110590, 0
9964, 0
18451, 0
1185447, 0
1519815, 0
1186243, 0
1112982, 0
1113668, 0
1212670, 0
34976, 0
555961, 0
33216, 0
20628, 0
159, 0
1112607, 0
542728, 0
1178472, 0
979434, 0
979423, 0
1111034, 0
1193894, 0
1516991, 0
1186551, 0
1214280, 0
41331, 0
1208058, 0
1517855, 0
861598, 0
702, 0
1207874, 0
1516421, 0
3050, 0
1216430, 0
1112058, 0
867217, 0
1186321, 0
1518337, 0
1001826, 0
981386, 0
1013733, 0
27691, 0
1143703, 0
1183802, 0
1980, 0
1184909, 0
1111451, 0
1184070, 0
631546, 0
11533, 0
1211871, 0
1521966, 0
1185977, 0
1201511, 0
567185, 0
17838, 0
1039365, 0
11652, 0
1203320, 0
1187821, 0
864654, 0
984549, 0
1219924, 0
631430, 0
1106307, 0
1184130, 0
961695, 0
865470, 0
1094670, 0
1009748, 0
1517570, 0
25428, 0
862370, 0
1207473, 0
1516299, 0
1522214, 0
aaaieipl, 0
1112101, 0
1185424, 0
23171, 0
768465, 0
1111549, 0
1518545, 0
1186309, 0
1192816, 0
1184748, 0
1112002, 0
1120777, 0
772189, 0
1222650, 0
505629, 0
1422, 0
1207082, 0
1113500, 0
1181558, 0
864667, 0
20328, 0
1046890, 0
5408, 0
1198863, 0
1009220, 0
1185371, 0
865810, 0
1077016, 0
1111455, 0
1210089, 0
1112368, 0
997618, 0
21360, 0
998365, 0
1521637, 0
1226322, 0
862881, 0
1110902, 0
866297, 0
1191578, 0
30592, 0
867225, 0
755375, 0
557684, 0
21067, 0
1205571, 0
774583, 0
1183301, 0
801, 0
1183191, 0
1187101, 0
867798, 0
29342, 0
581805, 0
622990, 0
1154487, 0
1110917, 0
1205671, 0
1521866, 0
961651, 0
1186028, 0
1072544, 0
1519887, 0
1112407, 0
977566, 0
1087513, 0
1009548, 0
1210178, 0
13799, 0
1185429, 0
1210989, 0
1077380, 0
977360, 0
1519799, 0
1113578, 0
1211478, 0
1215544, 0
1110937, 0
1521910, 0
13925, 0
1186392, 0
866037, 0
772790, 0
1222613, 0
1187762, 0
1412, 0
1185248, 0
864696, 0
1208254, 0
1196998, 0
1207915, 0
1517075, 0
1184072, 0
1227861, 0
1519678, 0
979910, 0
1184830, 0
30595, 0
1209346, 0
1185089, 0
2232147, 0
1517635, 0
1209812, 0
1111281, 0
1226325, 0
973285, 0
20499, 0
1186852, 0
1099923, 0
561090, 0
977140, 0
1183842, 0
1187188, 0
1183877, 0
644092, 0
867293, 0
560544, 0
864717, 0
865374, 0
1110597, 0
1110776, 0
1112353, 0
1185693, 0
1194073, 0
1199736, 0
1518772, 0
1193316, 0
1516455, 0
867172, 0
982040, 0
1185052, 0
1201505, 0
1111090, 0
1522379, 0
865175, 0
1519386, 0
1623, 0
1188012, 0
916, 0
2564, 0
1262076, 0
1181886, 0
864976, 0
1520462, 0
30361, 0
973069, 0
1201221, 0
556424, 0
972945, 0
1009237, 0
1186026, 0
1094256, 0
1205850, 0
556242, 0
1184654, 0
29556, 0
862821, 0
22915, 0
40226, 0
1210533, 0
1010953, 0
1517132, 0
1519478, 0
1192140, 0
1520271, 0
1302, 0
1990, 0
1522145, 0
861941, 0
1213813, 0
1721, 0
1208719, 0
752683, 0
980053, 0
1112, 0
19778, 0
1077498, 0
1186656, 0
866166, 0
1184634, 0
1110805, 0
571, 0
1518469, 0
862879, 0
14049, 0
680654, 0
15317, 0
1184170, 0
961715, 0
2927, 0
977582, 0
1521011, 0
999550, 0
1202032, 0
1183037, 0
865437, 0
21031, 0
1072255, 0
975616, 0
1517243, 0
1184594, 0
5802, 0
862296, 0
23998, 0
1517318, 0
20520, 0
1111135, 0
5670, 0
1207869, 0
1190040, 0
1187270, 0
1214905, 0
1263, 0
961689, 0
23300, 0
1188004, 0
23341, 0
6799, 0
1100434, 0
24136, 0
2636, 0
985300, 0
1113226, 0
1016830, 0
1516757, 0
673247, 0
28069, 0
866160, 0
1110986, 0
1094090, 0
1193121, 0
973830, 0
3163, 0
983850, 0
973430, 0
4595, 0
867325, 0
1212367, 0
1187347, 0
1112129, 0
865028, 0
865309, 0
1200080, 0
1183909, 0
999072, 0
865335, 0
1194044, 0
1205636, 0
23425, 0
951, 0
10811, 0
863667, 0
504760, 0
30763, 0
865485, 0
1196318, 0
7554, 0
862920, 0
1013530, 0
1208486, 0
1111100, 0
8074, 0
4284, 0
2514, 0
1111983, 0
1183584, 0
866125, 0
1198942, 0
1018645, 0
1186957, 0
1516583, 0
1113945, 0
1516939, 0
1187417, 0
1013736, 0
1113141, 0
1519368, 0
861625, 0
1210727, 0
1080652, 0
560963, 0
1215433, 0
862752, 0
1184086, 0
1184448, 0
644259, 0
6008, 0
1184310, 0
1016876, 0
1183324, 0
1039154, 0
1184227, 0
973930, 0
973153, 0
787, 0
515, 0
1519580, 0
1215623, 0
18816, 0
1154470, 0
1520356, 0
1110980, 0
978882, 0
1179174, 0
1193078, 0
1202484, 0
133, 0
1112521, 0
1113030, 0
1112479, 0
1520699, 0
1110777, 0
2070, 0
1113975, 0
12094, 0
2098, 0
982007, 0
1001843, 0
684037, 0
1193819, 0
1207932, 0
1103724, 0
1522185, 0
2301, 0
865184, 0
7187, 0
1206130, 0
1186506, 0
863404, 0
1655, 0
1520991, 0
1101754, 0
865652, 0
975013, 0
20181, 0
30821, 0
9619, 0
1183453, 0
12615, 0
1113862, 0
5850, 0
1185960, 0
1202996, 0
866139, 0
1185, 0
1089, 0
1184047, 0
1211612, 0
1105109, 0
10280, 0
636273, 0
1194082, 0
1187085, 0
1355, 0
973786, 0
10904, 0
864791, 0
14968, 0
1112157, 0
1183462, 0
1227318, 0
1112921, 0
865948, 0
1194192, 0
757513, 0
1519163, 0
1009663, 0
975797, 0
996943, 0
1114173, 0
989590, 0
1079615, 0
20379, 0
1113118, 0
582028, 0
1185550, 0
754174, 0
1187213, 0
16271, 0
862695, 0
1523375, 0
1187416, 0
1196766, 0
1111632, 0
10179, 0
1225043, 0
1205767, 0
1062055, 0
1225744, 0
1210241, 0
1520207, 0
1080382, 0
1187392, 0
24285, 0
1111444, 0
1523128, 0
631507, 0
863740, 0
978536, 0
1045838, 0
14036, 0
16140, 0
972869, 0
1213233, 0
1210553, 0
18135, 0
1025013, 0
1183236, 0
1018088, 0
1114161, 0
24650, 0
1206414, 0
567210, 0
1207822, 0
1111468, 0
1518254, 0
21419, 0
1307, 0
1517113, 0
997599, 0
1185484, 0
1113741, 0
1111118, 0
2232275, 0
20820, 0
22638, 0
1111432, 0
1239192, 0
1184684, 0
1183687, 0
1112834, 0
865319, 0
1187651, 0
989559, 0
631703, 0
1178500, 0
1110880, 0
979419, 0
1247073, 0
30635, 0
707854, 0
621592, 0
17912, 0
1261, 0
1110660, 0
1111035, 0
1207215, 0
865000, 0
972640, 0
1516530, 0
568552, 0
867834, 0
1519547, 0
1234279, 0
1184319, 0
1192832, 0
867978, 0
1193521, 0
23287, 0
1190760, 0
631389, 0
1192799, 0
1187027, 0
1095224, 0
1179003, 0
1183697, 0
9472, 0
1210676, 0
100, 0
1199262, 0
1018135, 0
768990, 0
1187355, 0
13172, 0
1111150, 0
865988, 0
1210645, 0
1113523, 0
1209659, 0
1516809, 0
981539, 0
1520140, 0
1181682, 0
1205758, 0
1009459, 0
1153, 0
1113159, 0
504715, 0
27625, 0
867115, 0
1520168, 0
14921, 0
1184715, 0
1206407, 0
1111483, 0
1007991, 0
861936, 0
1114111, 0
1211542, 0
1184547, 0
558752, 0
1521852, 0
1184090, 0
1183607, 0
862746, 0
1520449, 0
998761, 0
1038783, 0
1042667, 0
1110681, 0
1218983, 0
aaaiejep, 0
1009894, 0
1226036, 0
865020, 0
1522558, 0
30443, 0
1006112, 0
570231, 0
2311, 0
1517057, 0
861947, 0
1246371, 0
1183562, 0
510113, 0
20012, 0
1110589, 0
570377, 0
1521769, 0
541640, 0
683897, 0
204, 0
862334, 0
998894, 0
866033, 0
1007853, 0
1114041, 0
1190245, 0
866015, 0
1183695, 0
866153, 0
631324, 0
1205982, 0
1223, 0
1094786, 0
1113831, 0
5965, 0
259, 0
1518874, 0
1201204, 0
2343, 0
10883, 0
574275, 0
30867, 0
1179676, 0
16975, 0
1187052, 0
973847, 0
1194089, 0
865659, 0
1184328, 0
1185841, 0
981377, 0
1186681, 0
1183766, 0
1113313, 0
23299, 0
1184887, 0
1184905, 0
1110901, 0
1206448, 0
644264, 0
1020, 0
1206401, 0
1519555, 0
978509, 0
1213878, 0
631674, 0
999257, 0
1111372, 0
1111822, 0
1193073, 0
31186, 0
1186613, 0
1212139, 0
865170, 0
1195666, 0
1521324, 0
611517, 0
862942, 0
1213255, 0
20603, 0
1184356, 0
1212057, 0
865529, 0
1216949, 0
1186106, 0
1016873, 0
764142, 0
1521749, 0
773076, 0
979968, 0
972882, 0
1185491, 0
1416619, 0
979427, 0
867250, 0
1110915, 0
2151, 0
1210087, 0
1187590, 0
1214037, 0
1220392, 0
1187104, 0
1517448, 0
867915, 0
1208329, 0
1210143, 0
1009596, 0
974038, 0
505213, 0
542995, 0
1183707, 0
631527, 0
1520833, 0
9935, 0
1408959, 0
865921, 0
770599, 0
562267, 0
1516894, 0
20438, 0
1112925, 0
1204639, 0
1202044, 0
863686, 0
866022, 0
1113004, 0
1516183, 0
631302, 0
780426, 0
1516868, 0
1002187, 0
22634, 0
1187064, 0
557524, 0
1184111, 0
1224483, 0
862977, 0
1184463, 0
1101820, 0
1104386, 0
972510, 0
1518058, 0
866150, 0
838, 0
1185409, 0
1104869, 0
567939, 0
1112327, 0
1211864, 0
1009218, 0
30344, 0
961707, 0
1112692, 0
644203, 0
1187684, 0
569066, 0
1519487, 0
1184572, 0
605824, 0
1522593, 0
1521401, 0
1025396, 0
1184246, 0
1009750, 0
1522549, 0
1186464, 0
1207093, 0
1886, 0
865758, 0
23314, 0
1187764, 0
1209055, 0
1071283, 0
22441, 0
23304, 0
11503, 0
1203630, 0
1111443, 0
976258, 0
1187499, 0
1215383, 0
867111, 0
1019380, 0
867213, 0
688151, 0
865581, 0
1110765, 0
10623, 0
1187310, 0
1180817, 0
1033, 0
1094779, 0
1183900, 0
1113539, 0
1187439, 0
631562, 0
865712, 0
1233139, 0
1436662, 0
1110976, 0
976111, 0
16365, 0
20609, 0
1522792, 0
865740, 0
1112340, 0
1247414, 0
3679, 0
724172, 0
2195, 0
1209049, 0
1061023, 0
31171, 0
1187538, 0
1104290, 0
6492, 0
1207946, 0
10849, 0
1186619, 0
10064, 0
1521416, 0
1222602, 0
1184134, 0
1110659, 0
622041, 0
12541, 0
1094636, 0
1183479, 0
1519425, 0
973269, 0
1210201, 0
1187330, 0
982725, 0
573651, 0
1187610, 0
555716, 0
866196, 0
1194313, 0
866006, 0
1208417, 0
1183182, 0
21973, 0
1112203, 0
972626, 0
999059, 0
9078, 0
1523327, 0
1520212, 0
24719, 0
1183980, 0
1209671, 0
1227276, 0
1110591, 0
865256, 0
973956, 0
976884, 0
1186448, 0
1111214, 0
755044, 0
1009639, 0
1185217, 0
1111578, 0
631465, 0
17568, 0
19930, 0
974744, 0
1113151, 0
10207, 0
1519771, 0
1516503, 0
3569, 0
8703, 0
22846, 0
982387, 0
10157, 0
1518426, 0
2233064, 0
1520386, 0
1111425, 0
1019379, 0
542727, 0
1209783, 0
11872, 0
1110812, 0
5811, 0
1523044, 0
753385, 0
1483, 0
865968, 0
11489, 0
867502, 0
1186579, 0
1205769, 0
1226280, 0
1523017, 0
1519938, 0
1210314, 0
1183922, 0
1519843, 0
863666, 0
1245516, 0
1185408, 0
74, 0
1187630, 0
1184628, 0
1186313, 0
974734, 0
1112670, 0
631505, 0
569775, 0
1516329, 0
976590, 0
867852, 0
1211935, 0
550579, 0
1110971, 0
1228745, 0
542909, 0
1208733, 0
1190604, 0
866095, 0
973648, 0
962057, 0
865381, 0
979057, 0
1184161, 0
1522438, 0
1186455, 0
15170, 0
1211167, 0
10895, 0
972741, 0
814, 0
1094298, 0
862739, 0
1112411, 0
1186765, 0
36866, 0
867773, 0
504734, 0
999508, 0
1183181, 0
1521711, 0
1186490, 0
1110711, 0
972087, 0
1232267, 0
863676, 0
864927, 0
1113929, 0
1112999, 0
989531, 0
972217, 0
1009547, 0
2570, 0
13240, 0
30170, 0
1184229, 0
2219230, 0
1209134, 0
862842, 0
1521, 0
2085, 0
1198295, 0
19965, 0
1113095, 0
1114077, 0
20781, 0
1187307, 0
1019319, 0
1183919, 0
567418, 0
1111780, 0
1111667, 0
1538115, 0
756009, 0
1025168, 0
1112284, 0
1238525, 0
641775, 0
670, 0
1112609, 0
672651, 0
972328, 0
1206806, 0
1186639, 0
1184371, 0
1519044, 0
734, 0
1184757, 0
1192742, 0
631355, 0
1193840, 0
5889, 0
1079027, 0
1045774, 0
862703, 0
1110992, 0
1218163, 0
862612, 0
2130, 0
637224, 0
989402, 0
569600, 0
28590, 0
34418, 0
30178, 0
21035, 0
866138, 0
14100, 0
1183820, 0
646116, 0
510349, 0
1258162, 0
1192164, 0
1224193, 0
569082, 0
971951, 0
2767514, 0
1111326, 0
985471, 0
1096945, 0
23438, 0
1110570, 0
1185902, 0
1206907, 0
979294, 0
1183679, 0
631288, 0
1516664, 0
1208458, 0
22605, 0
973444, 0
1016871, 0
1106064, 0
1079391, 0
982017, 0
aaaieiwc, 0
1111489, 0
1517428, 0
862600, 0
984051, 0
1186895, 0
1183314, 0
974842, 0
1183321, 0
961671, 0
1029293, 0
1226518, 0
1196262, 0
866072, 0
1110758, 0
864744, 0
30460, 0
631274, 0
1256499, 0
866280, 0
1184576, 0
1112359, 0
1520149, 0
1517092, 0
22975, 0
631575, 0
1187314, 0
5491, 0
7130, 0
19966, 0
29052, 0
1217558, 0
1067, 0
973544, 0
865947, 0
865448, 0
865615, 0
1110822, 0
1009077, 0
1189541, 0
863251, 0
10684, 0
1187095, 0
30785, 0
864655, 0
15500, 0
24727, 0
1111081, 0
1113967, 0
573697, 0
1113146, 0
862559, 0
571322, 0
2226, 0
558096, 0
1218429, 0
1296, 0
754069, 0
1113860, 0
10764, 0
1050, 0
1205582, 0
1518683, 0
1210616, 0
1206737, 0
865799, 0
1185379, 0
22899, 0
1207177, 0
1042654, 0
6986, 0
1517978, 0
567589, 0
22351, 0
30741, 0
1186670, 0
865088, 0
567959, 0
865708, 0
30551, 0
1111607, 0
10660, 0
1236197, 0
1521009, 0
864920, 0
865654, 0
1186766, 0
865200, 0
1184574, 0
1518296, 0
973606, 0
999440, 0
1077741, 0
979946, 0
631578, 0
1207220, 0
1111068, 0
1518595, 0
24728, 0
3201, 0
977430, 0
558674, 0
1112501, 0
1200955, 0
1407236, 0
866283, 0
974058, 0
1113997, 0
1016826, 0
1521651, 0
862684, 0
1104598, 0
1111514, 0
977162, 0
864759, 0
1187522, 0
2464440, 0
752735, 0
1212761, 0
1184838, 0
1209073, 0
1114103, 0
975405, 0
1065783, 0
976595, 0
867173, 0
1078887, 0
1184993, 0
1111499, 0
976743, 0
1111259, 0
1186763, 0
1205068, 0
1111369, 0
754234, 0
1204284, 0
561516, 0
1212561, 0
1209976, 0
1520370, 0
1220, 0
1184162, 0
866202, 0
2647057, 0
640089, 0
554545, 0
631431, 0
1207883, 0
568828, 0
23406, 0
1227048, 0
983, 0
1521067, 0
989592, 0
1111707, 0
8426, 0
560038, 0
1518751, 0
1018636, 0
154, 0
1183551, 0
505766, 0
975611, 0
1519990, 0
582924, 0
1112929, 0
756297, 0
631532, 0
16569, 0
30830, 0
20695, 0
1001834, 0
1520277, 0
1944812, 0
9723, 0
567703, 0
1179060, 0
862318, 0
16497, 0
769373, 0
569028, 0
20992, 0
1227282, 0
3648, 0
865768, 0
1095039, 0
12087, 0
973622, 0
2232181, 0
1206805, 0
1518414, 0
1192282, 0
780353, 0
1111134, 0
1186465, 0
1213785, 0
1185092, 0
1187568, 0
1183456, 0
1186040, 0
1516278, 0
242, 0
865376, 0
1518220, 0
863027, 0
11358, 0
1649, 0
984552, 0
1328088, 0
21342, 0
1206547, 0
1180119, 0
1113201, 0
977152, 0
1186043, 0
568466, 0
1183845, 0
864932, 0
1187655, 0
1187607, 0
721, 0
757798, 0
1208580, 0
1523067, 0
1713, 0
19732, 0
962071, 0
1110794, 0
1181796, 0
21327, 0
1208289, 0
1110864, 0
1185760, 0
754678, 0
10302, 0
9071, 0
1209267, 0
1232328, 0
1522297, 0
755239, 0
865322, 0
1112068, 0
1186932, 0
976032, 0
1009829, 0
22422, 0
1187305, 0
1211308, 0
554391, 0
4877, 0
567097, 0
31168, 0
998965, 0
30340, 0
1186312, 0
1550, 0
975361, 0
1185625, 0
1187841, 0
1220523, 0
989571, 0
1110845, 0
1111799, 0
1197783, 0
982558, 0
1195870, 0
1194380, 0
1205690, 0
1184521, 0
1200122, 0
631441, 0
973024, 0
973874, 0
8560, 0
975384, 0
1072553, 0
1521652, 0
861874, 0
1187472, 0
1186687, 0
979436, 0
765360, 0
232, 0
1183043, 0
971720, 0
998916, 0
989540, 0
15202, 0
1045401, 0
1522126, 0
2404, 0
1113849, 0
1183067, 0
865898, 0
1186117, 0
18962, 0
1014318, 0
5800, 0
1111884, 0
865497, 0
631325, 0
727512, 0
1401503, 0
1210861, 0
1078552, 0
1113008, 0
1364316, 0
1183118, 0
865858, 0
20211, 0
1196583, 0
16327, 0
1110733, 0
1186604, 0
1534, 0
864898, 0
1184445, 0
1186774, 0
1110626, 0
1206376, 0
998552, 0
973126, 0
976326, 0
1016820, 0
28452, 0
1200348, 0
1113711, 0
17619, 0
20545, 0
1186094, 0
1517247, 0
672654, 0
972526, 0
1113704, 0
20236, 0
1221465, 0
6623, 0
2302, 0
18879, 0
1113546, 0
13654, 0
aaaiejdl, 0
1111943, 0
1516958, 0
1111319, 0
865748, 0
631534, 0
1518962, 0
30466, 0
1186920, 0
639774, 0
4955, 0
1257835, 0
972184, 0
1183488, 0
867828, 0
1014214, 0
11242, 0
1183974, 0
1186275, 0
978100, 0
1113142, 0
1207895, 0
11388, 0
1183696, 0
1193346, 0
540912, 0
1519529, 0
981541, 0
756347, 0
1189987, 0
361, 0
1111708, 0
14213, 0
10688, 0
1186111, 0
1111010, 0
1186461, 0
1517086, 0
977400, 0
1212641, 0
667353, 0
1187751, 0
1516222, 0
568757, 0
1207117, 0
989574, 0
1187181, 0
984335, 0
776475, 0
1009079, 0
1087555, 0
4972, 0
1179118, 0
1085, 0
1112085, 0
1521252, 0
7482, 0
20463, 0
1184136, 0
1214079, 0
1187513, 0
1099254, 0
1518310, 0
1110627, 0
1185194, 0
865729, 0
1112274, 0
1185141, 0
1112495, 0
1519551, 0
973060, 0
862563, 0
862765, 0
1017556, 0
1183132, 0
631396, 0
22907, 0
1214758, 0
1112520, 0
1183685, 0
1191587, 0
1187570, 0
1112680, 0
2769, 0
1105980, 0
2774343, 0
1112948, 0
11446, 0
23644, 0
1114123, 0
1113282, 0
14389, 0
1226065, 0
1214272, 0
1201928, 0
23251, 0
1186003, 0
2232667, 0
866036, 0
7761, 0
2567, 0
1016931, 0
1184362, 0
1183546, 0
1516537, 0
1183891, 0
1523377, 0
977552, 0
2800, 0
867117, 0
1094464, 0
1078950, 0
21642, 0
978289, 0
1222610, 0
1205998, 0
2857, 0
1112029, 0
983411, 0
1517949, 0
2649045, 0
1095440, 0
2238, 0
541854, 0
554465, 0
1110881, 0
24056, 0
1232055, 0
1520388, 0
1186021, 0
865398, 0
651682, 0
16783, 0
1205751, 0
1202131, 0
631410, 0
558392, 0
1207121, 0
30807, 0
672661, 0
975537, 0
29998, 0
1120716, 0
1193679, 0
866062, 0
1112351, 0
1076368, 0
1630, 0
1522346, 0
863725, 0
13136, 0
22040, 0
1206458, 0
1207807, 0
1110969, 0
21253, 0
1184901, 0
1221854, 0
1208620, 0
1208943, 0
865077, 0
1111560, 0
1016872, 0
20860, 0
862261, 0
11644, 0
1206057, 0
1147655, 0
979984, 0
1114070, 0
1245924, 0
1221637, 0
1214105, 0
977437, 0
1163934, 0
1189811, 0
1013564, 0
1518769, 0
1111538, 0
1202847, 0
980647, 0
1186778, 0
1206962, 0
1751, 0
1112612, 0
1112216, 0
977212, 0
569149, 0
1180309, 0
1215187, 0
1014005, 0
31443, 0
1059879, 0
1113551, 0
1112010, 0
1206492, 0
642, 0
981393, 0
1516596, 0
1521899, 0
866100, 0
13936, 0
977386, 0
755355, 0
1517644, 0
1112073, 0
1521963, 0
1211990, 0
1207201, 0
1186947, 0
1201271, 0
753571, 0
1206611, 0
1522665, 0
1246421, 0
1102170, 0
1187279, 0
1077706, 0
1522778, 0
1521801, 0
19963, 0
555123, 0
27721, 0
30393, 0
14458, 0
1072033, 0
1183558, 0
1112322, 0
510376, 0
10683, 0
1013709, 0
527, 0
1046871, 0
1111407, 0
1190231, 0
977205, 0
861665, 0
1111140, 0
1112484, 0
855, 0
1521158, 0
1193529, 0
961700, 0
2677, 0
2286, 0
755709, 0
1232301, 0
21022, 0
972022, 0
600028, 0
30861, 0
21899, 0
1045348, 0
797, 0
6178, 0
773456, 0
aaaieixu, 0
1188066, 0
30453, 0
1523236, 0
1193534, 0
1205824, 0
849751, 0
2973, 0
861995, 0
1208068, 0
603251, 0
2646940, 0
1112960, 0
1001012, 0
1187253, 0
976784, 0
16730, 0
1007657, 0
1183709, 0
863735, 0
1782, 0
23350, 0
1114183, 0
1111791, 0
1521653, 0
1045, 0
865984, 0
674149, 0
1209813, 0
1112945, 0
1205065, 0
1183288, 0
1112446, 0
1210076, 0
1186417, 0
1059612, 0
11561, 0
1187456, 0
1111536, 0
22221, 0
1112962, 0
2283, 0
1185665, 0
1520756, 0
1934, 0
16331, 0
2559, 0
989522, 0
640024, 0
19256, 0
1518459, 0
1521831, 0
1209945, 0
2647037, 0
20493, 0
1187627, 0
1184604, 0
865523, 0
1186404, 0
2600, 0
1196992, 0
aaaieiyq, 0
780528, 0
1111006, 0
1185003, 0
972810, 0
1209814, 0
1196985, 0
1193690, 0
1110876, 0
1226560, 0
867201, 0
863698, 0
1059621, 0
1217287, 0
11523, 0
1517738, 0
1205736, 0
1208706, 0
1226196, 0
1077088, 0
570811, 0
983513, 0
1011695, 0
1113900, 0
1111001, 0
10133, 0
1196581, 0
1184853, 0
567910, 0
1184562, 0
865966, 0
1202536, 0
555835, 0
866132, 0
1185545, 0
33032, 0
1183987, 0
1192839, 0
1194261, 0
1184589, 0
1207179, 0
1113000, 0
1194186, 0
1207229, 0
973759, 0
1183061, 0
1383356, 0
978513, 0
1101975, 0
600480, 0
1184212, 0
1194466, 0
1523366, 0
978287, 0
868020, 0
667320, 0
1113048, 0
862974, 0
978962, 0
aaaieiqp, 0
1111958, 0
1113232, 0
1200271, 0
861955, 0
1110748, 0
1214423, 0
22619, 0
1520444, 0
1184877, 0
1111973, 0
961662, 0
1586, 0
1185603, 0
1102609, 0
1521404, 0
32939, 0
1518146, 0
862876, 0
977463, 0
972993, 0
1516737, 0
559, 0
1214055, 0
1147679, 0
1221631, 0
1111896, 0
1113397, 0
1197480, 0
866188, 0
723017, 0
1187351, 0
1111974, 0
1013533, 0
773430, 0
1024040, 0
1020595, 0
1185060, 0
1183315, 0
10008, 0
546339, 0
257, 0
1184150, 0
20365, 0
1111531, 0
1204577, 0
1660, 0
1111173, 0
1174, 0
1201940, 0
1076382, 0
1078303, 0
865997, 0
769643, 0
1520524, 0
865354, 0
1211945, 0
862692, 0
1184244, 0
866103, 0
21666, 0
697076, 0
1187120, 0
1114032, 0
1186089, 0
20920, 0
1996, 0
1211950, 0
1111508, 0
12662, 0
1205185, 0
24227, 0
1018849, 0
4876, 0
1113827, 0
1113444, 0
11808, 0
1517901, 0
1111873, 0
108, 0
1302062, 0
1192997, 0
546936, 0
1008931, 0
11372, 0
866461, 0
1517796, 0
1206987, 0
972514, 0
1521440, 0
5472, 0
1094391, 0
1520192, 0
979288, 0
1009541, 0
14145, 0
570592, 0
862899, 0
1185623, 0
866014, 0
865237, 0
861619, 0
1187504, 0
10135, 0
1183290, 0
2795, 0
1018009, 0
865860, 0
1185769, 0
3088, 0
865520, 0
1519506, 0
861736, 0
780628, 0
10373, 0
1209503, 0
16334, 0
1518047, 0
1211847, 0
978844, 0
1014316, 0
961657, 0
770874, 0
1521165, 0
766034, 0
961659, 0
973964, 0
863759, 0
1212123, 0
1192818, 0
1112499, 0
1187385, 0
aaaieinw, 0
1183553, 0
1040, 0
31453, 0
864763, 0
555403, 0
20960, 0
1221649, 0
8688, 0
973613, 0
568917, 0
1185950, 0
1043274, 0
770525, 0
862376, 0
865368, 0
1584, 0
2375, 0
631528, 0
1185011, 0
1110829, 0
961660, 0
11361, 0
11467, 0
1210757, 0
1185420, 0
1224606, 0
20801, 0
1110644, 0
1522393, 0
1017578, 0
779289, 0
1208242, 0
1024987, 0
1111305, 0
978085, 0
1187530, 0
6670, 0
1518502, 0
610706, 0
1185543, 0
1110693, 0
1110739, 0
505406, 0
1111350, 0
1016853, 0
1519457, 0
1521698, 0
976264, 0
1226720, 0
20543, 0
1187382, 0
1184471, 0
1110947, 0
2054, 0
770626, 0
865225, 0
1112991, 0
1519174, 0
1516231, 0
1211071, 0
554791, 0
866176, 0
1184384, 0
2652, 0
1222954, 0
1185734, 0
1207190, 0
1112505, 0
1185466, 0
863727, 0
1194114, 0
1112928, 0
1208391, 0
1217889, 0
1224937, 0
1113330, 0
1183187, 0
568075, 0
643243, 0
669699, 0
981397, 0
973136, 0
562057, 0
1182227, 0
1063388, 0
23302, 0
1009489, 0
1518482, 0
866180, 0
1187424, 0
1110994, 0
1184733, 0
1084785, 0
14889, 0
1157674, 0
1180390, 0
861637, 0
24659, 0
1206662, 0
12631, 0
13099, 0
1178510, 0
1187558, 0
866007, 0
1516815, 0
1186609, 0
1063920, 0
1187124, 0
1040467, 0
1272, 0
1112201, 0
865805, 0
980206, 0
862788, 0
971827, 0
22793, 0
1186400, 0
1185732, 0
13909, 0
1185850, 0
30782, 0
1183467, 0
866063, 0
1516725, 0
13674, 0
697075, 0
1221684, 0
862546, 0
1187581, 0
506, 0
865535, 0
1113930, 0
647606, 0
1191954, 0
1112098, 0
2670, 0
998307, 0
1208890, 0
1189529, 0
542879, 0
1184958, 0
1017519, 0
16793, 0
862778, 0
1112693, 0
1009222, 0
1522401, 0
867812, 0
1187523, 0
973957, 0
1218817, 0
1182678, 0
862925, 0
862335, 0
1179694, 0
1183486, 0
1111293, 0
23950, 0
961653, 0
972877, 0
1113464, 0
16548, 0
971819, 0
1187190, 0
1112492, 0
1111724, 0
1184199, 0
541145, 0
1520674, 0
5444, 0
13803, 0
1190979, 0
1226553, 0
641595, 0
863724, 0
980001, 0
998159, 0
1187911, 0
1110998, 0
1184968, 0
1187348, 0
1111704, 0
977564, 0
1111525, 0
1194041, 0
11422, 0
1519736, 0
1519226, 0
1147651, 0
1111428, 0
22584, 0
1187209, 0
23303, 0
11274, 0
976412, 0
1517767, 0
771904, 0
974828, 0
552567, 0
1179977, 0
969, 0
977367, 0
1097959, 0
2229993, 0
2537, 0
1110689, 0
1008558, 0
1183768, 0
1184057, 0
516, 0
1113974, 0
998981, 0
867837, 0
97, 0
1183767, 0
5033, 0
28269, 0
22019, 0
1019565, 0
1009016, 0
669370, 0
1187537, 0
1388705, 0
1215908, 0
1207438, 0
849528, 0
1516960, 0
1195026, 0
1079581, 0
989545, 0
8630, 0
13675, 0
985285, 0
1208281, 0
973886, 0
866205, 0
1516574, 0
14407, 0
1183861, 0
12009, 0
13486, 0
972957, 0
1184078, 0
1185763, 0
10687, 0
818671, 0
961710, 0
972898, 0
1183556, 0
343, 0
29513, 0
865679, 0
1111320, 0
8097, 0
1114194, 0
4405, 0
1060962, 0
1211168, 0
1185997, 0
2030, 0
865955, 0
1212919, 0
1185191, 0
510400, 0
1518931, 0
560580, 0
11371, 0
1212202, 0
1395289, 0
1064459, 0
570891, 0
1518628, 0
569582, 0
31459, 0
1208358, 0
984682, 0
504722, 0
1213096, 0
755421, 0
1186349, 0
866105, 0
1184379, 0
1045770, 0
730273, 0
2388, 0
1111190, 0
22733, 0
1110708, 0
571262, 0
727270, 0
2426, 0
638586, 0
1111039, 0
18190, 0
542316, 0
2530518, 0
571107, 0
554082, 0
962059, 0
1185551, 0
1185174, 0
1187572, 0
12661, 0
570113, 0
1186631, 0
1113633, 0
1110624, 0
974951, 0
1184527, 0
28171, 0
631553, 0
10554, 0
1184388, 0
20952, 0
732003, 0
30658, 0
21301, 0
1521578, 0
20845, 0
1183185, 0
679958, 0
13305, 0
977356, 0
2218, 0
2509, 0
1518516, 0
1185548, 0
979979, 0
982010, 0
15812, 0
1114034, 0
866073, 0
862744, 0
aaaieizi, 0
1183489, 0
866112, 0
9258, 0
1009832, 0
1111955, 0
1076642, 0
4593, 0
975639, 0
2218282, 0
1068577, 0
1112320, 0
865049, 0
1183579, 0
30591, 0
16328, 0
1045384, 0
961725, 0
8397, 0
1516381, 0
1187276, 0
11256, 0
1516191, 0
622511, 0
aaaieiop, 0
1187628, 0
546910, 0
1102124, 0
8222, 0
1185300, 0
866162, 0
12923, 0
1186857, 0
1183448, 0
1009820, 0
1187339, 0
864799, 0
863750, 0
1185542, 0
865246, 0
867146, 0
1678, 0
1379684, 0
1183298, 0
861636, 0
867876, 0
1235058, 0
728484, 0
20075, 0
7226, 0
1112910, 0
1185233, 0
1187589, 0
1209761, 0
1184148, 0
631526, 0
1184126, 0
1186110, 0
555775, 0
976256, 0
1111448, 0
315, 0
1183454, 0
1112021, 0
611817, 0
1111735, 0
1187336, 0
1205667, 0
1206092, 0
1217223, 0
1203780, 0
1214033, 0
978557, 0
1187613, 0
8338, 0
570547, 0
1008923, 0
1197864, 0
780399, 0
16836, 0
862916, 0
1186772, 0
1110713, 0
1210509, 0
1193385, 0
aaaieizb, 0
1208277, 0
631497, 0
1210788, 0
1179889, 0
675332, 0
25383, 0
1193889, 0
20999, 0
756933, 0
1112594, 0
1194452, 0
15813, 0
23145, 0
29997, 0
1001034, 0
8876, 0
1111478, 0
867923, 0
1185515, 0
19834, 0
866085, 0
10108, 0
23285, 0
1186201, 0
568366, 0
862924, 0
10596, 0
20140, 0
30779, 0
1186279, 0
1001844, 0
1113140, 0
1018139, 0
11566, 0
981313, 0
865501, 0
30442, 0
1520270, 0
865192, 0
16290, 0
1208639, 0
1209708, 0
1224541, 0
1518505, 0
1216502, 0
572601, 0
1187956, 0
1111191, 0
3640, 0
18684, 0
999393, 0
1110768, 0
1183727, 0
22364, 0
1520572, 0
1110823, 0
1187670, 0
1517079, 0
2637, 0
1111406, 0
570691, 0
1516898, 0
1111674, 0
12593, 0
20874, 0
21425, 0
1187037, 0
20821, 0
1110620, 0
1112673, 0
22168, 0
1061865, 0
672708, 0
1521732, 0
505801, 0
17538, 0
1111108, 0
1200867, 0
1215157, 0
1185231, 0
1113148, 0
637771, 0
2228597, 0
1110671, 0
754430, 0
1185992, 0
865007, 0
1111648, 0
1110595, 0
1520291, 0
1190606, 0
865870, 0
631565, 0
865224, 0
1228422, 0
1009009, 0
1208815, 0
680506, 0
972925, 0
22421, 0
1105392, 0
1112544, 0
12093, 0
1213461, 0
1200563, 0
1208097, 0
1205796, 0
1095370, 0
1183991, 0
1110987, 0
1183953, 0
1517586, 0
1186644, 0
1187304, 0
1184947, 0
1458, 0
1520917, 0
1029492, 0
865651, 0
865884, 0
1212427, 0
2225846, 0
865709, 0
1212395, 0
1181925, 0
640442, 0
1189639, 0
572, 0
24161, 0
1216878, 0
542112, 0
977585, 0
1202780, 0
1185373, 0
14778, 0
971758, 0
1521883, 0
24239, 0
18770, 0
1204283, 0
1185498, 0
551886, 0
978543, 0
9833, 0
1111951, 0
1187018, 0
1517880, 0
1110801, 0
631296, 0
631529, 0
974060, 0
1187434, 0
21536, 0
6135, 0
1184998, 0
1184243, 0
1187692, 0
981213, 0
1521061, 0
1111086, 0
734713, 0
974866, 0
571478, 0
866282, 0
1516907, 0
1218347, 0
1518378, 0
644763, 0
1214241, 0
865515, 0
1095397, 0
1105690, 0
1187998, 0
864762, 0
10148, 0
1253507, 0
1110828, 0
867285, 0
910, 0
10695, 0
1114160, 0
865877, 0
1206996, 0
1253, 0
1210928, 0
21255, 0
1209426, 0
1184104, 0
aaaieiuq, 0
1227624, 0
971701, 0
1185040, 0
1105220, 0
12771, 0
20730, 0
769111, 0
558852, 0
1214507, 0
976113, 0
1310, 0
1222607, 0
21394, 0
977286, 0
1183798, 0
1112070, 0
1094084, 0
20971, 0
864949, 0
862926, 0
926, 0
1214195, 0
1094734, 0
1113821, 0
980067, 0
1186075, 0
865894, 0
1195878, 0
1111569, 0
1246824, 0
865595, 0
1196944, 0
1078758, 0
1111622, 0
865800, 0
29008, 0
30570, 0
1208945, 0
569025, 0
1112022, 0
977549, 0
541, 0
1212042, 0
861960, 0
1190582, 0
1100438, 0
1183554, 0
1113305, 0
989573, 0
1111722, 0
1055940, 0
865275, 0
29562, 0
1185062, 0
18594, 0
1185240, 0
865630, 0
1184959, 0
1219091, 0
aaaieizq, 0
1184617, 0
1063914, 0
1194521, 0
1196120, 0
1183404, 0
556487, 0
1078203, 0
1183338, 0
975394, 0
10686, 0
961692, 0
866002, 0
1112430, 0
865587, 0
1187784, 0
1226304, 0
1111046, 0
867979, 0
1094614, 0
2475, 0
12572, 0
1206684, 0
1226498, 0
1206497, 0
1043320, 0
1522189, 0
21960, 0
1094769, 0
1208604, 0
1079228, 0
1070869, 0
1183997, 0
1111661, 0
973353, 0
1112616, 0
13815, 0
1112836, 0
1186954, 0
1522813, 0
863714, 0
1214632, 0
20895, 0
1111223, 0
1077518, 0
753139, 0
998745, 0
1191765, 0
865300, 0
1216460, 0
770768, 0
983480, 0
1185037, 0
1186017, 0
1218224, 0
998988, 0
1043180, 0
1099778, 0
1021516, 0
1186092, 0
570621, 0
1247043, 0
1113476, 0
1184545, 0
1111655, 0
1008472, 0
1205823, 0
866183, 0
551629, 0
505534, 0
1206273, 0
1199166, 0
1518191, 0
1009544, 0
1008278, 0
1112687, 0
30878, 0
1222614, 0
862300, 0
1521763, 0
581712, 0
865924, 0
1519670, 0
20369, 0
985588, 0
1104381, 0
1516913, 0
8182, 0
1185101, 0
35005, 0
1110813, 0
1364379, 0
999437, 0
1112531, 0
1187865, 0
11839, 0
1008926, 0
1522520, 0
13085, 0
1110799, 0
1523013, 0
961685, 0
570751, 0
505361, 0
864947, 0
753714, 0
8686, 0
1200023, 0
8635, 0
867344, 0
865892, 0
1205042, 0
1017577, 0
1147678, 0
1215000, 0
862948, 0
985806, 0
10641, 0
1519275, 0
1517659, 0
973100, 0
1187562, 0
1222615, 0
570135, 0
1110933, 0
862991, 0
1100401, 0
1217928, 0
1186993, 0
866114, 0
1184860, 0
1186758, 0
1518971, 0
2235, 0
1186389, 0
1198014, 0
865524, 0
866281, 0
978862, 0
1111404, 0
20364, 0
712, 0
1199068, 0
1112891, 0
1186188, 0
978501, 0
22903, 0
639478, 0
4982, 0
21784, 0
1113560, 0
689925, 0
1214488, 0
1187089, 0
1213747, 0
16228, 0
24046, 0
978256, 0
979042, 0
1096826, 0
1111325, 0
1196740, 0
975788, 0
973067, 0
1112095, 0
962060, 0
864601, 0
1520976, 0
972415, 0
20988, 0
1206323, 0
1183565, 0
391, 0
1232111, 0
570662, 0
11457, 0
1113243, 0
1008752, 0
18633, 0
1110930, 0
974638, 0
1519567, 0
865808, 0
20729, 0
1186135, 0
1218147, 0
864882, 0
19899, 0
1104359, 0
1183994, 0
1185018, 0
1021509, 0
5794, 0
1600, 0
1522001, 0
1112917, 0
631316, 0
865502, 0
1518656, 0
466, 0
1113748, 0
865010, 0
1184197, 0
1187071, 0
15621, 0
1400944, 0
1079236, 0
570442, 0
1186492, 0
1245353, 0
672677, 0
22309, 0
976023, 0
672191, 0
715, 0
817, 0
1518228, 0
3020, 0
4025, 0
1202694, 0
14139, 0
31460, 0
547069, 0
977369, 0
1519128, 0
1079457, 0
1185038, 0
1189966, 0
865517, 0
1517152, 0
754191, 0
1016883, 0
1184596, 0
864610, 0
1078675, 0
1204711, 0
1187262, 0
1147638, 0
1184836, 0
1110825, 0
20978, 0
1185982, 0
1559, 0
862702, 0
865006, 0
568808, 0
973325, 0
1187429, 0
1222799, 0
1523223, 0
867836, 0
865223, 0
1218705, 0
554747, 0
976236, 0
11555, 0
1205790, 0
976114, 0
13116, 0
1208056, 0
1246407, 0
20855, 0
1524257, 0
1002223, 0
866128, 0
1061, 0
20896, 0
1214459, 0
1186225, 0
1261949, 0
1112271, 0
867810, 0
867372, 0
1209333, 0
1072444, 0
608, 0
1114008, 0
560103, 0
861905, 0
12912, 0
1184166, 0
864972, 0
1518594, 0
1113185, 0
24287, 0
1185007, 0
1187876, 0
1520576, 0
1205713, 0
29724, 0
1183918, 0
864668, 0
1185027, 0
21865, 0
1212909, 0
1185012, 0
8637, 0
864761, 0
1001917, 0
1178365, 0
1105400, 0
971958, 0
1195090, 0
1521934, 0
1185400, 0
861940, 0
1113795, 0
1188625, 0
27830, 0
1110839, 0
600124, 0
1520035, 0
1206372, 0
1184219, 0
754046, 0
775284, 0
12564, 0
1196499, 0
1112209, 0
1185418, 0
1205660, 0
1205699, 0
1199607, 0
1110710, 0
1184169, 0
867280, 0
772617, 0
1197565, 0
1207846, 0
1192643, 0
1187564, 0
1521181, 0
1111107, 0
1095176, 0
862297, 0
30468, 0
1110703, 0
1193555, 0
1186462, 0
1390701, 0
13933, 0
1025374, 0
1184778, 0
1113271, 0
1111178, 0
982975, 0
984554, 0
30526, 0
618375, 0
862369, 0
867899, 0
5944, 0
1212001, 0
1112481, 0
1220356, 0
1234639, 0
22685, 0
864857, 0
1517423, 0
1201150, 0
864715, 0
12128, 0
863675, 0
1208049, 0
1363500, 0
20724, 0
1520042, 0
989536, 0
1185750, 0
1185313, 0
862864, 0
865076, 0
1519532, 0
1187473, 0
774819, 0
1247104, 0
1105842, 0
504097, 0
1213840, 0
1183154, 0
961645, 0
862545, 0
978282, 0
2232168, 0
977181, 0
23651, 0
4174, 0
1078952, 0
2484, 0
1112119, 0
1114162, 0
1016903, 0
976793, 0
975159, 0
1187042, 0
23259, 0
863670, 0
1520599, 0
1013585, 0
21075, 0
20406, 0
1228382, 0
1110951, 0
1219547, 0
579768, 0
1183048, 0
867272, 0
11366, 0
631345, 0
862680, 0
1186024, 0
1186101, 0
12559, 0
1203242, 0
1016928, 0
1111257, 0
1112264, 0
1183743, 0
1208611, 0
1246465, 0
973869, 0
1187575, 0
640562, 0
867768, 0
216, 0
1002181, 0
864788, 0
1209893, 0
1186688, 0
973757, 0
1222660, 0
20358, 0
10885, 0
867919, 0
6059, 0
1078913, 0
1213581, 0
1103982, 0
20023, 0
1183791, 0
580631, 0
972180, 0
976596, 0
1016843, 0
1211003, 0
1113651, 0
2695837, 0
1019740, 0
973572, 0
867795, 0
1204216, 0
1719, 0
976923, 0
1187702, 0
1183452, 0
1225147, 0
979258, 0
1214815, 0
1194843, 0
978555, 0
1211984, 0
1187196, 0
1206176, 0
1196489, 0
680063, 0
1110675, 0
975385, 0
1191176, 0
780164, 0
30439, 0
977182, 0
1208728, 0
1222611, 0
862849, 0
999498, 0
1190862, 0
1184284, 0
559047, 0
978988, 0
29243, 0
1211213, 0
1205639, 0
20758, 0
672374, 0
1112181, 0
1214523, 0
1185768, 0
11248, 0
1077362, 0
631586, 0
1199290, 0
865284, 0
866082, 0
867214, 0
1517419, 0
1183406, 0
989517, 0
37153, 0
1227411, 0
756646, 0
1111145, 0
1100428, 0
1112138, 0
865079, 0
1110752, 0
1518125, 0
867831, 0
570428, 0
631384, 0
1183812, 0
1206403, 0
1184480, 0
978917, 0
1113936, 0
1112193, 0
972, 0
20679, 0
1111971, 0
727406, 0
1216437, 0
1395, 0
1187509, 0
1184307, 0
1110778, 0
1186167, 0
1079654, 0
1227368, 0
510374, 0
1519362, 0
864636, 0
1225652, 0
1079855, 0
337, 0
1079835, 0
985292, 0
1205802, 0
580744, 0
977565, 0
760025, 0
1517202, 0
979989, 0
11026, 0
1521501, 0
1187147, 0
1187333, 0
1179075, 0
631535, 0
18316, 0
865302, 0
631463, 0
1114133, 0
1520810, 0
1517349, 0
22461, 0
1187615, 0
1101950, 0
1187495, 0
1519458, 0
1186751, 0
1110967, 0
1400, 0
1184508, 0
1111941, 0
756440, 0
12570, 0
554269, 0
1114149, 0
1113262, 0
1184513, 0
972244, 0
1516795, 0
11806, 0
975236, 0
1184025, 0
1224067, 0
866187, 0
1518127, 0
1094328, 0
1111137, 0
1206346, 0
680552, 0
1518017, 0
631330, 0
2745558, 0
aaaieiuo, 0
1079107, 0
1519289, 0
1207268, 0
1209571, 0
863659, 0
977358, 0
18778, 0
3740, 0
865833, 0
1111434, 0
1112004, 0
1193971, 0
866194, 0
1187977, 0
1239, 0
1212074, 0
2819, 0
542996, 0
984727, 0
21152, 0
1187401, 0
1112370, 0
570769, 0
975347, 0
864978, 0
1207793, 0
1076128, 0
1214390, 0
1184233, 0
1522088, 0
631308, 0
1183806, 0
1021498, 0
27304, 0
867251, 0
1111509, 0
1228724, 0
1519336, 0
510508, 0
867898, 0
16238, 0
1187965, 0
1070440, 0
1388, 0
1520298, 0
989585, 0
1215690, 0
1185094, 0
977550, 0
862957, 0
10, 0
1226700, 0
981933, 0
1187481, 0
775761, 0
1071645, 0
977554, 0
570018, 0
1111659, 0
865953, 0
1112261, 0
1102223, 0
976254, 0
1187524, 0
1519666, 0
974938, 0
1183386, 0
1064843, 0
862725, 0
30445, 0
1111197, 0
1185897, 0
1188666, 0
34240, 0
971921, 0
1110674, 0
1008, 0
11455, 0
975897, 0
1519945, 0
865320, 0
1006615, 0
1222875, 0
1215254, 0
976039, 0
1110717, 0
1017543, 0
979074, 0
1202812, 0
1186235, 0
1407787, 0
1206763, 0
1186016, 0
1096547, 0
1210855, 0
1520837, 0
1187803, 0
23122, 0
1186913, 0
4423, 0
1210930, 0
865111, 0
1213702, 0
984767, 0
1113820, 0
2399, 0
1183474, 0
1247372, 0
1045627, 0
864620, 0
1518258, 0
862909, 0
1183547, 0
1112074, 0
21481, 0
504729, 0
31499, 0
1100436, 0
1214072, 0
865298, 0
1184691, 0
976289, 0
1111187, 0
1225747, 0
1522554, 0
1112155, 0
39, 0
333, 0
946, 0
954, 0
558, 0
973970, 0
1708, 0
984785, 0
14001, 0
30084, 0
989553, 0
865119, 0
1190081, 0
1111314, 0
862723, 0
1521474, 0
1206753, 0
2921, 0
867477, 0
858, 0
1209900, 0
631568, 0
36111, 0
1110666, 0
1518239, 0
1080659, 0
648519, 0
1183920, 0
1185033, 0
1111505, 0
1188005, 0
12651, 0
864985, 0
1199830, 0
1111921, 0
980082, 0
1067900, 0
1184673, 0
19390, 0
22029, 0
631429, 0
685148, 0
16479, 0
9349, 0
978529, 0
1503976, 0
1916, 0
1211407, 0
19716, 0
1186166, 0
1186804, 0
1187159, 0
1185508, 0
1522334, 0
866146, 0
12086, 0
1187580, 0
2232506, 0
1186133, 0
35530, 0
1106289, 0
864987, 0
1112425, 0
1516858, 0
1183295, 0
759717, 0
20430, 0
22463, 0
1020591, 0
2088, 0
1206719, 0
30848, 0
1214274, 0
555611, 0
1517426, 0
643397, 0
1078597, 0
1518938, 0
1227297, 0
1186454, 0
1058159, 0
1209577, 0
1521716, 0
1186471, 0
556528, 0
961670, 0
569333, 0
569364, 0
865909, 0
979715, 0
256, 0
1104854, 0
16108, 0
973893, 0
866375, 0
1180832, 0
1185198, 0
1185095, 0
1187312, 0
12525, 0
504614, 0
1184458, 0
1184848, 0
962063, 0
1094188, 0
1522443, 0
1186153, 0
21197, 0
1216682, 0
1183773, 0
1522988, 0
1094867, 0
1194990, 0
1186123, 0
757875, 0
1186927, 0
14560, 0
22776, 0
568863, 0
4448, 0
865220, 0
2563, 0
1565, 0
541504, 0
1214143, 0
1185501, 0
1111976, 0
1112892, 0
15077, 0
1183967, 0
865806, 0
2674, 0
569179, 0
865422, 0
505201, 0
865609, 0
1210378, 0
864646, 0
1181331, 0
20903, 0
1520978, 0
631356, 0
962072, 0
975522, 0
1224294, 0
999378, 0
1184643, 0
862721, 0
1186797, 0
1094874, 0
1186977, 0
10740, 0
973865, 0
5177, 0
865218, 0
567905, 0
862970, 0
865110, 0
1517671, 0
980537, 0
672297, 0
73, 0
1185421, 0
940, 0
570002, 0
1184660, 0
1182880, 0
1186805, 0
17815, 0
1184483, 0
1519950, 0
1950530, 0
1111839, 0
1008867, 0
865597, 0
1187600, 0
1207442, 0
684031, 0
1072381, 0
1187400, 0
1195989, 0
974310, 0
1184883, 0
1112988, 0
983359, 0
1520105, 0
1112218, 0
1197936, 0
631522, 0
1521713, 0
1017631, 0
975390, 0
20905, 0
865191, 0
1208125, 0
1201105, 0
1187380, 0
1224769, 0
631502, 0
1421498, 0
1518145, 0
1183601, 0
1066581, 0
861980, 0
30765, 0
765466, 0
1111996, 0
2647102, 0
1215210, 0
1147658, 0
510619, 0
1522529, 0
30606, 0
21991, 0
1186425, 0
12641, 0
1520046, 0
1516495, 0
973141, 0
1212922, 0
1186124, 0
545379, 0
1184663, 0
1147558, 0
570845, 0
1111609, 0
1184648, 0
1214289, 0
1111770, 0
3949, 0
1007852, 0
2680, 0
867319, 0
2232639, 0
1183063, 0
10279, 0
21233, 0
861510, 0
2291, 0
1212024, 0
1183115, 0
1212564, 0
982613, 0
22926, 0
1205895, 0
1184269, 0
568017, 0
1185261, 0
975442, 0
1205808, 0
1213450, 0
1187932, 0
557411, 0
1363886, 0
1111359, 0
866181, 0
1521096, 0
1112086, 0
1184214, 0
30856, 0
37381, 0
1523088, 0
19717, 0
27833, 0
865098, 0
1183895, 0
1227272, 0
1112434, 0
571284, 0
1185020, 0
1570, 0
1186173, 0
867820, 0
1111106, 0
1111102, 0
1184152, 0
1184750, 0
1518401, 0
1185374, 0
2052, 0
1206953, 0
1042046, 0
972660, 0
505537, 0
1111824, 0
1184510, 0
631358, 0
1517191, 0
1183819, 0
831077, 0
1078865, 0
1255006, 0
1522105, 0
2885, 0
11258, 0
1187697, 0
30207, 0
1520922, 0
1523008, 0
864598, 0
2622, 0
631323, 0
973123, 0
569366, 0
768489, 0
862599, 0
865444, 0
1095638, 0
14304, 0
1111162, 0
1184117, 0
865764, 0
862946, 0
1519625, 0
1111308, 0
14134, 0
1187238, 0
1215017, 0
1185666, 0
2621, 0
1112924, 0
1211226, 0
1110905, 0
1518150, 0
865838, 0
22650, 0
2143, 0
1187381, 0
1071438, 0
1184360, 0
1110877, 0
770957, 0
1183674, 0
971705, 0
1094922, 0
1045607, 0
1185130, 0
1188816, 0
1520949, 0
570008, 0
864940, 0
1517753, 0
653981, 0
12717, 0
4230, 0
1186712, 0
861963, 0
865250, 0
1208738, 0
41414, 0
1142857, 0
1198802, 0
1110850, 0
1185554, 0
20744, 0
935811, 0
1207802, 0
8102, 0
476, 0
1187389, 0
24430, 0
8557, 0
1766, 0
977354, 0
867123, 0
1064667, 0
1245361, 0
1209947, 0
568621, 0
1181613, 0
1209407, 0
1102707, 0
1110919, 0
1211584, 0
667342, 0
30775, 0
541852, 0
14307, 0
15856, 0
16031, 0
1184872, 0
867182, 0
10060, 0
1199325, 0
aaaieipd, 0
680553, 0
1209793, 0
1110633, 0
1008688, 0
2026, 0
567490, 0
1186112, 0
631309, 0
1110579, 0
34337, 0
1227285, 0
1186412, 0
1191706, 0
1520203, 0
1100426, 0
1110761, 0
977204, 0
1112273, 0
1205924, 0
2210, 0
1224895, 0
1519755, 0
1013562, 0
1111426, 0
1183401, 0
2219114, 0
861628, 0
865438, 0
1188432, 0
1009747, 0
1099668, 0
1519830, 0
864953, 0
6575, 0
1522952, 0
3536, 0
558260, 0
1211182, 0
1187496, 0
1185507, 0
5478, 0
865013, 0
12110, 0
865554, 0
1152, 0
1187897, 0
1111105, 0
672235, 0
551736, 0
1521050, 0
1521008, 0
20909, 0
1185385, 0
1183814, 0
1490, 0
976722, 0
861912, 0
1522791, 0
865803, 0
978824, 0
1186760, 0
1187599, 0
1110682, 0
1521389, 0
1418, 0
1188046, 0
1205997, 0
1008635, 0
1079486, 0
20643, 0
1208196, 0
1183135, 0
1120763, 0
1517877, 0
1185178, 0
976856, 0
761087, 0
1520195, 0
1147682, 0
1102235, 0
1184514, 0
1186073, 0
1120765, 0
1520354, 0
704908, 0
1520248, 0
980646, 0
999201, 0
421, 0
2379, 0
568014, 0
19009, 0
1183054, 0
1211397, 0
863668, 0
14388, 0
975050, 0
1229052, 0
972591, 0
2306, 0
1519192, 0
867905, 0
1223822, 0
972970, 0
981234, 0
1187302, 0
1522037, 0
6270, 0
505216, 0
1522772, 0
1112319, 0
1185800, 0
1186300, 0
1795, 0
1186482, 0
10061, 0
1112418, 0
1199765, 0
977422, 0
1186855, 0
1014212, 0
1079788, 0
1104, 0
1519793, 0
560378, 0
39273, 0
1184619, 0
1111647, 0
2667, 0
1111726, 0
28022, 0
1112116, 0
773804, 0
481, 0
570227, 0
1184455, 0
631368, 0
1399724, 0
14223, 0
1058019, 0
1245998, 0
1112589, 0
677733, 0
1103359, 0
975256, 0
7752, 0
1185399, 0
7171, 0
867343, 0
21392, 0
769673, 0
1110734, 0
1521954, 0
aaaieinv, 0
27884, 0
1222695, 0
10893, 0
1212822, 0
1183792, 0
1043063, 0
1102324, 0
631267, 0
861969, 0
1201141, 0
865409, 0
1516392, 0
961665, 0
540, 0
1206106, 0
975219, 0
1111340, 0
1522072, 0
1111138, 0
865926, 0
1186882, 0
1184023, 0
1197367, 0
1114036, 0
1214214, 0
27826, 0
1112110, 0
557964, 0
2930, 0
2908, 0
1186577, 0
978493, 0
642279, 0
1183184, 0
2232381, 0
1518672, 0
1016932, 0
961704, 0
1186480, 0
1014347, 0
7236, 0
1063245, 0
30825, 0
1519702, 0
1100772, 0
10367, 0
510624, 0
680636, 0
1198729, 0
1517851, 0
1183447, 0
865786, 0
977378, 0
23949, 0
1186839, 0
1187384, 0
3443, 0
1522371, 0
1183514, 0
510324, 0
1079026, 0
3105, 0
1203374, 0
505525, 0
569249, 0
672385, 0
1110857, 0
1183588, 0
1187285, 0
774941, 0
1214732, 0
1008998, 0
978527, 0
3574, 0
1199072, 0
866019, 0
1111211, 0
1186651, 0
11227, 0
697030, 0
865228, 0
1078988, 0
1112145, 0
1039073, 0
1154587, 0
1018155, 0
866075, 0
1516532, 0
31170, 0
1113676, 0
866107, 0
19919, 0
1100763, 0
10609, 0
1013528, 0
1104560, 0
1030635, 0
8399, 0
1518, 0
1209780, 0
7575, 0
1187624, 0
1195443, 0
758371, 0
1110900, 0
867306, 0
1187811, 0
1101765, 0
1008224, 0
878729, 0
1186759, 0
1516607, 0
1210038, 0
1513, 0
981367, 0
862618, 0
1518601, 0
1222662, 0
1212441, 0
1019564, 0
1114234, 0
1187467, 0
862742, 0
29056, 0
1018144, 0
973919, 0
642273, 0
1208941, 0
581857, 0
20951, 0
1209966, 0
1192947, 0
1183740, 0
695, 0
1112031, 0
1184364, 0
863651, 0
1204792, 0
866116, 0
756215, 0
862733, 0
1080730, 0
1180284, 0
722, 0
1226951, 0
756724, 0
1185481, 0
973292, 0
865321, 0
2090, 0
865025, 0
20471, 0
1111952, 0
1205542, 0
1520359, 0
1213559, 0
1210563, 0
1518560, 0
1185544, 0
1008555, 0
1110945, 0
22166, 0
1113914, 0
780142, 0
1179516, 0
867266, 0
1111543, 0
867803, 0
1226723, 0
730, 0
1183059, 0
1112245, 0
1110867, 0
16966, 0
1185347, 0
973265, 0
978512, 0
1100409, 0
14581, 0
1147612, 0
1187687, 0
867811, 0
1222891, 0
1211676, 0
1186611, 0
1210179, 0
754941, 0
1232096, 0
1113220, 0
1111554, 0
1094855, 0
15575, 0
1443666, 0
862969, 0
1018080, 0
1223462, 0
1080107, 0
1181293, 0
2266, 0
631523, 0
11577, 0
1009593, 0
1206218, 0
11875, 0
18995, 0
761284, 0
693, 0
566548, 1
1184668, 1
1554, 1
19981, 1
3197, 1
4561, 1
1183940, 1
758451, 1
1203342, 1
984725, 1
12070, 1
23797, 1
1213253, 1
851120, 1
19178, 1
8644, 1
1181742, 1
28705, 1
1183107, 1
10046, 1
680466, 1
1246203, 1
1021520, 1
1017533, 1
1205726, 1
1180047, 1
1022584, 1
1185226, 1
1178983, 1
7435, 1
1180259, 1
1183817, 1
568002, 1
1094450, 1
1196994, 1
1026524, 1
979714, 1
1246479, 1
1214046, 1
1103996, 1
5410, 1
1206542, 1
1245850, 1
1216395, 1
567413, 1
1224460, 1
1101759, 1
8221, 1
1187164, 1
1221705, 1
851087, 1
21349, 1
1096801, 1
10371, 1
561118, 1
1094192, 1
1228852, 1
1059462, 1
1025, 1
1183481, 1
1187235, 1
1193543, 1
23247, 1
973615, 1
1105133, 1
1094441, 1
1187361, 1
1094309, 1
1369222, 1
5971, 1
1183523, 1
2880, 1
13007, 1
1220291, 1
1189616, 1
19284, 1
1184324, 1
1202453, 1
978084, 1
1224618, 1
758689, 1
6954, 1
1078847, 1
1213920, 1
22613, 1
642019, 1
1228287, 1
1018753, 1
1079863, 1
2647020, 1
1223084, 1
1208638, 1
979465, 1
23282, 1
972249, 1
18244, 1
569048, 1
1212403, 1
11156, 1
1205779, 1
1105896, 1
24645, 1
2647074, 1
569886, 1
16490, 1
867967, 1
1194454, 1
1080544, 1
1026477, 1
1028366, 1
1049, 1
1227070, 1
1228204, 1
1018028, 1
1191108, 1
1220221, 1
1100266, 1
1221363, 1
1217716, 1
574272, 1
1209829, 1
864937, 1
696572, 1
15686, 1
976409, 1
1183654, 1
974425, 1
1189366, 1
1225255, 1
1183484, 1
973545, 1
9351, 1
1189871, 1
1194433, 1
1213427, 1
756788, 1
1026560, 1
1184681, 1
1080489, 1
1197772, 1
1014558, 1
1217250, 1
1224712, 1
1209779, 1
504790, 1
27296, 1
1187282, 1
1227489, 1
1072051, 1
974571, 1
10911, 1
1682, 1
1219367, 1
1208348, 1
1211698, 1
867324, 1
1005761, 1
973155, 1
1191431, 1
1228300, 1
1213399, 1
999303, 1
13071, 1
764727, 1
1028126, 1
1189075, 1
1094436, 1
11311, 1
541883, 1
1078753, 1
569446, 1
782664, 1
774290, 1
1403606, 1
865572, 1
12549, 1
14676, 1
1200923, 1
1027813, 1
972557, 1
17486, 1
1220443, 1
570718, 1
1204195, 1
1188147, 1
1217388, 1
1189550, 1
17313, 1
7420, 1
1207538, 1
1185333, 1
1026824, 1
1026535, 1
570807, 1
1103130, 1
1206540, 1
1019270, 1
1094481, 1
1094462, 1
1186114, 1
30745, 1
568419, 1
1027874, 1
5313, 1
1018681, 1
5443, 1
1186175, 1
1102439, 1
9007, 1
1207611, 1
1009767, 1
739, 1
1078234, 1
974635, 1
1223775, 1
1184350, 1
1213265, 1
1190741, 1
30801, 1
1184661, 1
1025589, 1
1218390, 1
1192774, 1
1491, 1
1207016, 1
771057, 1
13036, 1
1224258, 1
1183388, 1
2011351, 1
1246480, 1
1228836, 1
21373, 1
997010, 1
1217831, 1
1210322, 1
1191528, 1
31422, 1
12325, 1
21436, 1
1222919, 1
2827, 1
974662, 1
862756, 1
1079772, 1
1187839, 1
1078574, 1
1027787, 1
729893, 1
1080474, 1
1079880, 1
1211117, 1
1184009, 1
1186753, 1
16002, 1
983550, 1
754110, 1
755508, 1
540692, 1
1094259, 1
610972, 1
1094315, 1
610631, 1
1195398, 1
1077232, 1
1195916, 1
1026801, 1
1251647, 1
643063, 1
976411, 1
1079819, 1
1223244, 1
1026387, 1
1201816, 1
1215627, 1
1080325, 1
1217791, 1
755252, 1
1223787, 1
1187116, 1
569526, 1
9023, 1
1206749, 1
1096794, 1
1079544, 1
1027861, 1
1220867, 1
12374, 1
772, 1
1026784, 1
758000, 1
1025815, 1
1192173, 1
1246948, 1
1246164, 1
1210222, 1
561735, 1
1186818, 1
1025075, 1
1238820, 1
542286, 1
1190730, 1
8044, 1
1213358, 1
1210363, 1
1192925, 1
9898, 1
1246462, 1
628618, 1
1094517, 1
1228211, 1
14168, 1
1025441, 1
755318, 1
976806, 1
1209653, 1
1023934, 1
1214788, 1
1190137, 1
754824, 1
1183849, 1
1026523, 1
1104742, 1
1196023, 1
725923, 1
1223697, 1
12118, 1
10204, 1
1026906, 1
1187478, 1
3481, 1
1186612, 1
1079843, 1
10033, 1
1220766, 1
1206081, 1
1207223, 1
1218121, 1
1210941, 1
11022, 1
1223605, 1
1079635, 1
14485, 1
1211146, 1
1099078, 1
1018059, 1
974437, 1
15572, 1
1193442, 1
1027899, 1
1190780, 1
1077418, 1
30907, 1
727940, 1
20382, 1
1188184, 1
569640, 1
1214774, 1
3744, 1
1187552, 1
557853, 1
1184419, 1
8894, 1
570463, 1
1102307, 1
1183589, 1
1246373, 1
1206921, 1
1180635, 1
1026741, 1
1227712, 1
505558, 1
672254, 1
17137, 1
973965, 1
1027878, 1
1211826, 1
4382, 1
1192332, 1
1190256, 1
1195929, 1
1183726, 1
568266, 1
557755, 1
1206457, 1
1226096, 1
996965, 1
1039288, 1
1213842, 1
1205336, 1
1245926, 1
501, 1
1208575, 1
555903, 1
1187963, 1
1026383, 1
1220265, 1
554913, 1
1079709, 1
760296, 1
1079643, 1
20875, 1
1186353, 1
1187619, 1
6709, 1
1216455, 1
1094365, 1
569341, 1
1212707, 1
1028392, 1
1028227, 1
675895, 1
774719, 1
1186548, 1
1226441, 1
1185591, 1
570420, 1
1048371, 1
1063003, 1
974372, 1
641689, 1
540950, 1
1025449, 1
28802, 1
568375, 1
1212974, 1
10187, 1
545, 1
1026454, 1
11373, 1
1210042, 1
1078450, 1
1096950, 1
22696, 1
27357, 1
1191159, 1
559642, 1
1028036, 1
1217775, 1
2606, 1
1227950, 1
1185998, 1
1186582, 1
604321, 1
1019563, 1
1094800, 1
1026865, 1
17865, 1
1199288, 1
5015, 1
1026598, 1
28989, 1
1205299, 1
1026565, 1
7239, 1
568916, 1
7288, 1
17485, 1
1185250, 1
1214367, 1
1186748, 1
1172894, 1
570007, 1
1079597, 1
1027948, 1
981699, 1
1184413, 1
20780, 1
1183347, 1
564, 1
1205941, 1
976591, 1
1207408, 1
567885, 1
1104594, 1
616440, 1
1189501, 1
756888, 1
1222029, 1
23326, 1
570953, 1
1027830, 1
11820, 1
1216216, 1
17120, 1
1188047, 1
1094610, 1
1218206, 1
1210148, 1
18891, 1
756196, 1
999517, 1
543032, 1
1497, 1
569848, 1
1185588, 1
20329, 1
561, 1
1196052, 1
1219196, 1
1226933, 1
569724, 1
554542, 1
1179387, 1
1191816, 1
582360, 1
1028310, 1
1186625, 1
542854, 1
6912, 1
1213480, 1
975059, 1
541899, 1
1077099, 1
1208183, 1
1217422, 1
12481, 1
863390, 1
601223, 1
1026689, 1
1226007, 1
1079816, 1
758484, 1
18274, 1
1183656, 1
757777, 1
2681, 1
865685, 1
1208395, 1
1220738, 1
1079699, 1
569237, 1
1028125, 1
1093998, 1
4304, 1
2836, 1
1186730, 1
555198, 1
7897, 1
1078, 1
1078584, 1
22156, 1
1213028, 1
1207274, 1
1185580, 1
2207, 1
30640, 1
867202, 1
30903, 1
1201950, 1
1211722, 1
975649, 1
27363, 1
1028005, 1
1215536, 1
567214, 1
1245933, 1
16304, 1
981356, 1
20784, 1
707424, 1
1225453, 1
1185208, 1
1072971, 1
1210531, 1
1025483, 1
1214820, 1
1214848, 1
1079793, 1
1026559, 1
1186410, 1
1238834, 1
859133, 1
1079696, 1
1205732, 1
1191930, 1
542891, 1
775204, 1
571143, 1
12553, 1
1028092, 1
1200455, 1
2225, 1
569792, 1
1228376, 1
1211633, 1
1218415, 1
1105665, 1
7080, 1
1102043, 1
1183441, 1
29750, 1
18511, 1
1210152, 1
6030, 1
1225490, 1
1228708, 1
624214, 1
1186197, 1
1192642, 1
5590, 1
1208991, 1
558566, 1
557902, 1
13573, 1
1027958, 1
1066100, 1
20482, 1
1205088, 1
982013, 1
1187387, 1
567718, 1
1459, 1
616672, 1
1188006, 1
1185526, 1
21078, 1
504742, 1
1213926, 1
1220732, 1
20789, 1
1066523, 1
1188373, 1
1187959, 1
561682, 1
1006328, 1
1525815, 1
21045, 1
1225311, 1
972495, 1
1206017, 1
1222359, 1
770922, 1
1184756, 1
1005752, 1
1189518, 1
1028057, 1
1209186, 1
13008, 1
1186184, 1
567849, 1
755004, 1
1223886, 1
22871, 1
1216888, 1
1094136, 1
1071766, 1
985547, 1
1094240, 1
1178678, 1
540956, 1
1186042, 1
16917, 1
1191406, 1
1208824, 1
1185520, 1
1102759, 1
1205377, 1
4938, 1
21007, 1
768353, 1
510209, 1
982779, 1
1184184, 1
1095061, 1
1039084, 1
1208635, 1
1183605, 1
867004, 1
1218026, 1
1217740, 1
27812, 1
542264, 1
16483, 1
1028124, 1
1079794, 1
861511, 1
972733, 1
1187975, 1
732235, 1
22656, 1
1192897, 1
1103894, 1
754601, 1
1185599, 1
1208864, 1
556391, 1
510724, 1
1026699, 1
2192, 1
979234, 1
1228027, 1
1212640, 1
1192886, 1
1185635, 1
1185639, 1
7359, 1
17036, 1
567933, 1
11670, 1
1214497, 1
558139, 1
1026863, 1
982981, 1
1399857, 1
757780, 1
1208296, 1
1185135, 1
1209847, 1
3216222, 1
1197933, 1
1226659, 1
1217162, 1
7956, 1
556562, 1
1028024, 1
374, 1
1187299, 1
1184721, 1
1218356, 1
5353, 1
1186836, 1
863751, 1
1106340, 1
13225, 1
972794, 1
569941, 1
866665, 1
1216796, 1
24599, 1
1225523, 1
1028212, 1
1213165, 1
1975124, 1
15709, 1
17042, 1
978919, 1
773103, 1
1199796, 1
1192784, 1
1245931, 1
1210024, 1
1246178, 1
1103461, 1
1223004, 1
23580, 1
19927, 1
1080733, 1
1187501, 1
1186286, 1
1205857, 1
1178953, 1
1201197, 1
35143, 1
1023924, 1
1026429, 1
1187772, 1
21486, 1
1078683, 1
1186900, 1
1019280, 1
1018826, 1
1206354, 1
1225358, 1
1027950, 1
1222698, 1
1205786, 1
1191623, 1
1208964, 1
1064690, 1
1095649, 1
1018718, 1
7631, 1
865733, 1
1228687, 1
27568, 1
1184723, 1
1105051, 1
8606, 1
5714, 1
769294, 1
1188742, 1
1192254, 1
510493, 1
972463, 1
1222892, 1
1221257, 1
1406000, 1
1183229, 1
1184912, 1
1188915, 1
568168, 1
1213669, 1
1212558, 1
1186810, 1
1298, 1
1025402, 1
559378, 1
1202595, 1
8382, 1
1018674, 1
1183247, 1
1180456, 1
698392, 1
1106245, 1
30557, 1
1186013, 1
1228689, 1
1188998, 1
9266, 1
557816, 1
1095604, 1
23208, 1
30879, 1
22070, 1
643081, 1
2647103, 1
1026502, 1
18353, 1
864935, 1
1216610, 1
11468, 1
1199839, 1
1237274, 1
540707, 1
640447, 1
1083, 1
1185907, 1
1187983, 1
621176, 1
1205969, 1
607139, 1
1018703, 1
865521, 1
1023503, 1
1183963, 1
18398, 1
540822, 1
989695, 1
1079035, 1
862985, 1
1071862, 1
10485, 1
864982, 1
1027820, 1
999263, 1
1028312, 1
1220397, 1
1048199, 1
849670, 1
974336, 1
1227220, 1
1219186, 1
1019255, 1
1188776, 1
3216283, 1
504952, 1
1207668, 1
11217, 1
1183739, 1
1216728, 1
11665, 1
1095357, 1
1184554, 1
1084828, 1
1183222, 1
1048425, 1
561173, 1
1194932, 1
1185816, 1
1027823, 1
1022717, 1
1206267, 1
41472, 1
1094478, 1
18450, 1
1191420, 1
29887, 1
18282, 1
755342, 1
1212934, 1
972049, 1
1209360, 1
599, 1
11524, 1
13009, 1
573601, 1
864662, 1
1220941, 1
1184906, 1
1186621, 1
563000, 1
757722, 1
1191156, 1
1210036, 1
1224584, 1
349, 1
1078581, 1
1183232, 1
1028177, 1
554243, 1
7705, 1
1027792, 1
1208298, 1
1120747, 1
1191739, 1
22740, 1
1331, 1
20103, 1
1192038, 1
1027837, 1
1025496, 1
1016262, 1
772420, 1
1919, 1
20473, 1
2744, 1
1189800, 1
1078859, 1
11772, 1
1205433, 1
1206342, 1
1215258, 1
1216594, 1
1197323, 1
1095482, 1
1080345, 1
10173, 1
1228216, 1
27934, 1
545974, 1
10681, 1
1026790, 1
8, 1
1106322, 1
1027889, 1
1096841, 1
1184606, 1
1026834, 1
13138, 1
9341, 1
1222960, 1
27179, 1
20985, 1
1216207, 1
1008634, 1
1211673, 1
1213533, 1
1080178, 1
849804, 1
1186152, 1
1183837, 1
1228976, 1
1211323, 1
1078964, 1
765293, 1
1188813, 1
1207596, 1
966800, 1
1196294, 1
1025473, 1
23047, 1
1191285, 1
1019281, 1
1220697, 1
1025009, 1
1078593, 1
1026730, 1
20686, 1
21878, 1
28998, 1
29986, 1
1184017, 1
974672, 1
1079239, 1
1187531, 1
1173723, 1
1198525, 1
1214157, 1
676829, 1
23189, 1
1207672, 1
22339, 1
1023616, 1
1102478, 1
1080624, 1
1186498, 1
1197998, 1
1186314, 1
754784, 1
771708, 1
1187375, 1
17105, 1
1191834, 1
30028, 1
1214816, 1
1774, 1
18014, 1
1028055, 1
972176, 1
1207954, 1
979983, 1
766046, 1
1224408, 1
1027888, 1
1029374, 1
1116, 1
1018758, 1
20332, 1
1222888, 1
1196065, 1
1207857, 1
1026558, 1
1208636, 1
1215156, 1
849079, 1
541657, 1
1090, 1
1219818, 1
24131, 1
1026505, 1
1704, 1
771964, 1
1070, 1
570311, 1
1025406, 1
1446026, 1
1184049, 1
984358, 1
1187069, 1
1187534, 1
1187514, 1
978252, 1
1196188, 1
7087, 1
8133, 1
1217170, 1
1206716, 1
594, 1
30438, 1
1210507, 1
1226073, 1
1039121, 1
1103146, 1
1080279, 1
568664, 1
1187117, 1
867049, 1
867232, 1
981563, 1
29196, 1
1061298, 1
1188042, 1
1464, 1
1185593, 1
1042694, 1
1189687, 1
19251, 1
1221016, 1
759383, 1
2751389, 1
21438, 1
1193311, 1
9916, 1
760680, 1
1028302, 1
1216771, 1
13002, 1
1094457, 1
38006, 1
1106076, 1
1184143, 1
1213402, 1
1026546, 1
861889, 1
30407, 1
1209825, 1
3689, 1
1079623, 1
18021, 1
1185255, 1
758257, 1
1214518, 1
1187672, 1
976930, 1
569350, 1
30611, 1
640391, 1
982377, 1
976373, 1
608777, 1
10193, 1
1197924, 1
567220, 1
1094558, 1
542123, 1
1105031, 1
27529, 1
16596, 1
1211666, 1
28868, 1
1001827, 1
31449, 1
1184666, 1
23255, 1
1080127, 1
18243, 1
974325, 1
1105911, 1
1194754, 1
1079097, 1
1221419, 1
31145, 1
1216500, 1
1188839, 1
1207369, 1
977207, 1
1185348, 1
1186861, 1
1216604, 1
510098, 1
1187166, 1
780493, 1
1026813, 1
1024986, 1
1210057, 1
1199551, 1
1207523, 1
1246237, 1
556063, 1
29400, 1
1191008, 1
1205829, 1
1183123, 1
1212567, 1
1206604, 1
1018711, 1
1206264, 1
1201276, 1
1203310, 1
1219092, 1
569264, 1
1191153, 1
891774, 1
1246678, 1
1215200, 1
1201523, 1
1189510, 1
1226209, 1
1208517, 1
1216375, 1
1190945, 1
975857, 1
1028053, 1
571292, 1
557319, 1
30853, 1
1184720, 1
1195573, 1
1183294, 1
1095172, 1
40674, 1
973199, 1
567770, 1
1184767, 1
1217705, 1
984106, 1
1102147, 1
1218372, 1
1009823, 1
568186, 1
1323665, 1
1184398, 1
1198512, 1
16924, 1
1016271, 1
1191699, 1
1184550, 1
1225816, 1
21462, 1
1194053, 1
776082, 1
1223028, 1
1194431, 1
20434, 1
31257, 1
1186721, 1
1186963, 1
1217305, 1
1211262, 1
87, 1
561406, 1
507, 1
319, 1
1102328, 1
554416, 1
29877, 1
1348445, 1
1183216, 1
1026877, 1
1202005, 1
1008661, 1
1105869, 1
1183518, 1
1189916, 1
1072802, 1
1028118, 1
1186974, 1
1204674, 1
41095, 1
1216985, 1
1197827, 1
862865, 1
30630, 1
1211451, 1
26910, 1
1191013, 1
560588, 1
1184278, 1
1214452, 1
1028067, 1
1219139, 1
30842, 1
15965, 1
640444, 1
1206819, 1
1079079, 1
554511, 1
12627, 1
1105630, 1
567927, 1
1212526, 1
29689, 1
1219438, 1
14018, 1
1006323, 1
1245605, 1
867653, 1
1185168, 1
1198615, 1
1226835, 1
1223258, 1
1202354, 1
1185352, 1
1232377, 1
1106112, 1
1190852, 1
1209944, 1
8389, 1
1184779, 1
1016073, 1
153, 1
1217336, 1
558725, 1
1027893, 1
1227417, 1
866509, 1
1079832, 1
1217544, 1
9953, 1
1246707, 1
20390, 1
760509, 1
1101992, 1
1071694, 1
1185999, 1
1028343, 1
1245608, 1
864617, 1
13243, 1
571589, 1
1246448, 1
1008283, 1
1028152, 1
1018661, 1
1037, 1
1207721, 1
30434, 1
569376, 1
510521, 1
1192189, 1
1215498, 1
1232370, 1
1186901, 1
974469, 1
1028292, 1
1216365, 1
1077021, 1
1079249, 1
1194358, 1
1192296, 1
756067, 1
1101842, 1
1371109, 1
556781, 1
774, 1
1179946, 1
1025065, 1
542251, 1
1204241, 1
1204510, 1
1079184, 1
1186547, 1
542729, 1
8938, 1
1191594, 1
1187775, 1
1195853, 1
974525, 1
1025079, 1
1187248, 1
757, 1
1187161, 1
9961, 1
13525, 1
1185697, 1
1189260, 1
20916, 1
10281, 1
1227042, 1
1211053, 1
1185629, 1
1253258, 1
16751, 1
1023517, 1
979263, 1
1023593, 1
1184841, 1
1220559, 1
999516, 1
31167, 1
582293, 1
1237201, 1
1026416, 1
17229, 1
1185151, 1
2361, 1
17353, 1
1191157, 1
1018040, 1
864699, 1
1048165, 1
754215, 1
1102436, 1
1246302, 1
1072888, 1
1406596, 1
1078389, 1
139, 1
42307, 1
1824, 1
1189978, 1
1389035, 1
1079904, 1
1214634, 1
866693, 1
1078804, 1
555204, 1
754197, 1
971863, 1
1227470, 1
571003, 1
754929, 1
1188045, 1
1048392, 1
1566, 1
16254, 1
1187462, 1
1087480, 1
1026794, 1
1026397, 1
757829, 1
567750, 1
984699, 1
867351, 1
1106336, 1
1080077, 1
1028321, 1
568340, 1
21780, 1
13446, 1
1192725, 1
28614, 1
554758, 1
1212070, 1
1038976, 1
1206560, 1
570557, 1
1185589, 1
1039175, 1
30855, 1
1106137, 1
20037, 1
1539, 1
768347, 1
1196360, 1
1216929, 1
568607, 1
759690, 1
560988, 1
754384, 1
29751, 1
27652, 1
1019054, 1
1101052, 1
1182980, 1
1183396, 1
29723, 1
867352, 1
1005666, 1
1198536, 1
569802, 1
768267, 1
540794, 1
1215754, 1
1222082, 1
1028206, 1
762644, 1
1228110, 1
1183271, 1
978534, 1
20112, 1
973674, 1
641069, 1
2226502, 1
1186397, 1
1185632, 1
568170, 1
867870, 1
1287, 1
1042516, 1
1017, 1
553914, 1
1186740, 1
20338, 1
1094442, 1
1026441, 1
19227, 1
2647022, 1
1048197, 1
1346989, 1
1021323, 1
1671, 1
570159, 1
1213644, 1
1215893, 1
1207800, 1
1028181, 1
1221091, 1
1190700, 1
1072113, 1
1018744, 1
560090, 1
1188901, 1
973626, 1
1023608, 1
1028286, 1
1192219, 1
1206286, 1
17009, 1
976115, 1
21518, 1
2324, 1
1220164, 1
1028136, 1
1188357, 1
568155, 1
10172, 1
1219103, 1
1212066, 1
1097924, 1
1215426, 1
21407, 1
1219691, 1
1214525, 1
1079370, 1
12505, 1
1078811, 1
1028338, 1
1212289, 1
867770, 1
1094100, 1
30612, 1
552674, 1
1245940, 1
1823, 1
1028371, 1
1016333, 1
771895, 1
770426, 1
1098702, 1
757012, 1
1106065, 1
20673, 1
1025799, 1
561147, 1
1029741, 1
1195194, 1
1207420, 1
1330490, 1
1193715, 1
1094265, 1
567856, 1
13449, 1
2647025, 1
1101265, 1
818265, 1
1026419, 1
1191257, 1
505716, 1
1224435, 1
999117, 1
1184193, 1
865419, 1
13202, 1
1028271, 1
22267, 1
865045, 1
753082, 1
754184, 1
850291, 1
1185355, 1
1194579, 1
999377, 1
1188055, 1
1222405, 1
1181372, 1
27918, 1
1018657, 1
1185888, 1
30332, 1
10892, 1
1323723, 1
1211028, 1
649704, 1
1096818, 1
582464, 1
1184706, 1
1187088, 1
1218967, 1
1025525, 1
1211376, 1
1101983, 1
1184919, 1
13137, 1
1274, 1
1191872, 1
1206320, 1
35189, 1
974315, 1
1079844, 1
1192008, 1
764, 1
1205979, 1
30190, 1
1214667, 1
1217306, 1
1026684, 1
1106354, 1
545512, 1
1186568, 1
1186370, 1
1078415, 1
7938, 1
1200992, 1
1188039, 1
1205140, 1
1192199, 1
1019275, 1
667379, 1
1080495, 1
10516, 1
11251, 1
985288, 1
1048406, 1
1209065, 1
22028, 1
866663, 1
1078540, 1
1205898, 1
11294, 1
1217960, 1
1183364, 1
1252068, 1
542953, 1
568779, 1
690346, 1
1224686, 1
541971, 1
1209010, 1
1078961, 1
999388, 1
1023490, 1
1211354, 1
1105268, 1
1094397, 1
13222, 1
30722, 1
1209927, 1
1206239, 1
1209374, 1
680754, 1
1199098, 1
1209425, 1
1102649, 1
12467, 1
1190342, 1
1188050, 1
10736, 1
2243, 1
1227814, 1
1187241, 1
768145, 1
1187680, 1
1094466, 1
1015612, 1
510028, 1
9919, 1
1183742, 1
1187880, 1
705830, 1
18381, 1
1026822, 1
862980, 1
545665, 1
1120750, 1
769935, 1
1180498, 1
1216667, 1
1184149, 1
1210773, 1
1028122, 1
1227245, 1
1078929, 1
1197440, 1
1245868, 1
9870, 1
1025675, 1
1220149, 1
565597, 1
29763, 1
1216126, 1
1094653, 1
757594, 1
1191604, 1
9281, 1
997015, 1
1217468, 1
1191911, 1
1078990, 1
1184653, 1
30182, 1
11213, 1
1094121, 1
680222, 1
569803, 1
1183563, 1
1183663, 1
1102404, 1
1206855, 1
1190391, 1
11382, 1
1183144, 1
558506, 1
1214854, 1
8884, 1
1429, 1
1186632, 1
11284, 1
1222475, 1
976064, 1
615821, 1
1187980, 1
6443, 1
863677, 1
1042395, 1
112, 1
1189474, 1
1087517, 1
1186340, 1
540795, 1
1028141, 1
1029659, 1
1217616, 1
1215961, 1
1214158, 1
1189640, 1
1188470, 1
1023632, 1
1207152, 1
685441, 1
1219977, 1
1026858, 1
1039385, 1
1184029, 1
1192463, 1
557081, 1
1187132, 1
1104050, 1
582774, 1
1191645, 1
1206843, 1
28248, 1
567416, 1
999357, 1
1220388, 1
1196963, 1
1208936, 1
1094580, 1
1188658, 1
18, 1
1042549, 1
1228626, 1
982321, 1
1106180, 1
1018947, 1
1078543, 1
867907, 1
1217621, 1
1198320, 1
1217818, 1
2849, 1
1185289, 1
1005829, 1
569760, 1
1028133, 1
581781, 1
1025027, 1
1206135, 1
780132, 1
1218034, 1
978806, 1
1188417, 1
1185402, 1
1078524, 1
865193, 1
559965, 1
1026485, 1
17906, 1
602, 1
29117, 1
1027865, 1
1181500, 1
1183109, 1
981310, 1
30597, 1
1186048, 1
16753, 1
569, 1
144, 1
1018755, 1
7168, 1
1026635, 1
556777, 1
1189138, 1
22260, 1
1214517, 1
1211290, 1
30737, 1
554781, 1
1205711, 1
9062, 1
1187063, 1
1103933, 1
625397, 1
862732, 1
1196069, 1
18954, 1
561499, 1
5063, 1
1217595, 1
1025297, 1
979041, 1
30250, 1
16733, 1
976397, 1
1078726, 1
1026825, 1
972125, 1
1187685, 1
1007768, 1
1215201, 1
20998, 1
8307, 1
1187732, 1
1184795, 1
1245558, 1
1217586, 1
1213577, 1
1186776, 1
1245665, 1
1181755, 1
2797, 1
1213815, 1
776911, 1
1094426, 1
1207898, 1
866046, 1
1099093, 1
601253, 1
1087228, 1
20565, 1
979985, 1
30494, 1
765347, 1
540955, 1
1100338, 1
1184046, 1
2187, 1
1186981, 1
1028386, 1
7204, 1
1205940, 1
1187884, 1
1188487, 1
1183172, 1
541587, 1
14210, 1
1393040, 1
1024941, 1
17161, 1
755489, 1
1215717, 1
1101941, 1
1038961, 1
549706, 1
567545, 1
20835, 1
998969, 1
2406, 1
1217763, 1
1185158, 1
1080612, 1
1225502, 1
1207206, 1
1187261, 1
1094902, 1
1225584, 1
1078242, 1
1184718, 1
510439, 1
1208191, 1
1220172, 1
569326, 1
1078586, 1
571472, 1
1080129, 1
1183306, 1
568954, 1
754882, 1
804, 1
2099, 1
1183844, 1
1187062, 1
997617, 1
1029537, 1
1078876, 1
753227, 1
1222950, 1
1025071, 1
24066, 1
1212439, 1
6169, 1
642725, 1
31420, 1
12659, 1
1028218, 1
1185966, 1
1208582, 1
1021424, 1
1205963, 1
570571, 1
13302, 1
1196512, 1
9956, 1
18000, 1
11819, 1
1183296, 1
1078547, 1
542777, 1
1192002, 1
1386422, 1
555731, 1
1028158, 1
1204177, 1
1018668, 1
983407, 1
1189066, 1
1186071, 1
1212499, 1
1094983, 1
1181689, 1
973245, 1
31160, 1
1186146, 1
1072629, 1
1190085, 1
1185579, 1
14208, 1
1080803, 1
1219898, 1
1237898, 1
1190315, 1
1206500, 1
1078614, 1
17037, 1
13265, 1
22384, 1
639263, 1
23221, 1
1370479, 1
1102089, 1
11831, 1
867368, 1
1245436, 1
9487, 1
2649, 1
1026748, 1
30061, 1
1184539, 1
973676, 1
1147626, 1
1028272, 1
971633, 1
1214051, 1
1184788, 1
1210765, 1
570393, 1
1659, 1
569334, 1
2281971, 1
11281, 1
1192321, 1
1191086, 1
1077244, 1
1187548, 1
1214221, 1
1210668, 1
1207233, 1
1200452, 1
1211259, 1
2653, 1
1177782, 1
1026670, 1
2133, 1
1208892, 1
974322, 1
723540, 1
16750, 1
973111, 1
1218008, 1
1190617, 1
1200180, 1
1102346, 1
1077167, 1
1208327, 1
9737, 1
11833, 1
1026412, 1
557720, 1
1224795, 1
1185249, 1
1216249, 1
570749, 1
2362521, 1
556118, 1
559723, 1
523, 1
753025, 1
1187369, 1
5939, 1
642740, 1
978009, 1
2294, 1
1208243, 1
1227940, 1
1198059, 1
867800, 1
865427, 1
1106258, 1
1190773, 1
2812, 1
1206515, 1
1183851, 1
1002197, 1
1095469, 1
1028276, 1
4603, 1
1191681, 1
1026486, 1
1026568, 1
8482, 1
23985, 1
1198914, 1
20661, 1
540806, 1
1191314, 1
12104, 1
1213285, 1
1210833, 1
1028023, 1
754673, 1
2647093, 1
1186636, 1
1042880, 1
1183275, 1
569425, 1
24121, 1
1882, 1
1226516, 1
1206016, 1
1078018, 1
23039, 1
30047, 1
1221726, 1
561277, 1
1210790, 1
30585, 1
16792, 1
143, 1
1210690, 1
651175, 1
10711, 1
1026895, 1
1212153, 1
1218273, 1
1106049, 1
1185473, 1
1205177, 1
1220036, 1
30880, 1
1101985, 1
1026629, 1
1038937, 1
1084794, 1
1183385, 1
1185868, 1
1026723, 1
973983, 1
1210282, 1
979972, 1
1186190, 1
1102767, 1
11584, 1
1078827, 1
3597, 1
862857, 1
864928, 1
1019094, 1
1186082, 1
984873, 1
1094789, 1
3598, 1
1186525, 1
1079690, 1
1023926, 1
1026352, 1
567753, 1
1028303, 1
540991, 1
20624, 1
1015, 1
1214536, 1
31330, 1
1026903, 1
1007906, 1
560815, 1
1079743, 1
6867, 1
984315, 1
1184443, 1
1079085, 1
759031, 1
559854, 1
1094423, 1
30481, 1
1206201, 1
2585, 1
7073, 1
1079251, 1
1186539, 1
11547, 1
10161, 1
2034418, 1
1186976, 1
1185259, 1
1197416, 1
557620, 1
560873, 1
24416, 1
1027848, 1
1193027, 1
1094463, 1
30060, 1
1184320, 1
2841, 1
1078378, 1
973986, 1
1208731, 1
1079229, 1
640922, 1
1188023, 1
557998, 1
1187822, 1
555031, 1
17875, 1
19739, 1
1179413, 1
556690, 1
1028432, 1
1186527, 1
1198836, 1
1023622, 1
9952, 1
1186986, 1
1377102, 1
17719, 1
1028375, 1
1219959, 1
1103618, 1
30623, 1
555081, 1
505626, 1
556215, 1
546568, 1
673129, 1
756744, 1
1245779, 1
1192676, 1
1226069, 1
859873, 1
22293, 1
1219013, 1
1192284, 1
1207903, 1
541084, 1
16511, 1
1206046, 1
865527, 1
14623, 1
9744, 1
47, 1
1028323, 1
1048515, 1
3742, 1
1025427, 1
1225551, 1
1213257, 1
3186, 1
1223778, 1
1196553, 1
3268, 1
1227490, 1
1173435, 1
571306, 1
1077802, 1
3802, 1
1186192, 1
1226002, 1
16644, 1
1184394, 1
1214147, 1
1205756, 1
569850, 1
504503, 1
1221528, 1
1206483, 1
1183628, 1
1198788, 1
1224775, 1
1091389, 1
754103, 1
1213895, 1
2317, 1
978510, 1
984612, 1
1077866, 1
1026637, 1
12109, 1
27764, 1
1188159, 1
1181016, 1
1191612, 1
752623, 1
7650, 1
16974, 1
1187593, 1
1224174, 1
1183599, 1
1212781, 1
6077, 1
1221433, 1
1205841, 1
1225494, 1
981207, 1
556236, 1
1186367, 1
1095643, 1
16230, 1
1252, 1
1214183, 1
1105990, 1
557225, 1
1178547, 1
1202750, 1
1027903, 1
2189, 1
25296, 1
1027995, 1
1204717, 1
1191473, 1
680599, 1
20987, 1
1205919, 1
1094428, 1
981549, 1
1245506, 1
1181237, 1
558400, 1
9164, 1
629015, 1
1224328, 1
3103, 1
1189245, 1
1212777, 1
1192625, 1
1215032, 1
554364, 1
1104663, 1
22332, 1
1094992, 1
1185384, 1
680401, 1
1028171, 1
556893, 1
31067, 1
540855, 1
1225363, 1
993, 1
1217086, 1
11345, 1
1078684, 1
573114, 1
28170, 1
1183440, 1
1191229, 1
560702, 1
1186614, 1
978679, 1
1190312, 1
1197186, 1
1079265, 1
1222982, 1
1080098, 1
1183248, 1
863026, 1
1101797, 1
11818, 1
22376, 1
1191709, 1
1245507, 1
1094023, 1
1018729, 1
862689, 1
554342, 1
23156, 1
23828, 1
983459, 1
1210405, 1
1224568, 1
1209202, 1
1203004, 1
10000, 1
978008, 1
1193166, 1
19856, 1
568072, 1
1185036, 1
625677, 1
759116, 1
570196, 1
1078911, 1
6485, 1
1213274, 1
11497, 1
1186995, 1
1048386, 1
13534, 1
973372, 1
13218, 1
685216, 1
11385, 1
1224756, 1
559928, 1
1206815, 1
997003, 1
1206895, 1
1226451, 1
1190632, 1
1094035, 1
12734, 1
10334, 1
1102217, 1
11565, 1
1017532, 1
1724, 1
1207181, 1
540809, 1
1191177, 1
21440, 1
1183754, 1
1207690, 1
1222733, 1
1227665, 1
571071, 1
758947, 1
510643, 1
16764, 1
1188999, 1
1087473, 1
941221, 1
1028270, 1
1206295, 1
1197029, 1
559533, 1
972310, 1
1220878, 1
1188302, 1
1226229, 1
1217589, 1
1225450, 1
1215659, 1
1027854, 1
1087485, 1
1210868, 1
22191, 1
20736, 1
21234, 1
1080528, 1
1197244, 1
1185288, 1
7940, 1
861626, 1
1222879, 1
6872, 1
1227875, 1
1218018, 1
999308, 1
1186099, 1
866003, 1
1023511, 1
1029531, 1
998917, 1
1246087, 1
979900, 1
1173526, 1
1026798, 1
20880, 1
1222931, 1
1207462, 1
1215715, 1
1190756, 1
1228631, 1
2647044, 1
1022803, 1
773181, 1
1026736, 1
3405, 1
956096, 1
21852, 1
1095196, 1
1220258, 1
21320, 1
1039, 1
1193767, 1
1408926, 1
3093, 1
1186060, 1
1139, 1
9743, 1
22352, 1
1207922, 1
1005895, 1
2152, 1
1228707, 1
1217341, 1
1026622, 1
19128, 1
1185631, 1
2217302, 1
1183383, 1
567412, 1
555074, 1
1039536, 1
763793, 1
570450, 1
1208263, 1
863682, 1
1106339, 1
1188056, 1
1185638, 1
38, 1
567406, 1
867212, 1
776549, 1
1224926, 1
647, 1
558713, 1
570454, 1
1183990, 1
8354, 1
18966, 1
1042920, 1
4975, 1
1185299, 1
1178514, 1
1222250, 1
1185570, 1
1223742, 1
1206034, 1
1209442, 1
1183339, 1
1211351, 1
1237224, 1
1027973, 1
29413, 1
1026403, 1
1026836, 1
1185557, 1
1189295, 1
568400, 1
1187005, 1
559628, 1
16740, 1
1018733, 1
27208, 1
558310, 1
1183865, 1
1106398, 1
1184294, 1
1228849, 1
704488, 1
1219157, 1
1026496, 1
4731, 1
1179227, 1
5055, 1
18032, 1
94, 1
13236, 1
760333, 1
1208763, 1
1219076, 1
567777, 1
1027952, 1
1026894, 1
5940, 1
1198261, 1
1018022, 1
1212938, 1
11754, 1
1191125, 1
1219700, 1
1027855, 1
1185291, 1
1186700, 1
1186281, 1
1209369, 1
1080768, 1
1187540, 1
1184700, 1
6253, 1
7093, 1
1094241, 1
1224546, 1
1079760, 1
977349, 1
11192, 1
1016264, 1
13536, 1
1026819, 1
1087532, 1
581958, 1
1249090, 1
18371, 1
1228445, 1
510099, 1
1225870, 1
1221402, 1
2462, 1
1042978, 1
1038834, 1
28968, 1
1213830, 1
31207, 1
568506, 1
1217567, 1
1831, 1
1213290, 1
541393, 1
1026763, 1
1079254, 1
1210413, 1
89, 1
1026604, 1
981249, 1
31413, 1
16841, 1
866500, 1
1028184, 1
1190110, 1
758632, 1
1217958, 1
4299, 1
1194167, 1
21158, 1
1213242, 1
1212187, 1
1607, 1
1079691, 1
1017530, 1
560883, 1
647532, 1
541010, 1
17271, 1
450, 1
1186975, 1
862844, 1
1223336, 1
556100, 1
1026636, 1
1018116, 1
1027951, 1
1206829, 1
769045, 1
1048108, 1
1186423, 1
1189002, 1
621938, 1
1214494, 1
18257, 1
1025689, 1
1094588, 1
28544, 1
720338, 1
752436, 1
997008, 1
772613, 1
20414, 1
1084805, 1
559514, 1
568263, 1
771971, 1
863648, 1
1079348, 1
1028344, 1
1225308, 1
1048167, 1
571493, 1
1184302, 1
1246308, 1
10059, 1
29529, 1
864735, 1
1106335, 1
1071423, 1
29868, 1
1188067, 1
1028301, 1
10186, 1
29974, 1
1225778, 1
583266, 1
1186581, 1
1183673, 1
1016272, 1
1212806, 1
1026396, 1
1188322, 1
1192755, 1
10096, 1
1238866, 1
1186096, 1
1213481, 1
14536, 1
22960, 1
562471, 1
570722, 1
21509, 1
1206668, 1
20760, 1
1186088, 1
1186115, 1
10616, 1
861440, 1
1026816, 1
1203300, 1
975799, 1
1025550, 1
1208084, 1
1188257, 1
1187176, 1
1094652, 1
4785, 1
1027908, 1
1245580, 1
1028156, 1
562048, 1
976892, 1
10906, 1
1213997, 1
1224563, 1
2740, 1
1102030, 1
1188428, 1
569265, 1
1233329, 1
570653, 1
1189793, 1
1192970, 1
567365, 1
30627, 1
3803, 1
1028128, 1
1205995, 1
1079874, 1
1184549, 1
1205369, 1
20033, 1
15683, 1
1076920, 1
1186987, 1
866189, 1
569309, 1
605650, 1
16096, 1
1187592, 1
1077808, 1
1102035, 1
1216845, 1
1094631, 1
14017, 1
22972, 1
13090, 1
580154, 1
1102059, 1
1026536, 1
771960, 1
1103, 1
2225608, 1
1213834, 1
1104374, 1
1226749, 1
16595, 1
1028243, 1
1048382, 1
1279, 1
1185794, 1
722903, 1
1186994, 1
1205473, 1
1217419, 1
17988, 1
13118, 1
1209972, 1
1223880, 1
1188992, 1
1207192, 1
545643, 1
867264, 1
1091415, 1
1018686, 1
569807, 1
1220721, 1
19729, 1
20706, 1
554236, 1
1246809, 1
1223824, 1
10366, 1
1215391, 1
1187397, 1
8119, 1
201, 1
12892, 1
1027996, 1
19385, 1
1026608, 1
864996, 1
10209, 1
1103603, 1
1202016, 1
1208184, 1
1189127, 1
1026646, 1
1213890, 1
973586, 1
1222903, 1
1079977, 1
1206614, 1
1172913, 1
1095560, 1
1205975, 1
1211502, 1
1101056, 1
21503, 1
10643, 1
1216413, 1
1212458, 1
567677, 1
1193093, 1
1094431, 1
1077348, 1
1208292, 1
1208224, 1
1072579, 1
1094169, 1
20449, 1
765026, 1
17145, 1
1189345, 1
22765, 1
1026514, 1
1027917, 1
1018714, 1
1027955, 1
1216638, 1
1025440, 1
10468, 1
1042514, 1
1023488, 1
1192748, 1
1203616, 1
1105712, 1
9776, 1
7751, 1
31630, 1
559272, 1
568594, 1
1009735, 1
1222908, 1
568820, 1
1185939, 1
1019087, 1
28987, 1
619128, 1
1219104, 1
1226531, 1
1184707, 1
1079214, 1
1185855, 1
1026431, 1
24563, 1
1183205, 1
579188, 1
29090, 1
1022605, 1
1197586, 1
1775, 1
1016293, 1
1185121, 1
985439, 1
1342458, 1
611448, 1
1219503, 1
7759, 1
2772, 1
11287, 1
1183591, 1
1180557, 1
1077361, 1
1094747, 1
1147618, 1
1208522, 1
1190366, 1
505344, 1
30798, 1
1102084, 1
16326, 1
1224300, 1
1042917, 1
30875, 1
1106024, 1
755546, 1
532273, 1
1079072, 1
531981, 1
1208075, 1
755264, 1
1211616, 1
975109, 1
1198840, 1
1205792, 1
1205531, 1
583712, 1
1406914, 1
1731, 1
1028379, 1
22277, 1
1207441, 1
628782, 1
1186347, 1
867838, 1
13171, 1
1028363, 1
2217621, 1
23015, 1
22763, 1
1205604, 1
1211077, 1
1028000, 1
1172848, 1
20237, 1
1187011, 1
561310, 1
1028038, 1
15746, 1
6917, 1
1025584, 1
1187741, 1
4667, 1
11209, 1
1246377, 1
623043, 1
10923, 1
20082, 1
973364, 1
1190212, 1
758010, 1
542939, 1
30189, 1
2646993, 1
1186784, 1
1186078, 1
1079780, 1
1078694, 1
1186420, 1
1192699, 1
1224233, 1
1184474, 1
1209931, 1
13954, 1
1183384, 1
1080665, 1
1186211, 1
2267, 1
1188053, 1
768889, 1
559534, 1
1187584, 1
1217414, 1
1077270, 1
1026421, 1
1207952, 1
1084759, 1
7436, 1
1217922, 1
1206054, 1
983445, 1
1213428, 1
22117, 1
1026896, 1
1216142, 1
10009, 1
978086, 1
485, 1
1007652, 1
1187162, 1
862854, 1
26, 1
1187682, 1
1198015, 1
1028297, 1
1027859, 1
5859, 1
20632, 1
555932, 1
1094576, 1
1103629, 1
22991, 1
31414, 1
1190697, 1
972286, 1
973241, 1
1184337, 1
1212360, 1
569121, 1
18133, 1
30375, 1
17535, 1
1189121, 1
1208218, 1
30602, 1
1229206, 1
1211824, 1
1226170, 1
1102530, 1
15687, 1
776170, 1
1183434, 1
541720, 1
1025654, 1
1084809, 1
1203313, 1
1245578, 1
1025874, 1
1190767, 1
20630, 1
1206875, 1
568354, 1
1188172, 1
2551, 1
1077776, 1
1217755, 1
1187440, 1
7926, 1
1191002, 1
974464, 1
1209064, 1
1026744, 1
557667, 1
1207662, 1
559901, 1
7821, 1
1183363, 1
225, 1
1079968, 1
864621, 1
1193638, 1
11351, 1
1026520, 1
1216166, 1
1025685, 1
779898, 1
768987, 1
1187167, 1
1186713, 1
863264, 1
850962, 1
1042895, 1
1208144, 1
1206331, 1
505692, 1
582060, 1
1183611, 1
1187810, 1
1245522, 1
1191877, 1
1186916, 1
16766, 1
555778, 1
1209722, 1
1246803, 1
1211996, 1
1209352, 1
1026442, 1
1212754, 1
1183907, 1
570297, 1
862690, 1
1224377, 1
1186781, 1
1185952, 1
1186447, 1
1217183, 1
1094322, 1
1025043, 1
570677, 1
1214531, 1
571172, 1
568789, 1
1201279, 1
972868, 1
997106, 1
1028198, 1
1106244, 1
1185301, 1
1026738, 1
13203, 1
567526, 1
23995, 1
1773, 1
23183, 1
17827, 1
24417, 1
1026656, 1
757883, 1
1039443, 1
1190774, 1
569095, 1
30922, 1
1018053, 1
1188160, 1
21684, 1
1102877, 1
1228877, 1
1079310, 1
1216923, 1
1225596, 1
1187789, 1
622508, 1
975651, 1
1201626, 1
1204057, 1
1184450, 1
982557, 1
755561, 1
2018487, 1
675287, 1
1412175, 1
30705, 1
13092, 1
1095697, 1
1443298, 1
6520, 1
1188914, 1
865402, 1
22217, 1
561681, 1
27409, 1
7930, 1
1224590, 1
568270, 1
1207263, 1
2170, 1
559278, 1
30809, 1
570855, 1
13237, 1
1245800, 1
1200784, 1
1190092, 1
1227203, 1
1103315, 1
20847, 1
15308, 1
1027867, 1
1189015, 1
30364, 1
12657, 1
1025524, 1
1214374, 1
541859, 1
1078635, 1
952566, 1
1194133, 1
1185460, 1
754676, 1
1210878, 1
1184749, 1
10257, 1
9574, 1
975142, 1
1246600, 1
1106179, 1
758603, 1
1187673, 1
1210041, 1
1201665, 1
574273, 1
1206397, 1
985291, 1
1245731, 1
780140, 1
1224425, 1
1572, 1
862800, 1
1025571, 1
571428, 1
22683, 1
21167, 1
22130, 1
568360, 1
1191019, 1
1209566, 1
1223502, 1
974062, 1
754984, 1
1186521, 1
1106357, 1
23263, 1
1245579, 1
1186653, 1
1220210, 1
1219398, 1
554389, 1
568638, 1
1079219, 1
1094093, 1
1191191, 1
1187749, 1
1199370, 1
3217263, 1
1106152, 1
1256614, 1
1208696, 1
1220028, 1
1019272, 1
1210673, 1
975644, 1
1226664, 1
1192341, 1
1384, 1
1224393, 1
1078673, 1
10145, 1
1183669, 1
1028361, 1
3079, 1
1246640, 1
647252, 1
1106015, 1
1212765, 1
10200, 1
23794, 1
23121, 1
865386, 1
555246, 1
567430, 1
18545, 1
1106281, 1
1246613, 1
11526, 1
67, 1
1186823, 1
567614, 1
1098122, 1
1028170, 1
12752, 1
28228, 1
775874, 1
559813, 1
1213018, 1
28752, 1
1246810, 1
4508, 1
1026593, 1
1209342, 1
1079790, 1
1212897, 1
1178161, 1
1225103, 1
1226219, 1
1185522, 1
1080835, 1
1217114, 1
1025748, 1
1176747, 1
1219085, 1
865956, 1
11021, 1
985540, 1
1079726, 1
1186054, 1
9483, 1
1210497, 1
7234, 1
1805, 1
680706, 1
1205741, 1
1105575, 1
1025588, 1
1207003, 1
662, 1
1804, 1
1191364, 1
1179932, 1
1183225, 1
981364, 1
696695, 1
1225690, 1
1207947, 1
1080442, 1
1026810, 1
978262, 1
1201145, 1
1202283, 1
31298, 1
567844, 1
1216312, 1
1213873, 1
559311, 1
1028045, 1
1208548, 1
567014, 1
1078592, 1
1187674, 1
1185594, 1
1094920, 1
1025503, 1
1188697, 1
865353, 1
1187791, 1
1095053, 1
1220174, 1
29621, 1
1095650, 1
759334, 1
1186661, 1
1028278, 1
862983, 1
561189, 1
865005, 1
1209054, 1
971794, 1
31426, 1
19876, 1
1179963, 1
1224874, 1
13149, 1
1039233, 1
1066274, 1
542888, 1
1211199, 1
1186056, 1
1008483, 1
1026857, 1
1209105, 1
10256, 1
19217, 1
568707, 1
1207404, 1
1184454, 1
554719, 1
28352, 1
1206706, 1
972494, 1
27366, 1
972099, 1
1102895, 1
1181137, 1
1183258, 1
37657, 1
675555, 1
16747, 1
765292, 1
1207392, 1
1079908, 1
1219821, 1
984635, 1
1018822, 1
984555, 1
6018, 1
757858, 1
2410, 1
1211746, 1
16745, 1
1210026, 1
1245882, 1
984351, 1
1225381, 1
6112, 1
1186514, 1
1096993, 1
1226618, 1
1358047, 1
6908, 1
1094321, 1
1217363, 1
1026628, 1
1094989, 1
1206698, 1
1192228, 1
570037, 1
1023560, 1
1077140, 1
570604, 1
1227326, 1
1101994, 1
1102475, 1
1193798, 1
1215332, 1
1078873, 1
1182538, 1
34284, 1
1396061, 1
1185796, 1
567767, 1
1186446, 1
1206724, 1
756172, 1
1221977, 1
1080052, 1
1027819, 1
1200026, 1
1219716, 1
1185205, 1
29909, 1
1014138, 1
21887, 1
1185817, 1
1025136, 1
1224630, 1
30506, 1
1026574, 1
1101228, 1
1028103, 1
1091404, 1
569927, 1
18407, 1
1219715, 1
1225012, 1
1217724, 1
541485, 1
10047, 1
1194374, 1
21242, 1
2355, 1
1246045, 1
1217304, 1
1606, 1
1028037, 1
1186849, 1
30621, 1
1187875, 1
1101055, 1
1185852, 1
1220119, 1
1027966, 1
1184402, 1
1102438, 1
1212377, 1
675700, 1
568555, 1
1194160, 1
1188649, 1
1094362, 1
1217177, 1
1209695, 1
1186561, 1
11317, 1
16283, 1
1026747, 1
18484, 1
1187407, 1
984055, 1
2239955, 1
1184392, 1
2845, 1
1079357, 1
30491, 1
1223806, 1
1193048, 1
723463, 1
1039227, 1
561177, 1
4120, 1
753669, 1
22505, 1
1101280, 1
1217959, 1
1106063, 1
1191796, 1
22335, 1
976347, 1
1208754, 1
1190707, 1
571044, 1
1016317, 1
11280, 1
8033, 1
974421, 1
1223814, 1
1101229, 1
7180, 1
1042894, 1
1077233, 1
1187690, 1
20538, 1
982016, 1
1185171, 1
1187851, 1
556702, 1
1077329, 1
973534, 1
573855, 1
1188018, 1
4992, 1
1245965, 1
1187332, 1
973065, 1
1026457, 1
6913, 1
1208500, 1
568631, 1
1642, 1
985289, 1
8120, 1
1190746, 1
1102105, 1
754699, 1
976828, 1
978495, 1
579718, 1
29742, 1
1187717, 1
21062, 1
1208609, 1
541626, 1
1206849, 1
1211332, 1
1186840, 1
1042511, 1
974341, 1
1203369, 1
23211, 1
1181313, 1
7497, 1
1208623, 1
1207930, 1
19752, 1
1185935, 1
1008832, 1
1103990, 1
12696, 1
1219226, 1
1210994, 1
1207411, 1
1195522, 1
2767055, 1
1183525, 1
1210275, 1
1026498, 1
1192042, 1
985506, 1
756752, 1
8787, 1
1029640, 1
1079298, 1
979013, 1
1026704, 1
1213874, 1
1026677, 1
1027869, 1
1092281, 1
1208283, 1
561050, 1
1187458, 1
1219080, 1
980061, 1
1369275, 1
13200, 1
1103685, 1
557347, 1
1018807, 1
1246737, 1
1206977, 1
1198361, 1
7544, 1
1217069, 1
690914, 1
23032, 1
1219500, 1
1221744, 1
1080829, 1
1212440, 1
30328, 1
1094004, 1
1026391, 1
1182893, 1
20355, 1
1207695, 1
1206308, 1
9909, 1
1188616, 1
1232384, 1
13223, 1
24669, 1
1207197, 1
22064, 1
29116, 1
22211, 1
1078880, 1
1209009, 1
1029357, 1
1209526, 1
1222, 1
867345, 1
1183956, 1
974747, 1
1184728, 1
6995, 1
1245648, 1
1026708, 1
1213915, 1
1216700, 1
652399, 1
1207014, 1
2225324, 1
1184316, 1
1205900, 1
1191857, 1
1026682, 1
974435, 1
1227873, 1
33436, 1
1026585, 1
4311, 1
1183141, 1
1189141, 1
1028153, 1
696529, 1
3411, 1
625915, 1
631961, 1
1104518, 1
1208549, 1
1217606, 1
19849, 1
1376683, 1
1187292, 1
1223788, 1
5114, 1
1214310, 1
23972, 1
31412, 1
9275, 1
1200103, 1
1027791, 1
21456, 1
1225393, 1
1202625, 1
13474, 1
4219, 1
601241, 1
11807, 1
540926, 1
1080547, 1
17853, 1
1185161, 1
1385937, 1
8605, 1
556742, 1
1067619, 1
1208633, 1
20917, 1
21379, 1
1078674, 1
1207704, 1
759281, 1
1213052, 1
1183676, 1
1205402, 1
972534, 1
1199856, 1
1001925, 1
1220198, 1
13250, 1
1028249, 1
1041974, 1
1096783, 1
1197169, 1
1223542, 1
21198, 1
760418, 1
9563, 1
1192315, 1
11755, 1
21040, 1
1025728, 1
1192408, 1
555095, 1
16855, 1
1094226, 1
677061, 1
1210217, 1
1246153, 1
1078235, 1
1212818, 1
30846, 1
571469, 1
18707, 1
1187113, 1
1183250, 1
1225361, 1
999507, 1
1208861, 1
1210077, 1
726702, 1
504650, 1
18442, 1
5457, 1
864994, 1
1186918, 1
8098, 1
1066078, 1
1193575, 1
17783, 1
24670, 1
1212421, 1
1210921, 1
757930, 1
1197276, 1
1208128, 1
1209712, 1
1212534, 1
706249, 1
1026571, 1
567574, 1
1238832, 1
1038876, 1
1192978, 1
1207431, 1
1026866, 1
2370, 1
1202260, 1
1027974, 1
867246, 1
1008559, 1
571468, 1
1190664, 1
973157, 1
1206304, 1
1183988, 1
6301, 1
477, 1
555978, 1
560641, 1
10649, 1
1079729, 1
1078402, 1
1195358, 1
1984, 1
16513, 1
1225433, 1
1179308, 1
755189, 1
1225025, 1
862586, 1
1249332, 1
28282, 1
1225558, 1
1078494, 1
1217747, 1
1188293, 1
1106069, 1
3828, 1
1193832, 1
1198056, 1
975872, 1
1219442, 1
556674, 1
557375, 1
1102236, 1
1023624, 1
1212839, 1
1210437, 1
1347073, 1
1048164, 1
1224123, 1
1226617, 1
1222882, 1
1209462, 1
10203, 1
1103846, 1
1222741, 1
2212762, 1
862853, 1
580941, 1
570864, 1
1004526, 1
1184566, 1
1208988, 1
1218195, 1
1184308, 1
1184358, 1
1025425, 1
11832, 1
3467, 1
1039117, 1
1225846, 1
1226638, 1
1103127, 1
1217575, 1
31141, 1
22018, 1
1194088, 1
1186833, 1
645272, 1
1184182, 1
17777, 1
1026674, 1
18611, 1
1023935, 1
772199, 1
651786, 1
1384488, 1
500, 1
862289, 1
1217557, 1
1191035, 1
1023610, 1
1245592, 1
1210461, 1
627640, 1
771959, 1
1184933, 1
720995, 1
570050, 1
1080785, 1
1184421, 1
1211339, 1
22237, 1
680606, 1
1183903, 1
1208259, 1
1048544, 1
28613, 1
1183750, 1
1198832, 1
981375, 1
862696, 1
1382591, 1
752927, 1
1016276, 1
1079810, 1
1197433, 1
1095082, 1
1080424, 1
1027809, 1
1042552, 1
1026654, 1
1209411, 1
1183705, 1
1677, 1
1205820, 1
10463, 1
1207275, 1
1028265, 1
1306, 1
22292, 1
1206012, 1
1028240, 1
1102302, 1
609413, 1
4893, 1
1207856, 1
1206800, 1
12760, 1
17747, 1
1026750, 1
560725, 1
1102559, 1
1814, 1
772176, 1
1189454, 1
1225906, 1
1026606, 1
10129, 1
7169, 1
18635, 1
1025838, 1
568683, 1
569047, 1
1223870, 1
1894, 1
1078826, 1
1079867, 1
980, 1
606949, 1
559256, 1
866214, 1
23265, 1
540635, 1
756292, 1
752441, 1
1072824, 1
560262, 1
1205835, 1
540953, 1
1206527, 1
1094034, 1
18292, 1
1026594, 1
1190854, 1
1211587, 1
1105851, 1
1226112, 1
1208330, 1
982244, 1
698206, 1
1024974, 1
12072, 1
883306, 1
864942, 1
569050, 1
759300, 1
1094116, 1
1079300, 1
1223959, 1
2985, 1
1026826, 1
980200, 1
646750, 1
979293, 1
182, 1
1229105, 1
1026569, 1
1186544, 1
1188288, 1
1217979, 1
1190815, 1
1186268, 1
1026448, 1
1216756, 1
1184314, 1
1186934, 1
2912506, 1
1208377, 1
20774, 1
1188037, 1
136, 1
1099106, 1
17023, 1
1192206, 1
1184899, 1
1222252, 1
2553, 1
1189350, 1
1208394, 1
1103232, 1
1224647, 1
16263, 1
1184541, 1
569102, 1
938875, 1
30725, 1
1078970, 1
757867, 1
1187969, 1
1029626, 1
23227, 1
1224033, 1
975195, 1
1099084, 1
1215019, 1
975321, 1
1077097, 1
1206042, 1
1186496, 1
1095148, 1
1206037, 1
1095305, 1
1207950, 1
554150, 1
1207086, 1
554650, 1
1191876, 1
1183116, 1
1226602, 1
1190880, 1
1105965, 1
1207748, 1
16481, 1
984, 1
1186008, 1
976356, 1
1079958, 1
1028406, 1
1186780, 1
1105989, 1
541830, 1
1105908, 1
1026624, 1
1205953, 1
977242, 1
2619, 1
18648, 1
1206674, 1
1211229, 1
11580, 1
1104674, 1
983509, 1
1212679, 1
1183965, 1
556049, 1
29218, 1
11419, 1
1228020, 1
760316, 1
1080654, 1
1184676, 1
1080197, 1
1225307, 1
570684, 1
766423, 1
1188078, 1
727115, 1
28057, 1
1204736, 1
971740, 1
1094709, 1
769398, 1
1218730, 1
1212523, 1
1213435, 1
569019, 1
570832, 1
1040425, 1
984762, 1
1217018, 1
1183157, 1
1206099, 1
1268190, 1
1039273, 1
504856, 1
1206687, 1
770175, 1
1190720, 1
22662, 1
1185785, 1
1208950, 1
752417, 1
1210640, 1
1025011, 1
1197249, 1
972664, 1
1018027, 1
113, 1
1183261, 1
1247360, 1
1200120, 1
30787, 1
35749, 1
17243, 1
1204042, 1
1185166, 1
1187755, 1
1080177, 1
1105871, 1
1078756, 1
976280, 1
1215948, 1
569788, 1
1345, 1
1027929, 1
600561, 1
1206932, 1
1207186, 1
1063005, 1
488, 1
1208952, 1
1184712, 1
754469, 1
863718, 1
1228113, 1
9958, 1
1216823, 1
1205920, 1
1185271, 1
1195591, 1
1186898, 1
1205843, 1
10049, 1
978270, 1
567191, 1
975657, 1
1210583, 1
650503, 1
23029, 1
1087226, 1
1187763, 1
5080, 1
1185556, 1
13126, 1
860798, 1
1183774, 1
1223719, 1
1026685, 1
1222551, 1
1224913, 1
1207720, 1
1184472, 1
1225256, 1
1025128, 1
3250, 1
16663, 1
23141, 1
1214885, 1
1185125, 1
1028189, 1
15109, 1
1094850, 1
1213881, 1
13272, 1
1215601, 1
1224001, 1
29459, 1
569744, 1
1206718, 1
1189119, 1
1201333, 1
80, 1
1189391, 1
558268, 1
1078841, 1
1183733, 1
1042429, 1
1213203, 1
1025819, 1
680512, 1
1224535, 1
1204087, 1
727331, 1
867318, 1
862259, 1
685136, 1
1106219, 1
1017510, 1
30607, 1
1207783, 1
560014, 1
1019276, 1
973689, 1
1217417, 1
1025769, 1
1195859, 1
18390, 1
765995, 1
1226436, 1
1106314, 1
861597, 1
754382, 1
570035, 1
1212422, 1
1769, 1
1188823, 1
15839, 1
8864, 1
30335, 1
1226445, 1
1247540, 1
1205536, 1
1080740, 1
758792, 1
1188129, 1
1226844, 1
1099091, 1
811, 1
532650, 1
24217, 1
9381, 1
4808, 1
604318, 1
1188076, 1
1211823, 1
29131, 1
19890, 1
1072192, 1
10677, 1
1006399, 1
632864, 1
1205959, 1
558323, 1
1185140, 1
1225267, 1
1106365, 1
15668, 1
1207156, 1
1211294, 1
1189399, 1
1185910, 1
1219434, 1
1224663, 1
10398, 1
7839, 1
997099, 1
1028185, 1
973936, 1
1018741, 1
1026850, 1
1063610, 1
1028393, 1
620069, 1
1213010, 1
1192369, 1
3098, 1
850006, 1
1386773, 1
562767, 1
1208438, 1
23660, 1
1028345, 1
1211636, 1
556157, 1
570156, 1
1026385, 1
11296, 1
1193428, 1
1217382, 1
999120, 1
21819, 1
775185, 1
973876, 1
1186543, 1
1026527, 1
1183996, 1
1183351, 1
1028098, 1
775864, 1
554479, 1
1026625, 1
1202657, 1
1186444, 1
2108, 1
625402, 1
14209, 1
23083, 1
1019051, 1
1026479, 1
11743, 1
1079267, 1
976893, 1
561124, 1
20663, 1
1216386, 1
1079868, 1
10510, 1
1185091, 1
1194467, 1
9761, 1
1205931, 1
976867, 1
1212141, 1
1184506, 1
1213248, 1
23643, 1
1105082, 1
1224364, 1
4584, 1
1185563, 1
1197201, 1
768479, 1
2647032, 1
1225589, 1
1195540, 1
774873, 1
1216561, 1
1191833, 1
1220700, 1
9390, 1
7874, 1
1221628, 1
4454, 1
1026392, 1
562607, 1
1186858, 1
1207050, 1
1184334, 1
841, 1
28317, 1
1186964, 1
754535, 1
979614, 1
1188644, 1
1209574, 1
772188, 1
19151, 1
20231, 1
1223794, 1
1213088, 1
1026657, 1
979973, 1
1429387, 1
1216624, 1
12537, 1
863035, 1
1246664, 1
1195842, 1
20190, 1
1008865, 1
8760, 1
1077463, 1
15958, 1
1187077, 1
20637, 1
972845, 1
1187157, 1
11971, 1
1213880, 1
1221400, 1
19887, 1
1217780, 1
810, 1
1188620, 1
567290, 1
866604, 1
772287, 1
1245831, 1
11023, 1
757799, 1
1096823, 1
1103581, 1
1199583, 1
1094795, 1
1185582, 1
1019110, 1
22138, 1
7191, 1
1026543, 1
1210125, 1
867357, 1
1187290, 1
1212127, 1
16043, 1
755321, 1
1188096, 1
982243, 1
1207745, 1
760151, 1
1186294, 1
1185558, 1
567554, 1
1080715, 1
1247332, 1
1072004, 1
764647, 1
1214483, 1
1247074, 1
1210094, 1
1194737, 1
22144, 1
557562, 1
1226552, 1
1091370, 1
561949, 1
1222515, 1
1180256, 1
1246918, 1
1188890, 1
1206374, 1
542208, 1
1016281, 1
1025087, 1
574423, 1
1028142, 1
1026650, 1
1202952, 1
764648, 1
1102508, 1
1188284, 1
1094286, 1
554814, 1
975838, 1
561103, 1
1219065, 1
17340, 1
1205615, 1
1192313, 1
2750991, 1
1018713, 1
1026453, 1
1079781, 1
570071, 1
978652, 1
559569, 1
1026839, 1
1206436, 1
9374, 1
759400, 1
1027919, 1
569151, 1
1185627, 1
1189913, 1
977426, 1
1200616, 1
1209864, 1
570596, 1
1206345, 1
1102597, 1
759835, 1
569458, 1
1225847, 1
17577, 1
862779, 1
21906, 1
1994, 1
1208432, 1
1214442, 1
1210258, 1
1185056, 1
1195159, 1
1197793, 1
757563, 1
617291, 1
12906, 1
220, 1
2726, 1
32777, 1
1207221, 1
1183206, 1
1079003, 1
1106118, 1
1028298, 1
977347, 1
1027998, 1
1198263, 1
31288, 1
2901842, 1
973933, 1
974906, 1
6977, 1
1245676, 1
772146, 1
20868, 1
1227729, 1
771832, 1
1186775, 1
1026884, 1
1212852, 1
973911, 1
1178574, 1
1190041, 1
11190, 1
1071536, 1
1183254, 1
1193562, 1
20965, 1
1094223, 1
5082, 1
2157, 1
23400, 1
24076, 1
1211321, 1
1208956, 1
553942, 1
1445377, 1
1336975, 1
1205911, 1
1023633, 1
30735, 1
2741085, 1
1212412, 1
1096885, 1
865400, 1
557517, 1
17706, 1
755651, 1
1186290, 1
1214649, 1
20042, 1
959, 1
16594, 1
1023489, 1
1189764, 1
1191748, 1
1207039, 1
1369676, 1
1026844, 1
1184067, 1
1206725, 1
36775, 1
1048387, 1
1026394, 1
5137, 1
1028106, 1
1832, 1
1095505, 1
1207969, 1
1190343, 1
1220259, 1
767, 1
7142, 1
568189, 1
1215663, 1
4202, 1
1101860, 1
1028221, 1
1042753, 1
13220, 1
1087487, 1
1212004, 1
11461, 1
1023509, 1
756922, 1
1209408, 1
1217898, 1
1187328, 1
1087488, 1
28861, 1
568495, 1
3526, 1
2631, 1
1187644, 1
1104963, 1
8315, 1
13095, 1
1105905, 1
541196, 1
13268, 1
1222941, 1
13407, 1
8306, 1
555355, 1
1094760, 1
29719, 1
981214, 1
1209974, 1
1217559, 1
20125, 1
1066162, 1
11557, 1
22892, 1
1186637, 1
1091395, 1
567327, 1
1187517, 1
1184196, 1
27506, 1
1215464, 1
9441, 1
639756, 1
1206358, 1
16978, 1
1016274, 1
1219498, 1
1210265, 1
1246020, 1
976126, 1
673101, 1
542718, 1
997159, 1
867841, 1
30644, 1
1079342, 1
788, 1
2225288, 1
1221430, 1
18246, 1
1214094, 1
1209003, 1
23223, 1
1185504, 1
1224422, 1
16340, 1
862852, 1
562523, 1
1208103, 1
2214, 1
1217906, 1
1245435, 1
3173, 1
861867, 1
504708, 1
22962, 1
1179501, 1
1026887, 1
30866, 1
1201911, 1
1026469, 1
1183231, 1
1216890, 1
1218949, 1
29341, 1
865605, 1
1206444, 1
864666, 1
1102427, 1
1186033, 1
607182, 1
21554, 1
1215949, 1
1224335, 1
1219681, 1
504445, 1
1217368, 1
1200130, 1
18071, 1
1027870, 1
1217619, 1
1186241, 1
1185634, 1
635456, 1
1213474, 1
570184, 1
6185, 1
1084834, 1
567926, 1
19858, 1
1094582, 1
1186605, 1
1180348, 1
1208965, 1
582406, 1
1189584, 1
1186647, 1
862589, 1
20004, 1
974589, 1
971919, 1
1186231, 1
1026534, 1
1028054, 1
2225390, 1
542429, 1
1214169, 1
1016256, 1
1094371, 1
1026422, 1
9387, 1
11212, 1
1017158, 1
1080381, 1
1064554, 1
1079542, 1
662499, 1
581739, 1
864836, 1
554609, 1
862769, 1
569896, 1
1027816, 1
20983, 1
1200559, 1
1079435, 1
1094532, 1
567891, 1
9573, 1
567736, 1
1025925, 1
1102112, 1
1222791, 1
380, 1
769148, 1
19811, 1
540395, 1
976838, 1
10445, 1
757333, 1
12905, 1
1190791, 1
1227702, 1
975599, 1
1026512, 1
976582, 1
1209934, 1
556717, 1
1228446, 1
567730, 1
976948, 1
1214492, 1
1192256, 1
1225306, 1
16868, 1
22475, 1
1184775, 1
1213396, 1
1018899, 1
1187308, 1
1206541, 1
1205878, 1
769079, 1
976249, 1
1392145, 1
1019257, 1
581831, 1
1192334, 1
1186599, 1
13235, 1
554501, 1
10365, 1
1247428, 1
997180, 1
766248, 1
1202733, 1
1205950, 1
1203724, 1
1247259, 1
1106165, 1
1188497, 1
1187815, 1
1185145, 1
1190704, 1
1185628, 1
1223484, 1
1225173, 1
849075, 1
1100323, 1
1209699, 1
1186531, 1
14793, 1
2990, 1
995201, 1
1208288, 1
1186914, 1
999549, 1
29257, 1
557624, 1
18846, 1
1026678, 1
1187801, 1
1183937, 1
1206083, 1
1209286, 1
1212484, 1
1179, 1
1220457, 1
1120809, 1
1026513, 1
72, 1
29684, 1
977119, 1
1026781, 1
1191447, 1
1217467, 1
560501, 1
1102046, 1
1217307, 1
1026435, 1
540907, 1
754480, 1
862670, 1
2646990, 1
30507, 1
1026393, 1
1228318, 1
1214992, 1
1185637, 1
23671, 1
1095127, 1
2911857, 1
1949, 1
1210287, 1
1191767, 1
1213341, 1
1184171, 1
1016269, 1
1078712, 1
1214567, 1
1025102, 1
777799, 1
756690, 1
760989, 1
11472, 1
979292, 1
21090, 1
558118, 1
1217409, 1
972373, 1
973229, 1
1102936, 1
1219866, 1
1689, 1
1228231, 1
1207128, 1
11700, 1
1190234, 1
683971, 1
1080831, 1
1026451, 1
1185128, 1
1183526, 1
1206480, 1
862995, 1
2646997, 1
1185595, 1
1187989, 1
1184436, 1
1018946, 1
1412082, 1
10924, 1
8566, 1
10440, 1
9951, 1
30656, 1
1102354, 1
1210480, 1
5709, 1
4107, 1
1028236, 1
1183400, 1
1197720, 1
638048, 1
1095307, 1
1018659, 1
864894, 1
976751, 1
1102741, 1
1198429, 1
1183604, 1
1026889, 1
1204045, 1
1102901, 1
1196404, 1
1026827, 1
1225185, 1
866696, 1
1079471, 1
11482, 1
1183652, 1
22918, 1
1183653, 1
809, 1
1183572, 1
1105738, 1
1186988, 1
1210149, 1
37949, 1
22419, 1
1220813, 1
1222385, 1
1105962, 1
1186554, 1
1187373, 1
1186926, 1
1245836, 1
1026755, 1
1094487, 1
541813, 1
425, 1
1187362, 1
770645, 1
1227509, 1
1187358, 1
1206035, 1
2771569, 1
1224077, 1
1209978, 1
1193315, 1
1019256, 1
1104200, 1
1208494, 1
1207816, 1
1191328, 1
5369, 1
1027933, 1
1025497, 1
1247344, 1
11282, 1
1223823, 1
1192906, 1
1217821, 1
1400236, 1
8939, 1
1193395, 1
9394, 1
5514, 1
2766572, 1
1209414, 1
866056, 1
971769, 1
31297, 1
1183785, 1
1208610, 1
1209870, 1
1183280, 1
1227420, 1
1225367, 1
866161, 1
504616, 1
1211881, 1
1104806, 1
7931, 1
1016305, 1
8045, 1
1027991, 1
1213847, 1
1093992, 1
1214836, 1
11583, 1
1206762, 1
1224846, 1
12890, 1
2646985, 1
574915, 1
2205489, 1
647350, 1
1079240, 1
1018743, 1
1217546, 1
1026549, 1
762623, 1
559447, 1
1212442, 1
1186949, 1
1187163, 1
1028191, 1
1191401, 1
30181, 1
1216966, 1
1189039, 1
567262, 1
1103596, 1
2436, 1
541294, 1
1080263, 1
558980, 1
1176435, 1
22953, 1
1225316, 1
722181, 1
1187379, 1
1094656, 1
1226689, 1
1215055, 1
1215250, 1
20512, 1
1192025, 1
510691, 1
2072, 1
19267, 1
1186246, 1
13226, 1
15442, 1
1184368, 1
1186038, 1
985475, 1
1222988, 1
2647013, 1
1207080, 1
1203035, 1
1217197, 1
1186743, 1
571270, 1
29634, 1
646059, 1
1025574, 1
1208437, 1
1245739, 1
18859, 1
1194875, 1
754282, 1
1567, 1
1193918, 1
1106148, 1
16319, 1
761, 1
1185197, 1
1225335, 1
1224003, 1
1106032, 1
1079756, 1
1080074, 1
568967, 1
1182146, 1
1210556, 1
1186979, 1
1185530, 1
1019262, 1
554211, 1
30786, 1
1106145, 1
1201243, 1
7099, 1
4298, 1
1185573, 1
1026427, 1
30676, 1
557142, 1
569882, 1
1094438, 1
1079974, 1
1396942, 1
1094894, 1
867739, 1
1079071, 1
1094688, 1
774654, 1
1228346, 1
1204381, 1
1027947, 1
12703, 1
867297, 1
1198482, 1
2217469, 1
1095197, 1
9324, 1
1214606, 1
1180803, 1
35078, 1
1185948, 1
1120749, 1
1220483, 1
1191443, 1
865910, 1
1225612, 1
1029943, 1
1027718, 1
1211999, 1
605027, 1
30295, 1
1196849, 1
2572, 1
1104337, 1
1184211, 1
1220871, 1
1213192, 1
1190768, 1
981748, 1
865301, 1
13221, 1
1200970, 1
27838, 1
570950, 1
1078626, 1
1027937, 1
1103545, 1
1183237, 1
818262, 1
865508, 1
7421, 1
983061, 1
1025056, 1
1186159, 1
684675, 1
1192190, 1
22723, 1
867281, 1
16762, 1
18206, 1
570784, 1
1026478, 1
1185470, 1
1183346, 1
1209148, 1
1209, 1
1190533, 1
1187477, 1
1184638, 1
570670, 1
1079601, 1
1185641, 1
1228967, 1
1245519, 1
1071260, 1
1039528, 1
1080608, 1
1208551, 1
1048141, 1
1217327, 1
1205986, 1
1189342, 1
1014307, 1
11985, 1
20175, 1
1016301, 1
6072, 1
1210290, 1
1079949, 1
1007760, 1
1212654, 1
2524, 1
582011, 1
18481, 1
756046, 1
1028403, 1
12388, 1
2052115, 1
1260096, 1
19058, 1
1195767, 1
2057, 1
1394022, 1
1227790, 1
768294, 1
997029, 1
560300, 1
972036, 1
1213823, 1
557981, 1
1028073, 1
1203774, 1
1080778, 1
1207973, 1
3479, 1
867356, 1
1198957, 1
974408, 1
1206000, 1
1214802, 1
1178742, 1
1094473, 1
1183223, 1
555315, 1
541742, 1
1191886, 1
557535, 1
1198172, 1
19285, 1
2531, 1
2872104, 1
1208642, 1
1094451, 1
1187160, 1
1026510, 1
865604, 1
984765, 1
2742434, 1
1184920, 1
561413, 1
1210535, 1
999197, 1
1195962, 1
1187449, 1
567244, 1
1188617, 1
1205254, 1
1095487, 1
619067, 1
1079744, 1
569624, 1
9037, 1
555302, 1
1025455, 1
979980, 1
510441, 1
10900, 1
7025, 1
423, 1
1186683, 1
1183265, 1
19839, 1
1189638, 1
1094292, 1
1186844, 1
13148, 1
1193199, 1
1215610, 1
1048391, 1
10394, 1
1387356, 1
13178, 1
753799, 1
2346983, 1
13159, 1
1094702, 1
753974, 1
1188445, 1
1209514, 1
31140, 1
649722, 1
1027949, 1
1027741, 1
1214762, 1
1026823, 1
1026873, 1
1016282, 1
1183209, 1
1028197, 1
1193286, 1
23110, 1
1184819, 1
560265, 1
1215569, 1
21260, 1
1077038, 1
1079086, 1
865778, 1
1188151, 1
610955, 1
1025143, 1
975834, 1
1212219, 1
11666, 1
1196915, 1
753816, 1
1184147, 1
1185930, 1
569745, 1
7559, 1
1229177, 1
1224098, 1
1080449, 1
1087537, 1
559066, 1
863423, 1
980109, 1
632684, 1
559273, 1
1553, 1
27944, 1
655, 1
1101772, 1
5365, 1
2610, 1
1180331, 1
1185228, 1
1019259, 1
1208335, 1
11977, 1
1195749, 1
560660, 1
1207556, 1
30885, 1
567912, 1
1183252, 1
680695, 1
13503, 1
28546, 1
1185863, 1
30778, 1
1026783, 1
1183433, 1
1220717, 1
1018850, 1
754875, 1
1211163, 1
1183193, 1
1185227, 1
1104001, 1
1180532, 1
1026639, 1
1223898, 1
1208408, 1
1072286, 1
14385, 1
1199453, 1
1007761, 1
1136, 1
2039, 1
1026426, 1
866184, 1
1210979, 1
695553, 1
1228981, 1
1042810, 1
20935, 1
1102807, 1
30882, 1
1025051, 1
1225616, 1
1222150, 1
1228400, 1
978989, 1
753473, 1
1226267, 1
1028100, 1
1072794, 1
1206743, 1
1079852, 1
1246491, 1
1193397, 1
541811, 1
1102431, 1
1183989, 1
1203790, 1
976368, 1
1195057, 1
5641, 1
978257, 1
1191588, 1
766003, 1
1186809, 1
210, 1
1190713, 1
555227, 1
1197177, 1
1080747, 1
1208968, 1
1079394, 1
1173467, 1
30043, 1
643141, 1
1124, 1
1210296, 1
1185818, 1
1193237, 1
2479693, 1
1220311, 1
762088, 1
1080427, 1
19241, 1
1222265, 1
1194532, 1
1214389, 1
28827, 1
570054, 1
312, 1
1187022, 1
2018526, 1
1104709, 1
555930, 1
1084800, 1
1023, 1
29026, 1
1212366, 1
1026399, 1
1107, 1
865473, 1
10026, 1
1220062, 1
1189912, 1
558740, 1
1219, 1
757466, 1
1026572, 1
12277, 1
999136, 1
760536, 1
1188049, 1
1145, 1
562027, 1
1187974, 1
1188058, 1
1186754, 1
971875, 1
19816, 1
1226559, 1
541512, 1
1217714, 1
982004, 1
1106084, 1
1213446, 1
2634, 1
1209002, 1
30469, 1
1245843, 1
1183506, 1
1219922, 1
972759, 1
1016277, 1
1101922, 1
1206315, 1
12055, 1
1210185, 1
567727, 1
1026849, 1
30734, 1
1190294, 1
973878, 1
1183188, 1
1191417, 1
2568, 1
772180, 1
1187987, 1
1226885, 1
859117, 1
1217248, 1
9350, 1
1251690, 1
21038, 1
1214664, 1
1224549, 1
1223936, 1
1214153, 1
14624, 1
1103936, 1
279, 1
24075, 1
865625, 1
1102210, 1
1226802, 1
755585, 1
1223152, 1
1079148, 1
863032, 1
1207525, 1
39105, 1
1248370, 1
1208710, 1
1192418, 1
1213247, 1
1245568, 1
1077392, 1
18126, 1
556626, 1
1026620, 1
1191556, 1
1216448, 1
1026649, 1
20743, 1
1178388, 1
1183249, 1
1205807, 1
1026610, 1
1192242, 1
1226482, 1
1214341, 1
867373, 1
13861, 1
1026468, 1
1079553, 1
560806, 1
13978, 1
569320, 1
16044, 1
1336972, 1
1093999, 1
16316, 1
30167, 1
1207844, 1
672307, 1
1226620, 1
976679, 1
1190786, 1
517, 1
1028368, 1
1192931, 1
1106301, 1
1016284, 1
1197874, 1
2209, 1
1185922, 1
1191777, 1
7937, 1
1104953, 1
1187553, 1
540631, 1
1220343, 1
30651, 1
1207724, 1
1008524, 1
1078582, 1
973457, 1
1222916, 1
1219654, 1
11815, 1
1186846, 1
165, 1
1206964, 1
1184175, 1
984744, 1
1188693, 1
1028094, 1
1019103, 1
753554, 1
1080064, 1
1214252, 1
1179514, 1
1028077, 1
7140, 1
865922, 1
1018819, 1
5659, 1
978886, 1
864995, 1
1207072, 1
196, 1
1018794, 1
12965, 1
13234, 1
667374, 1
1009129, 1
1080529, 1
1197031, 1
1209523, 1
1211078, 1
1026758, 1
1199683, 1
1217618, 1
2033, 1
1080076, 1
568234, 1
19271, 1
1179530, 1
1205827, 1
1094540, 1
865612, 1
1183113, 1
1202061, 1
1184702, 1
1821, 1
680226, 1
554947, 1
1080559, 1
7954, 1
15842, 1
1245674, 1
1186063, 1
1184885, 1
1225124, 1
15248, 1
1048118, 1
1214, 1
1227396, 1
1187995, 1
865950, 1
1245622, 1
13096, 1
1206384, 1
33, 1
567915, 1
9439, 1
1238728, 1
1079494, 1
1027836, 1
3217157, 1
1207445, 1
1187686, 1
675238, 1
1187852, 1
568508, 1
1028034, 1
1196965, 1
1104612, 1
1217072, 1
19723, 1
567575, 1
1214628, 1
553347, 1
1221828, 1
999540, 1
979933, 1
849579, 1
1026588, 1
505207, 1
4538, 1
1103835, 1
1194092, 1
1007661, 1
753024, 1
1185209, 1
31900, 1
768469, 1
31427, 1
2645, 1
862630, 1
1105551, 1
1039019, 1
1217318, 1
1018716, 1
1228599, 1
1191705, 1
862655, 1
1188408, 1
1025421, 1
1192651, 1
942, 1
8880, 1
16775, 1
569979, 1
1017202, 1
1220351, 1
1180495, 1
19712, 1
758542, 1
10030, 1
7760, 1
1226957, 1
540609, 1
1183832, 1
1200059, 1
1208868, 1
19773, 1
731, 1
972889, 1
1009732, 1
1079323, 1
557211, 1
1211768, 1
12041, 1
1184727, 1
1212615, 1
1208400, 1
21351, 1
1185913, 1
1216337, 1
556875, 1
1094151, 1
12791, 1
1210787, 1
1191530, 1
1079892, 1
1094197, 1
728418, 1
30668, 1
30739, 1
1210286, 1
552694, 1
1185596, 1
1208865, 1
4336, 1
1212291, 1
568485, 1
861487, 1
1194221, 1
1193278, 1
1206854, 1
1183266, 1
561125, 1
570963, 1
5933, 1
1008835, 1
9984, 1
11581, 1
1189705, 1
1402500, 1
1078372, 1
1185578, 1
1219064, 1
1201237, 1
1197176, 1
605854, 1
1018757, 1
768358, 1
759364, 1
1072182, 1
774691, 1
1079739, 1
12174, 1
21201, 1
1207345, 1
10582, 1
1096979, 1
1076960, 1
1187368, 1
971920, 1
973675, 1
30815, 1
1080496, 1
1202187, 1
1191215, 1
1016071, 1
19733, 1
1207885, 1
567305, 1
1183522, 1
1028239, 1
1214565, 1
561186, 1
867515, 1
1187985, 1
1184441, 1
1187365, 1
1191507, 1
1214124, 1
1201802, 1
1210297, 1
1079775, 1
1208320, 1
559523, 1
863695, 1
1178449, 1
1207754, 1
1207092, 1
31347, 1
1075, 1
1215386, 1
6345, 1
1019101, 1
1078832, 1
1077471, 1
1210168, 1
579628, 1
1028192, 1
569220, 1
1225997, 1
1187029, 1
1026837, 1
980944, 1
1212962, 1
1028076, 1
19916, 1
1207712, 1
1187343, 1
568636, 1
19934, 1
2659898, 1
1223561, 1
1192116, 1
1091393, 1
668, 1
542816, 1
1212452, 1
1226814, 1
24504, 1
981458, 1
1914, 1
1197090, 1
510582, 1
757835, 1
1207574, 1
569638, 1
261, 1
1094343, 1
1028353, 1
1080864, 1
1184881, 1
1026643, 1
4613, 1
1218350, 1
1206096, 1
21505, 1
27972, 1
1119338, 1
7804, 1
1211114, 1
1192391, 1
1048486, 1
10208, 1
1221734, 1
16662, 1
1191846, 1
653973, 1
1207958, 1
8948, 1
1005760, 1
1186373, 1
1183125, 1
1217008, 1
1225041, 1
1186337, 1
1199917, 1
1224750, 1
1524385, 1
638079, 1
1184811, 1
1026497, 1
554094, 1
13499, 1
1206002, 1
569544, 1
1185784, 1
21054, 1
556962, 1
29076, 1
1216783, 1
867317, 1
1209297, 1
1095443, 1
16805, 1
1387606, 1
568082, 1
22032, 1
1108, 1
1009049, 1
1187318, 1
1079017, 1
1028059, 1
1028028, 1
1028331, 1
768613, 1
1218029, 1
862679, 1
13276, 1
1025137, 1
1192210, 1
867143, 1
753125, 1
864934, 1
1217297, 1
1245402, 1
578, 1
1208285, 1
1222288, 1
973740, 1
1219280, 1
761897, 1
1009695, 1
1105543, 1
1225197, 1
983567, 1
4416, 1
1228168, 1
1080560, 1
1183099, 1
20536, 1
1080526, 1
1186732, 1
1096994, 1
571641, 1
1187129, 1
1072501, 1
979919, 1
1187059, 1
1200950, 1
1192232, 1
1223655, 1
610, 1
1208239, 1
1101926, 1
1026691, 1
1078545, 1
567680, 1
1187056, 1
1194539, 1
1095013, 1
1200648, 1
1217289, 1
1185477, 1
8124, 1
1210756, 1
1186260, 1
8868, 1
20207, 1
1183100, 1
15820, 1
568145, 1
1220809, 1
20573, 1
1218004, 1
645364, 1
22402, 1
680564, 1
1191574, 1
19056, 1
570226, 1
1246468, 1
1186930, 1
996161, 1
979266, 1
769028, 1
1028015, 1
1017546, 1
1019273, 1
1187910, 1
1187993, 1
972551, 1
569462, 1
1026423, 1
1185256, 1
23048, 1
30675, 1
1247807, 1
29910, 1
1016270, 1
1209461, 1
974568, 1
1105386, 1
1026728, 1
1205903, 1
1210696, 1
1102111, 1
1105603, 1
1225163, 1
15822, 1
753739, 1
1043013, 1
1077175, 1
21393, 1
1191472, 1
3017, 1
1018902, 1
1021484, 1
1184274, 1
1205949, 1
973904, 1
1187997, 1
557003, 1
866605, 1
1187817, 1
1186362, 1
1077753, 1
1078837, 1
974658, 1
1205503, 1
10446, 1
1105475, 1
1186500, 1
6669, 1
5620, 1
1188631, 1
1228273, 1
1223833, 1
1198587, 1
2752077, 1
1184367, 1
1225469, 1
568687, 1
1077026, 1
625733, 1
1104504, 1
972524, 1
985305, 1
510522, 1
1096793, 1
1105373, 1
1212603, 1
21104, 1
1222930, 1
1028346, 1
1095158, 1
1227218, 1
219, 1
1180833, 1
1079806, 1
558658, 1
555498, 1
30770, 1
1042495, 1
1210661, 1
18559, 1
1028109, 1
1221413, 1
568630, 1
1220278, 1
7701, 1
1184791, 1
1105925, 1
753119, 1
1028072, 1
510687, 1
3071, 1
567932, 1
1099098, 1
1079206, 1
1105737, 1
1009460, 1
1079999, 1
976593, 1
768333, 1
1186851, 1
1226755, 1
1097012, 1
976584, 1
1212106, 1
1184496, 1
570960, 1
1106144, 1
1222592, 1
19713, 1
28908, 1
1018671, 1
15573, 1
11553, 1
10132, 1
39460, 1
1072756, 1
1207231, 1
1226584, 1
30401, 1
867797, 1
1071876, 1
12103, 1
568128, 1
1027858, 1
1209827, 1
22718, 1
1200995, 1
1412685, 1
1191181, 1
1219008, 1
1219722, 1
1194469, 1
550807, 1
24073, 1
13051, 1
1185214, 1
1246750, 1
1193558, 1
680184, 1
1008676, 1
1026782, 1
1105837, 1
680374, 1
1245826, 1
1207803, 1
2432, 1
15492, 1
1192994, 1
1094590, 1
1188888, 1
1221414, 1
22469, 1
849689, 1
1227033, 1
1197405, 1
758877, 1
1205860, 1
1009648, 1
1190262, 1
1217555, 1
1226464, 1
1274711, 1
1201649, 1
1220296, 1
28607, 1
1189469, 1
1212256, 1
568006, 1
1039055, 1
227, 1
1224564, 1
1752, 1
982619, 1
1095040, 1
1183835, 1
1191063, 1
972416, 1
865171, 1
754165, 1
11562, 1
11714, 1
6126, 1
1183731, 1
1227952, 1
1186219, 1
1213161, 1
1206561, 1
1147774, 1
20495, 1
1180494, 1
1078919, 1
1206746, 1
759910, 1
10114, 1
6760, 1
31079, 1
1183425, 1
18528, 1
1663141, 1
1185942, 1
558328, 1
1184391, 1
12972, 1
1026584, 1
1019315, 1
769015, 1
1204640, 1
1250, 1
558970, 1
1105843, 1
11191, 1
1185350, 1
976829, 1
1228118, 1
1247449, 1
1187061, 1
1208279, 1
11466, 1
20061, 1
334, 1
1229256, 1
22311, 1
995205, 1
1028365, 1
1220194, 1
1028248, 1
2454, 1
1026722, 1
1185296, 1
1389, 1
1224372, 1
16916, 1
16375, 1
1079831, 1
1238775, 1
779435, 1
1210018, 1
1206531, 1
972199, 1
1026867, 1
1023515, 1
1189755, 1
3732, 1
1187960, 1
6661, 1
1028250, 1
1229074, 1
10379, 1
1026676, 1
1188032, 1
9954, 1
975653, 1
1213676, 1
554463, 1
1226345, 1
1245686, 1
21023, 1
9732, 1
568698, 1
1219509, 1
1227627, 1
1222444, 1
1205770, 1
13070, 1
11073, 1
974625, 1
1184746, 1
1206804, 1
1103089, 1
1185534, 1
1102182, 1
554498, 1
1598, 1
975592, 1
2208518, 1
1192171, 1
977188, 1
1048345, 1
862986, 1
1102473, 1
13382, 1
764233, 1
1187234, 1
625394, 1
1079387, 1
558133, 1
862984, 1
1027914, 1
1190648, 1
22783, 1
1212415, 1
1205817, 1
1019258, 1
1187635, 1
1027782, 1
1080815, 1
1048366, 1
1221652, 1
999205, 1
541662, 1
531975, 1
570000, 1
31383, 1
1184027, 1
1225153, 1
569415, 1
530546, 1
1275986, 1
1200512, 1
7939, 1
1024990, 1
203, 1
977206, 1
1185568, 1
984695, 1
12602, 1
978525, 1
1226205, 1
866517, 1
754055, 1
10868, 1
2305, 1
8116, 1
1027994, 1
1084775, 1
757026, 1
1187050, 1
383, 1
1214639, 1
977216, 1
975423, 1
1228634, 1
1063752, 1
1192484, 1
1225142, 1
1229123, 1
1220244, 1
532007, 1
1189957, 1
449, 1
766374, 1
1038949, 1
864901, 1
585, 1
1102150, 1
1210137, 1
30639, 1
1178768, 1
28553, 1
754154, 1
1105786, 1
1185053, 1
2538, 1
1212405, 1
1094541, 1
1190275, 1
18536, 1
6694, 1
567503, 1
1219941, 1
643067, 1
1192736, 1
1186147, 1
34761, 1
1026443, 1
542207, 1
1210755, 1
1187187, 1
5244, 1
1079076, 1
1183947, 1
1207463, 1
19337, 1
23278, 1
530613, 1
1182592, 1
18360, 1
1190927, 1
1184482, 1
11701, 1
22702, 1
9235, 1
1184504, 1
19139, 1
4678, 1
1079966, 1
7868, 1
866833, 1
1102143, 1
31147, 1
12960, 1
1214638, 1
4227, 1
1221418, 1
1173117, 1
1214228, 1
565431, 1
10333, 1
11826, 1
975237, 1
1184000, 1
1078733, 1
31198, 1
558491, 1
567514, 1
583252, 1
1220775, 1
1217570, 1
1026862, 1
31447, 1
972742, 1
1187048, 1
1028129, 1
1206072, 1
759776, 1
568503, 1
1182200, 1
1213111, 1
1042444, 1
1217878, 1
1077423, 1
1079266, 1
1185269, 1
2811, 1
1225745, 1
1224777, 1
882825, 1
540634, 1
1188062, 1
556488, 1
1026464, 1
1214637, 1
569037, 1
1026820, 1
22977, 1
1184466, 1
985287, 1
1184297, 1
983582, 1
1218606, 1
1185049, 1
561433, 1
556233, 1
1198632, 1
510567, 1
11883, 1
974492, 1
1016285, 1
1173465, 1
1219800, 1
1187774, 1
1209899, 1
1028229, 1
1226673, 1
1224729, 1
9343, 1
1225962, 1
1072037, 1
16645, 1
1209290, 1
1193334, 1
1245803, 1
1018809, 1
1026562, 1
1094746, 1
1186058, 1
20314, 1
1209833, 1
862620, 1
1094338, 1
1245844, 1
582394, 1
979026, 1
611426, 1
1446564, 1
1214658, 1
1094854, 1
616564, 1
862604, 1
1048508, 1
1205778, 1
1189555, 1
1095086, 1
20051, 1
1028131, 1
3581, 1
1219079, 1
9575, 1
569630, 1
1220746, 1
29005, 1
973866, 1
581595, 1
1104975, 1
21111, 1
1226539, 1
1226425, 1
16981, 1
1245483, 1
1229107, 1
1078902, 1
1077744, 1
1247362, 1
7463, 1
1187372, 1
7225, 1
1215457, 1
13765, 1
1184475, 1
2217423, 1
1186319, 1
1193665, 1
1667, 1
1096829, 1
1064405, 1
1024047, 1
1187393, 1
1219764, 1
1018948, 1
1185597, 1
2689, 1
1217685, 1
1024996, 1
1183960, 1
1028001, 1
1212516, 1
1246848, 1
1183662, 1
11082, 1
1207759, 1
865598, 1
1187413, 1
755307, 1
1201787, 1
1220135, 1
1209077, 1
1028356, 1
1181553, 1
1025911, 1
1225880, 1
1028164, 1
1187094, 1
554687, 1
623089, 1
1183171, 1
30608, 1
754765, 1
1105818, 1
12510, 1
1205316, 1
1027975, 1
1190215, 1
1042442, 1
9435, 1
13483, 1
1187907, 1
542479, 1
82, 1
1228879, 1
1193580, 1
30512, 1
558349, 1
504769, 1
1186305, 1
1028252, 1
1200410, 1
1105108, 1
12962, 1
1183475, 1
1188316, 1
1207841, 1
1186388, 1
1205965, 1
1009646, 1
559740, 1
1212980, 1
864733, 1
770124, 1
801028, 1
1079641, 1
1094303, 1
1079065, 1
29663, 1
1212250, 1
3453, 1
985579, 1
1229111, 1
768920, 1
22363, 1
1027786, 1
1009219, 1
1184812, 1
23321, 1
1094725, 1
1078857, 1
1186903, 1
1039549, 1
1028215, 1
29651, 1
1095552, 1
1189506, 1
1225441, 1
569940, 1
1187986, 1
1008755, 1
1025715, 1
990448, 1
1094406, 1
20886, 1
571609, 1
30495, 1
1210061, 1
1195674, 1
1028258, 1
1183836, 1
28724, 1
1026390, 1
1197766, 1
1079341, 1
21677, 1
1215211, 1
1202680, 1
10763, 1
1191920, 1
9389, 1
1023936, 1
12814, 1
1023502, 1
542614, 1
1185146, 1
1185801, 1
1061766, 1
1226888, 1
853, 1
1018705, 1
1214576, 1
862665, 1
17332, 1
973612, 1
863386, 1
2049878, 1
2752765, 1
1183648, 1
3223, 1
11081, 1
1023507, 1
1205382, 1
2014152, 1
1191981, 1
1218857, 1
1220050, 1
541101, 1
3553, 1
866755, 1
1103010, 1
1094782, 1
1238773, 1
1102914, 1
10851, 1
973785, 1
9063, 1
1184192, 1
1223786, 1
1183369, 1
24012, 1
1077900, 1
20879, 1
1208008, 1
13303, 1
31469, 1
978251, 1
16597, 1
1019316, 1
757809, 1
1212241, 1
28572, 1
14794, 1
973935, 1
1079823, 1
1026349, 1
676095, 1
756785, 1
1210751, 1
644222, 1
2684, 1
972055, 1
555174, 1
1079846, 1
22941, 1
1025068, 1
867879, 1
19131, 1
1018019, 1
1184548, 1
7186, 1
972147, 1
2815, 1
1206319, 1
2613, 1
1232372, 1
976128, 1
1183770, 1
1215900, 1
9325, 1
982778, 1
2701, 1
3927, 1
757546, 1
769399, 1
859110, 1
1185528, 1
1080680, 1
1120767, 1
206, 1
10115, 1
753492, 1
1028408, 1
1206857, 1
972954, 1
1224901, 1
1183749, 1
558146, 1
1268191, 1
971911, 1
12710, 1
773167, 1
7829, 1
12947, 1
1195160, 1
1734, 1
1203045, 1
1024071, 1
1209076, 1
1202894, 1
1211968, 1
696132, 1
1026508, 1
984353, 1
1206881, 1
1187093, 1
13852, 1
1227397, 1
561226, 1
1006351, 1
1080594, 1
8786, 1
1026821, 1
1094027, 1
1208482, 1
19983, 1
1182102, 1
1398749, 1
1191579, 1
1028407, 1
23117, 1
1028033, 1
571402, 1
1215595, 1
1188355, 1
1187083, 1
567505, 1
18189, 1
8683, 1
1207771, 1
1183164, 1
27477, 1
1220598, 1
570998, 1
1079242, 1
1207446, 1
1216535, 1
1188111, 1
1187133, 1
1185565, 1
1210647, 1
1102558, 1
1209886, 1
1213031, 1
1199361, 1
20522, 1
20201, 1
1206510, 1
1191589, 1
1079093, 1
1191810, 1
20568, 1
567551, 1
5757, 1
1207437, 1
1105567, 1
1200352, 1
769997, 1
867290, 1
1219540, 1
1223972, 1
1103459, 1
32662, 1
1185144, 1
569804, 1
1205891, 1
13173, 1
570045, 1
1226661, 1
972549, 1
1026402, 1
1001581, 1
972895, 1
1077768, 1
559971, 1
1215904, 1
568382, 1
1188561, 1
1192940, 1
22085, 1
1176519, 1
1104803, 1
1209928, 1
1217874, 1
672346, 1
1028108, 1
1332980, 1
999539, 1
570831, 1
5496, 1
1094978, 1
978264, 1
28549, 1
1185272, 1
1226524, 1
756664, 1
768400, 1
1027849, 1
569218, 1
10614, 1
561286, 1
570713, 1
2032538, 1
1079018, 1
979339, 1
1178335, 1
1026458, 1
761579, 1
1205763, 1
3824, 1
1217151, 1
1080330, 1
1202759, 1
695708, 1
1102249, 1
3015, 1
1006283, 1
1186811, 1
1028199, 1
977229, 1
1217408, 1
1026489, 1
11166, 1
1214089, 1
1224263, 1
1079175, 1
1080132, 1
19718, 1
1198575, 1
1211928, 1
1208729, 1
1009649, 1
759413, 1
8914, 1
18509, 1
1204202, 1
558423, 1
636253, 1
1102680, 1
1226718, 1
23004, 1
642855, 1
568964, 1
978963, 1
569278, 1
1229108, 1
1042855, 1
1186215, 1
1026795, 1
18198, 1
11363, 1
1245825, 1
23759, 1
13311, 1
1222797, 1
971788, 1
20719, 1
4798, 1
1219869, 1
30837, 1
23547, 1
1008805, 1
11155, 1
1016279, 1
1211125, 1
1184432, 1
530409, 1
1027847, 1
1106288, 1
20193, 1
979081, 1
1226866, 1
21061, 1
755128, 1
697624, 1
1219705, 1
557577, 1
1186030, 1
10867, 1
1095120, 1
984754, 1
1183126, 1
643655, 1
30212, 1
773163, 1
1079158, 1
1209635, 1
1184386, 1
590, 1
1183362, 1
1198371, 1
561305, 1
504482, 1
1087523, 1
1018825, 1
1197369, 1
1212048, 1
1215790, 1
1245817, 1
1226816, 1
1217068, 1
20745, 1
1104027, 1
1214717, 1
9988, 1
3216237, 1
18581, 1
1105825, 1
771315, 1
616476, 1
643061, 1
1208814, 1
1215922, 1
1213598, 1
1245769, 1
669556, 1
1210655, 1
1225792, 1
978102, 1
1190357, 1
1181434, 1
774866, 1
771704, 1
775277, 1
545343, 1
1078849, 1
1103583, 1
1228901, 1
1025649, 1
15821, 1
30042, 1
1026788, 1
1223872, 1
1186769, 1
1210620, 1
5481, 1
862701, 1
865450, 1
1206164, 1
21294, 1
1238685, 1
17155, 1
867890, 1
18399, 1
999266, 1
1028395, 1
1233486, 1
866580, 1
1246693, 1
1018695, 1
1078690, 1
570326, 1
1186212, 1
23225, 1
1016268, 1
1186128, 1
29620, 1
580354, 1
1214066, 1
1185523, 1
1214227, 1
22084, 1
7116, 1
1594, 1
48, 1
980937, 1
13163, 1
3084, 1
11204, 1
556103, 1
1101792, 1
1227942, 1
22188, 1
1245706, 1
743256, 2
1195088, 2
756459, 2
775974, 2
771974, 2
1575642, 2
761205, 2
1101465, 2
770706, 2
774349, 2
1207555, 2
676864, 2
768693, 2
1182442, 2
2225366, 2
1211803, 2
27213, 2
764754, 2
1189154, 2
1388415, 2
2218342, 2
2232663, 2
753043, 2
1214126, 2
707377, 2
1094410, 2
1075469, 2
28532, 2
541836, 2
1102883, 2
556518, 2
1226188, 2
1221103, 2
1306845, 2
753185, 2
1228569, 2
1199995, 2
13494, 2
1214573, 2
1208784, 2
2754486, 2
754864, 2
2227248, 2
1206207, 2
2230012, 2
770841, 2
675758, 2
736701, 2
2714357, 2
1214462, 2
1221301, 2
1043825, 2
771640, 2
773526, 2
650524, 2
1185486, 2
781672, 2
1210513, 2
1192995, 2
645799, 2
706279, 2
1235066, 2
1218448, 2
776779, 2
697556, 2
770531, 2
1211887, 2
8090, 2
1203595, 2
771281, 2
1366347, 2
707290, 2
768216, 2
772665, 2
1221245, 2
2225378, 2
542635, 2
1201717, 2
1182923, 2
774317, 2
1223384, 2
1216969, 2
557448, 2
1216128, 2
1443382, 2
753293, 2
1218940, 2
541910, 2
767404, 2
1210269, 2
1181918, 2
11790, 2
1197606, 2
1208755, 2
728291, 2
541860, 2
706612, 2
1199269, 2
722472, 2
758904, 2
1221732, 2
555202, 2
555189, 2
1246117, 2
1222064, 2
1237926, 2
1174420, 2
756709, 2
1215029, 2
1345395, 2
690650, 2
1105868, 2
684018, 2
1238508, 2
28179, 2
634900, 2
1227953, 2
850279, 2
1174736, 2
24242, 2
774106, 2
886, 2
2713654, 2
561084, 2
1234967, 2
760115, 2
29375, 2
1358947, 2
1213307, 2
31001, 2
705362, 2
29396, 2
777241, 2
2715586, 2
1235120, 2
707833, 2
560222, 2
698272, 2
22583, 2
1177942, 2
1101467, 2
1182399, 2
705670, 2
1213217, 2
1197380, 2
849474, 2
1223195, 2
1199807, 2
2353328, 2
1193133, 2
1224238, 2
1228132, 2
756110, 2
1221157, 2
626550, 2
1197519, 2
2232268, 2
1198410, 2
1220749, 2
558163, 2
677073, 2
675755, 2
600220, 2
1666404, 2
1236151, 2
1174643, 2
680400, 2
27790, 2
1182597, 2
1224386, 2
726756, 2
1213170, 2
1214474, 2
1345396, 2
777985, 2
2219225, 2
1196875, 2
1203457, 2
1196510, 2
1199949, 2
1214703, 2
560083, 2
1247179, 2
26400, 2
776458, 2
1203995, 2
2218564, 2
1238845, 2
759665, 2
1312332, 2
1191849, 2
2230484, 2
1313249, 2
561130, 2
735626, 2
2218328, 2
760069, 2
1019732, 2
1238754, 2
706630, 2
1094812, 2
1265780, 2
1203205, 2
1045901, 2
1040904, 2
1191044, 2
777483, 2
1181036, 2
634062, 2
1221558, 2
1246249, 2
1099827, 2
757670, 2
1227906, 2
1188236, 2
1229315, 2
554101, 2
1178416, 2
1199356, 2
16557, 2
752971, 2
1214211, 2
766704, 2
1175529, 2
1307896, 2
1218257, 2
558016, 2
23185, 2
726392, 2
1196696, 2
1176255, 2
2714468, 2
2714485, 2
10487, 2
1039439, 2
1179408, 2
738611, 2
850331, 2
1192985, 2
1178422, 2
705356, 2
2712778, 2
27511, 2
1197560, 2
769634, 2
562076, 2
1102075, 2
1212273, 2
9429, 2
1190554, 2
754499, 2
1285671, 2
1196258, 2
1041166, 2
1069922, 2
1046297, 2
2217924, 2
1405520, 2
567694, 2
1174534, 2
32527, 2
849991, 2
758473, 2
1042250, 2
1174240, 2
1210257, 2
1190313, 2
504600, 2
1043740, 2
1353589, 2
1374028, 2
1219947, 2
1207897, 2
2228449, 2
1204403, 2
29194, 2
34289, 2
1209878, 2
767723, 2
768852, 2
3513, 2
29973, 2
758115, 2
720985, 2
1196446, 2
707900, 2
1147605, 2
1210023, 2
557914, 2
757505, 2
755492, 2
2714435, 2
1046697, 2
1221345, 2
1094346, 2
2217816, 2
5280, 2
4377, 2
757387, 2
1200899, 2
555707, 2
1196548, 2
1100663, 2
1191165, 2
1277762, 2
572526, 2
13753, 2
1045870, 2
723043, 2
1044864, 2
756594, 2
10308, 2
1100461, 2
574498, 2
758211, 2
761148, 2
1217810, 2
1180594, 2
1272295, 2
2218837, 2
1237962, 2
675734, 2
1101667, 2
1201462, 2
770829, 2
2230846, 2
530875, 2
752601, 2
2714480, 2
985594, 2
1177424, 2
1100796, 2
754273, 2
757691, 2
1215897, 2
756609, 2
684059, 2
29160, 2
632413, 2
1197128, 2
2231423, 2
1176743, 2
28922, 2
1202492, 2
1201273, 2
1199305, 2
1048055, 2
1204992, 2
1190488, 2
1224485, 2
28481, 2
709074, 2
608595, 2
1104821, 2
1180558, 2
2217228, 2
1208241, 2
758338, 2
753230, 2
1245980, 2
1213729, 2
776644, 2
2713618, 2
775195, 2
569604, 2
30953, 2
559289, 2
1176434, 2
1340585, 2
1232259, 2
17693, 2
676020, 2
2218472, 2
1203379, 2
1209546, 2
764593, 2
1100744, 2
601190, 2
1182655, 2
1105393, 2
1235455, 2
770735, 2
1209244, 2
756939, 2
1203108, 2
1013565, 2
756754, 2
1202294, 2
1225455, 2
770446, 2
989649, 2
684801, 2
778072, 2
756027, 2
556600, 2
1094624, 2
1196865, 2
504178, 2
1216705, 2
1198851, 2
1221972, 2
1213843, 2
722515, 2
555090, 2
28748, 2
9177, 2
1213749, 2
1219662, 2
756404, 2
1227467, 2
779257, 2
561343, 2
15003, 2
1225272, 2
1094073, 2
561620, 2
758258, 2
1194394, 2
676422, 2
28366, 2
566, 2
760052, 2
778795, 2
1043885, 2
774802, 2
1199622, 2
771238, 2
32081, 2
1204052, 2
771254, 2
559281, 2
777876, 2
1079538, 2
753793, 2
2219397, 2
2712808, 2
1101292, 2
1202286, 2
850332, 2
1214359, 2
1199471, 2
606102, 2
23022, 2
753131, 2
765463, 2
766332, 2
19487, 2
1648306, 2
32352, 2
1237824, 2
558039, 2
19468, 2
1213720, 2
669462, 2
14558, 2
1202356, 2
755395, 2
1222235, 2
1179938, 2
1203808, 2
1197836, 2
1198188, 2
1180350, 2
504759, 2
2713620, 2
1275497, 2
756244, 2
763217, 2
780707, 2
601210, 2
2762335, 2
1368521, 2
1100653, 2
1643730, 2
559510, 2
27473, 2
998612, 2
29558, 2
1195781, 2
1095437, 2
1185954, 2
1213447, 2
1048863, 2
1212331, 2
770833, 2
757219, 2
755240, 2
757098, 2
2217616, 2
767114, 2
755442, 2
1100720, 2
1042820, 2
756920, 2
560104, 2
1224244, 2
1020030, 2
1189290, 2
555848, 2
1175290, 2
759566, 2
18269, 2
1201848, 2
34038, 2
581678, 2
29538, 2
1196529, 2
1103256, 2
1192922, 2
17997, 2
1247316, 2
779078, 2
2227126, 2
1178023, 2
1199973, 2
1229142, 2
1178314, 2
765627, 2
770349, 2
771179, 2
40866, 2
1210582, 2
2715722, 2
26705, 2
756298, 2
2228443, 2
1202517, 2
1025205, 2
1223720, 2
861278, 2
1177893, 2
1202359, 2
1229049, 2
16993, 2
1176945, 2
1198032, 2
1179025, 2
707419, 2
2218489, 2
1044096, 2
1181049, 2
1276783, 2
1197317, 2
1374903, 2
2716193, 2
1224691, 2
1097718, 2
1046585, 2
555006, 2
774716, 2
1247700, 2
572670, 2
1179426, 2
697905, 2
1195032, 2
1076249, 2
1227392, 2
770657, 2
18702, 2
618788, 2
1094325, 2
1189581, 2
1237009, 2
1191871, 2
1208392, 2
1229024, 2
2214451, 2
1274913, 2
753207, 2
1226193, 2
1184507, 2
1208369, 2
1211868, 2
28414, 2
1182377, 2
672979, 2
766616, 2
531840, 2
778102, 2
755754, 2
759406, 2
753029, 2
867543, 2
29928, 2
1225624, 2
1105854, 2
555805, 2
753482, 2
1079577, 2
758864, 2
1203796, 2
1173098, 2
555860, 2
763447, 2
542145, 2
1327669, 2
562517, 2
2677258, 2
567967, 2
1232705, 2
1199420, 2
556226, 2
1208190, 2
1196399, 2
570270, 2
28985, 2
1180687, 2
24124, 2
728740, 2
1100719, 2
29492, 2
866774, 2
766533, 2
1210536, 2
1211953, 2
622901, 2
570060, 2
558734, 2
703591, 2
780721, 2
705365, 2
1650920, 2
779024, 2
2223097, 2
1203157, 2
1208536, 2
1201822, 2
2226798, 2
1210836, 2
755527, 2
752972, 2
1046551, 2
24589, 2
505818, 2
1097055, 2
29364, 2
1094203, 2
1207132, 2
1042164, 2
720802, 2
18605, 2
755566, 2
764887, 2
1084823, 2
36864, 2
758281, 2
1097035, 2
1650011, 2
1218288, 2
1078036, 2
1214519, 2
2229191, 2
1210522, 2
754017, 2
1228282, 2
3751, 2
2715388, 2
541761, 2
754426, 2
1247122, 2
756806, 2
1224008, 2
648893, 2
1235187, 2
556176, 2
754313, 2
1247827, 2
1101524, 2
1215996, 2
1722, 2
26864, 2
1223597, 2
601302, 2
1201786, 2
720196, 2
1195817, 2
2230483, 2
1226590, 2
1006352, 2
1199446, 2
1195665, 2
757306, 2
1180825, 2
1211993, 2
1221078, 2
11006, 2
2712588, 2
26838, 2
1233955, 2
1215051, 2
555612, 2
1040883, 2
5125, 2
721712, 2
1177915, 2
759976, 2
556999, 2
1047903, 2
705485, 2
1221910, 2
1224486, 2
29245, 2
653823, 2
1174158, 2
9698, 2
752609, 2
756453, 2
1213486, 2
759868, 2
1041446, 2
699352, 2
736245, 2
1084840, 2
1048485, 2
560830, 2
645513, 2
31020, 2
1200711, 2
558688, 2
1195778, 2
1178193, 2
21176, 2
1099605, 2
1310548, 2
2712685, 2
643458, 2
1046138, 2
1047813, 2
771944, 2
776396, 2
1217035, 2
31557, 2
758129, 2
1200645, 2
1198328, 2
776243, 2
2217308, 2
1229091, 2
1311449, 2
1192609, 2
644003, 2
753427, 2
1192704, 2
1223392, 2
1197907, 2
1280510, 2
860928, 2
2713578, 2
1379262, 2
558011, 2
759765, 2
1216663, 2
759516, 2
758725, 2
976925, 2
574928, 2
2715228, 2
1175365, 2
26647, 2
1208615, 2
1040924, 2
1182774, 2
29652, 2
1078590, 2
1224404, 2
1045836, 2
759818, 2
774623, 2
776381, 2
1020629, 2
1234403, 2
1099622, 2
653922, 2
1214813, 2
11508, 2
723065, 2
1100573, 2
1217730, 2
764774, 2
767194, 2
606313, 2
1211120, 2
696867, 2
2228969, 2
1212791, 2
1177387, 2
1336958, 2
766376, 2
1203326, 2
1216577, 2
1104182, 2
2230090, 2
753512, 2
23062, 2
1100600, 2
1198938, 2
1197310, 2
1193999, 2
20067, 2
1190777, 2
726097, 2
1201964, 2
1100466, 2
760758, 2
2015886, 2
1080595, 2
17956, 2
555279, 2
561357, 2
1205072, 2
1199548, 2
1211642, 2
1203607, 2
1019730, 2
1211547, 2
759243, 2
1212181, 2
1211147, 2
2714534, 2
2714361, 2
1228514, 2
698479, 2
14695, 2
542289, 2
1182407, 2
752619, 2
1258196, 2
1217029, 2
1101417, 2
542001, 2
12957, 2
693132, 2
28543, 2
1274324, 2
1226074, 2
1218204, 2
1213353, 2
1209339, 2
758720, 2
556250, 2
1218368, 2
1215607, 2
1196618, 2
2230588, 2
771341, 2
1194831, 2
782822, 2
777348, 2
1246915, 2
1044245, 2
779127, 2
1215053, 2
773188, 2
1046306, 2
759479, 2
560118, 2
907, 2
752860, 2
1188689, 2
1207528, 2
1197999, 2
849335, 2
766471, 2
780486, 2
755008, 2
1199076, 2
644925, 2
27311, 2
978260, 2
1197114, 2
1203583, 2
1174016, 2
1210559, 2
1176299, 2
557673, 2
764931, 2
758039, 2
1211832, 2
756641, 2
760070, 2
704851, 2
707530, 2
1174550, 2
729173, 2
768873, 2
705497, 2
1224608, 2
1096803, 2
1179405, 2
776466, 2
771948, 2
557882, 2
758284, 2
759749, 2
1197571, 2
15437, 2
1228391, 2
1213228, 2
1042811, 2
1193600, 2
14283, 2
1179916, 2
568628, 2
1233185, 2
643586, 2
1235037, 2
1177522, 2
704810, 2
2218503, 2
1213479, 2
26904, 2
1223352, 2
1101099, 2
1213191, 2
1100676, 2
1226047, 2
1275723, 2
1178611, 2
684766, 2
2219538, 2
1094901, 2
2715434, 2
559869, 2
1238251, 2
731594, 2
760283, 2
759552, 2
1195621, 2
1201930, 2
1218712, 2
1181019, 2
2218795, 2
1046115, 2
1198873, 2
1173649, 2
1199029, 2
582797, 2
762852, 2
1042260, 2
707040, 2
1247303, 2
756505, 2
504578, 2
731713, 2
1219445, 2
555937, 2
1198487, 2
2901879, 2
1204738, 2
1025345, 2
1185956, 2
28204, 2
8200, 2
759086, 2
1191715, 2
1238095, 2
1198301, 2
1212345, 2
557307, 2
1044121, 2
2228091, 2
697878, 2
561545, 2
1100613, 2
1223337, 2
2712926, 2
1210562, 2
1204868, 2
752850, 2
19520, 2
1205474, 2
1181843, 2
1193645, 2
1211132, 2
1224638, 2
1223908, 2
558667, 2
1202159, 2
773178, 2
757343, 2
2240739, 2
25458, 2
29455, 2
849805, 2
1041231, 2
1180130, 2
1103309, 2
1045954, 2
25963, 2
601344, 2
1102938, 2
1196308, 2
1227405, 2
684827, 2
1075399, 2
1203588, 2
1177343, 2
1101525, 2
1197383, 2
775288, 2
1043713, 2
1020661, 2
1105410, 2
1391277, 2
1204149, 2
572903, 2
1227578, 2
1100620, 2
1209536, 2
1104805, 2
676014, 2
757417, 2
627151, 2
559818, 2
11114, 2
561527, 2
1045561, 2
861113, 2
758494, 2
1182625, 2
1227570, 2
28684, 2
1203505, 2
1194625, 2
753478, 2
565354, 2
3856, 2
1199009, 2
1198805, 2
15432, 2
772565, 2
780508, 2
1044487, 2
756915, 2
570942, 2
770604, 2
1189083, 2
1290526, 2
1545211, 2
726717, 2
2933, 2
764883, 2
29187, 2
1326619, 2
760282, 2
1180198, 2
777847, 2
1191917, 2
2233111, 2
1043865, 2
779159, 2
1223086, 2
1227848, 2
1104150, 2
2050200, 2
697888, 2
2714438, 2
1175383, 2
28777, 2
1177320, 2
1192245, 2
1246768, 2
2231802, 2
1095679, 2
1181631, 2
1198111, 2
1221337, 2
1042795, 2
1208871, 2
567917, 2
758038, 2
571415, 2
771253, 2
1285188, 2
23636, 2
1208560, 2
554673, 2
9726, 2
1228419, 2
555898, 2
1234002, 2
998201, 2
1372040, 2
757626, 2
771015, 2
1214116, 2
1272846, 2
1214811, 2
554603, 2
1104384, 2
2715415, 2
1193215, 2
1208614, 2
1412196, 2
1211394, 2
1233602, 2
779312, 2
37310, 2
1233074, 2
1214755, 2
1208210, 2
1196854, 2
760843, 2
1204010, 2
1193190, 2
763923, 2
1222756, 2
768715, 2
780960, 2
6392, 2
1194067, 2
37961, 2
2216178, 2
558345, 2
38468, 2
756953, 2
1203533, 2
775215, 2
1173268, 2
774846, 2
1048563, 2
540885, 2
1374281, 2
1199329, 2
1019557, 2
1217493, 2
30240, 2
780314, 2
18194, 2
1229181, 2
1225333, 2
1211455, 2
1201156, 2
1209050, 2
1173652, 2
1223482, 2
12263, 2
1197781, 2
720736, 2
1200879, 2
625614, 2
641919, 2
2226428, 2
757995, 2
1214101, 2
1042399, 2
761025, 2
1213910, 2
1201806, 2
555313, 2
775019, 2
1220616, 2
772110, 2
780638, 2
559727, 2
765688, 2
769915, 2
17630, 2
18910, 2
2713280, 2
1078239, 2
1201939, 2
1179942, 2
1247486, 2
1195195, 2
571397, 2
1198067, 2
1104819, 2
1235784, 2
1203246, 2
1216169, 2
1235527, 2
1173968, 2
2240691, 2
698318, 2
1044195, 2
1019509, 2
755887, 2
980949, 2
734142, 2
1227933, 2
16779, 2
755152, 2
1220611, 2
1211367, 2
1182732, 2
31040, 2
23409, 2
734337, 2
561599, 2
1233225, 2
778254, 2
707931, 2
771317, 2
1246202, 2
677149, 2
560136, 2
2232238, 2
1201353, 2
1228800, 2
1235171, 2
1233213, 2
770983, 2
1213090, 2
1304043, 2
1209133, 2
20376, 2
1045817, 2
754766, 2
764688, 2
744094, 2
764870, 2
778141, 2
1219784, 2
1213773, 2
1197059, 2
27153, 2
1041441, 2
1246470, 2
1042288, 2
1185743, 2
1372293, 2
1103053, 2
26079, 2
705846, 2
674513, 2
25992, 2
1228210, 2
16813, 2
556679, 2
736390, 2
1232407, 2
2715256, 2
1173558, 2
9854, 2
1639755, 2
28900, 2
1201027, 2
768963, 2
1198191, 2
752433, 2
1178372, 2
1224268, 2
779877, 2
1047887, 2
31763, 2
1210267, 2
1100347, 2
1204733, 2
1045896, 2
1211486, 2
1221110, 2
1176578, 2
1199046, 2
2230552, 2
2715352, 2
24068, 2
1227247, 2
30410, 2
555282, 2
1227789, 2
2216842, 2
605333, 2
554442, 2
1196735, 2
775735, 2
781048, 2
1221698, 2
1191519, 2
757181, 2
17148, 2
1201664, 2
2715221, 2
1103520, 2
1222212, 2
753908, 2
556297, 2
1223711, 2
766206, 2
1189861, 2
1191613, 2
704183, 2
1209896, 2
1235359, 2
1196126, 2
1179312, 2
7493, 2
1222180, 2
1195392, 2
2218824, 2
674982, 2
505132, 2
1205791, 2
28211, 2
29112, 2
1178005, 2
1226380, 2
754938, 2
2712787, 2
1197934, 2
866495, 2
1226615, 2
1223280, 2
1180547, 2
771073, 2
1209718, 2
2512, 2
1205011, 2
1203305, 2
1177858, 2
581868, 2
2226506, 2
1194127, 2
756232, 2
1207536, 2
1198592, 2
1208421, 2
2231384, 2
1175188, 2
743619, 2
27939, 2
760440, 2
757921, 2
28158, 2
18411, 2
1223743, 2
561355, 2
1215570, 2
2217485, 2
2712774, 2
1190896, 2
1219756, 2
18959, 2
571540, 2
1100740, 2
1105574, 2
1210463, 2
757203, 2
753875, 2
1198308, 2
20283, 2
1223613, 2
866716, 2
1223380, 2
779221, 2
1210358, 2
556831, 2
774394, 2
1173997, 2
1370373, 2
1238831, 2
693600, 2
1211719, 2
697764, 2
1272533, 2
14552, 2
1061823, 2
1341886, 2
1205273, 2
754740, 2
1203390, 2
681439, 2
1210798, 2
1103434, 2
1212612, 2
30309, 2
1214405, 2
765134, 2
782662, 2
24164, 2
26341, 2
1198983, 2
2712811, 2
2715227, 2
1178586, 2
1178668, 2
1245422, 2
1246003, 2
757255, 2
30023, 2
1222036, 2
2712595, 2
2224779, 2
666026, 2
2712549, 2
1191759, 2
1186428, 2
2712622, 2
1222493, 2
2228343, 2
1222936, 2
3217275, 2
1215926, 2
1199137, 2
1203082, 2
1303832, 2
863432, 2
24341, 2
1344257, 2
1197337, 2
773016, 2
777737, 2
1191893, 2
541817, 2
706559, 2
1233155, 2
1215935, 2
862462, 2
504358, 2
1207071, 2
1094076, 2
1405450, 2
1274050, 2
771328, 2
1209221, 2
15559, 2
1104160, 2
1105197, 2
1200274, 2
26467, 2
26832, 2
24758, 2
1214099, 2
1178013, 2
775753, 2
1201290, 2
2229992, 2
770725, 2
1209389, 2
16861, 2
1331343, 2
27480, 2
1046487, 2
2714356, 2
1105719, 2
555088, 2
1220179, 2
1003735, 2
1225603, 2
1376077, 2
22854, 2
1210891, 2
2231355, 2
778222, 2
1070400, 2
2233123, 2
759854, 2
504601, 2
2232918, 2
1196768, 2
675621, 2
30130, 2
777674, 2
1198935, 2
1215731, 2
1025249, 2
850419, 2
1235512, 2
1217752, 2
1094635, 2
5680, 2
1210448, 2
1177448, 2
1223970, 2
37498, 2
2712556, 2
1041870, 2
1188730, 2
1178467, 2
1225230, 2
759655, 2
557236, 2
1212330, 2
761780, 2
752893, 2
556824, 2
1290983, 2
770369, 2
557615, 2
1222510, 2
35171, 2
759924, 2
990440, 2
626486, 2
758085, 2
1212932, 2
1178129, 2
505478, 2
1199675, 2
2218905, 2
1200783, 2
1043484, 2
769345, 2
1220056, 2
1227718, 2
707219, 2
1198551, 2
1217181, 2
570123, 2
1201679, 2
1228733, 2
1202938, 2
505526, 2
642974, 2
28713, 2
1245688, 2
560805, 2
768490, 2
1040921, 2
1246216, 2
2018369, 2
1202822, 2
1222513, 2
998314, 2
648573, 2
1359941, 2
1192207, 2
1228566, 2
1219288, 2
1210309, 2
754893, 2
1202543, 2
772160, 2
1216243, 2
1235357, 2
561012, 2
2230828, 2
1142992, 2
646605, 2
17704, 2
1181548, 2
542656, 2
1202068, 2
1188344, 2
1228356, 2
1182036, 2
1103905, 2
1247925, 2
561564, 2
1199390, 2
1048045, 2
1176684, 2
27553, 2
1199546, 2
1347935, 2
764436, 2
541354, 2
1245577, 2
626727, 2
698655, 2
5737, 2
555231, 2
1233692, 2
1176318, 2
729187, 2
557123, 2
1228061, 2
765018, 2
1225775, 2
2714407, 2
1203811, 2
27288, 2
1185867, 2
755881, 2
2218840, 2
27275, 2
757978, 2
1233748, 2
554493, 2
675872, 2
1301440, 2
1143521, 2
1213831, 2
622203, 2
2227945, 2
1211032, 2
31604, 2
752956, 2
17880, 2
755823, 2
757283, 2
644802, 2
1223342, 2
1197638, 2
2715252, 2
727552, 2
32881, 2
559832, 2
1376543, 2
1203200, 2
1101443, 2
17519, 2
775931, 2
1043980, 2
1409697, 2
1191752, 2
1370720, 2
1182713, 2
1194119, 2
1174075, 2
1003313, 2
849790, 2
781081, 2
11115, 2
27970, 2
1175269, 2
757022, 2
1100687, 2
1306312, 2
768965, 2
1208720, 2
725925, 2
1213715, 2
1211553, 2
755674, 2
1218225, 2
1065844, 2
531696, 2
542833, 2
1195311, 2
1219542, 2
2710672, 2
1226236, 2
1193103, 2
2712613, 2
761113, 2
758488, 2
26045, 2
31273, 2
541880, 2
2232156, 2
1202346, 2
1221737, 2
1219096, 2
1210924, 2
29824, 2
1199950, 2
1208364, 2
777774, 2
663190, 2
1174140, 2
850901, 2
774659, 2
2647154, 2
1198043, 2
570451, 2
1194945, 2
764189, 2
1197082, 2
29968, 2
1222219, 2
778494, 2
557521, 2
2219431, 2
772989, 2
23066, 2
764273, 2
1203992, 2
1232722, 2
1218342, 2
22355, 2
759301, 2
1208996, 2
1639391, 2
1224018, 2
1182614, 2
755111, 2
30461, 2
722880, 2
1223378, 2
510529, 2
760222, 2
2233110, 2
779092, 2
690556, 2
673303, 2
759802, 2
29945, 2
1046172, 2
643123, 2
675026, 2
1228930, 2
1197731, 2
1195627, 2
559498, 2
29893, 2
558147, 2
684944, 2
562742, 2
760539, 2
1220850, 2
733443, 2
1200314, 2
734053, 2
1201024, 2
1220563, 2
2710677, 2
1202513, 2
735194, 2
2228172, 2
2218565, 2
1104961, 2
1209744, 2
1217867, 2
722780, 2
1226923, 2
699460, 2
755434, 2
1047848, 2
1101139, 2
1104676, 2
695285, 2
2218549, 2
1097002, 2
752730, 2
849481, 2
1224160, 2
38108, 2
1217427, 2
721017, 2
777354, 2
1202308, 2
1199053, 2
26299, 2
28062, 2
1225708, 2
867665, 2
1047801, 2
752886, 2
758986, 2
773118, 2
1079776, 2
1201904, 2
863409, 2
1080022, 2
28391, 2
733866, 2
756263, 2
754495, 2
24688, 2
2226805, 2
774815, 2
756463, 2
768519, 2
1245673, 2
684605, 2
553890, 2
1199182, 2
756208, 2
1213692, 2
708184, 2
1247715, 2
998212, 2
776001, 2
728403, 2
1223338, 2
755069, 2
734944, 2
1221613, 2
771131, 2
2713026, 2
676467, 2
559043, 2
1401831, 2
1210613, 2
1177495, 2
1446592, 2
756293, 2
542813, 2
1177094, 2
558465, 2
1204363, 2
1029872, 2
531782, 2
19721, 2
866506, 2
774612, 2
505267, 2
1221452, 2
1847727, 2
625565, 2
1193782, 2
1208534, 2
554083, 2
1220002, 2
680781, 2
31890, 2
756648, 2
6336, 2
626701, 2
22853, 2
26817, 2
779348, 2
2647043, 2
1227662, 2
621924, 2
29203, 2
553874, 2
1200603, 2
1291967, 2
31038, 2
1246463, 2
1042942, 2
1250066, 2
1245481, 2
1185781, 2
774714, 2
736259, 2
1199333, 2
753598, 2
2227769, 2
1214983, 2
1043308, 2
697815, 2
559061, 2
1104145, 2
1233097, 2
1365417, 2
768137, 2
1211086, 2
1343485, 2
1197159, 2
1042146, 2
1102920, 2
1226610, 2
531317, 2
753257, 2
542944, 2
1362289, 2
1217245, 2
28975, 2
1223189, 2
2714580, 2
1220382, 2
1209245, 2
2713588, 2
1208672, 2
2218208, 2
1178324, 2
767408, 2
1201348, 2
541067, 2
676685, 2
1246781, 2
759127, 2
560899, 2
780874, 2
2712800, 2
1209417, 2
1181656, 2
1368365, 2
540619, 2
1100641, 2
600208, 2
1259697, 2
698633, 2
542533, 2
1216915, 2
541300, 2
1217390, 2
1019782, 2
6412, 2
1212300, 2
698669, 2
1183089, 2
1176498, 2
1196626, 2
1216926, 2
2220785, 2
556799, 2
1200475, 2
1227533, 2
1280694, 2
1216366, 2
1299584, 2
1214444, 2
2714513, 2
2229825, 2
851102, 2
2227750, 2
756286, 2
559393, 2
1245827, 2
760131, 2
557963, 2
2217464, 2
936855, 2
2715271, 2
765195, 2
1225337, 2
1189824, 2
758361, 2
776630, 2
780854, 2
1207483, 2
19363, 2
1217095, 2
1094262, 2
2224746, 2
1218208, 2
556338, 2
1399365, 2
760072, 2
1201772, 2
772226, 2
1188510, 2
1101916, 2
2227554, 2
1100666, 2
1246245, 2
1180600, 2
1025339, 2
1199969, 2
572487, 2
686346, 2
766492, 2
1212027, 2
1100825, 2
1175004, 2
556401, 2
1215925, 2
1040837, 2
1295190, 2
758248, 2
1196197, 2
570074, 2
560464, 2
1374127, 2
29269, 2
1217179, 2
756269, 2
560120, 2
703426, 2
573523, 2
12933, 2
850221, 2
560123, 2
2902228, 2
2218770, 2
680266, 2
1235807, 2
1182622, 2
1226181, 2
778723, 2
1195904, 2
763057, 2
1075194, 2
1020123, 2
1279034, 2
777638, 2
6758, 2
562102, 2
26635, 2
1236602, 2
1203419, 2
1214085, 2
1228685, 2
2225290, 2
1219903, 2
504605, 2
1191296, 2
731867, 2
1180050, 2
1196751, 2
1191079, 2
1212177, 2
758186, 2
1196789, 2
1195114, 2
772955, 2
758467, 2
17433, 2
754651, 2
1178521, 2
1292643, 2
1214314, 2
1106094, 2
2231707, 2
625526, 2
662572, 2
680309, 2
1211181, 2
1199191, 2
989619, 2
973330, 2
698494, 2
780518, 2
3849, 2
17015, 2
1224100, 2
762279, 2
652092, 2
1219364, 2
1203754, 2
764510, 2
2716142, 2
738014, 2
605302, 2
699455, 2
1173784, 2
13264, 2
1174586, 2
684704, 2
1255429, 2
2226546, 2
1179195, 2
2240084, 2
2713043, 2
1234571, 2
21759, 2
2230576, 2
1387656, 2
1249213, 2
1040828, 2
555830, 2
1324912, 2
686747, 2
562065, 2
555746, 2
1200668, 2
1069751, 2
559383, 2
8500, 2
1220150, 2
1176889, 2
1218473, 2
1205345, 2
1120783, 2
2240448, 2
1204533, 2
778969, 2
1176905, 2
1223085, 2
1284292, 2
1044660, 2
1104362, 2
625555, 2
1220729, 2
831190, 2
1214366, 2
1227224, 2
1203611, 2
766418, 2
27442, 2
559706, 2
1040901, 2
1215856, 2
23098, 2
1234839, 2
1213886, 2
561024, 2
530628, 2
1222445, 2
758212, 2
684623, 2
1195898, 2
583476, 2
1218798, 2
1173544, 2
611836, 2
976118, 2
1100628, 2
1174329, 2
776488, 2
2218910, 2
2230187, 2
1215762, 2
1233542, 2
684493, 2
759866, 2
1210229, 2
1222632, 2
555344, 2
754815, 2
756564, 2
28216, 2
1047992, 2
761633, 2
2230944, 2
554776, 2
1195453, 2
1044720, 2
770831, 2
1219988, 2
1199715, 2
1196047, 2
1179746, 2
1224101, 2
1197042, 2
1043310, 2
1219205, 2
1295700, 2
1198778, 2
1192422, 2
774606, 2
1207615, 2
25811, 2
1210834, 2
19375, 2
1210973, 2
1195429, 2
1045800, 2
24377, 2
1274267, 2
699606, 2
1226346, 2
559136, 2
1104298, 2
1200213, 2
20105, 2
2220554, 2
1207170, 2
1228504, 2
1198239, 2
772421, 2
850798, 2
1199476, 2
1228416, 2
29388, 2
1199217, 2
1199741, 2
2713259, 2
1203926, 2
767438, 2
1189694, 2
1253097, 2
2231984, 2
1211440, 2
1212157, 2
14316, 2
1073909, 2
754236, 2
6290, 2
1192499, 2
1208881, 2
849522, 2
1044050, 2
1120827, 2
1203953, 2
2227679, 2
1105457, 2
632282, 2
1181459, 2
760261, 2
29147, 2
22334, 2
611316, 2
1211618, 2
1201519, 2
1246096, 2
1219499, 2
27035, 2
1174549, 2
1181555, 2
1443117, 2
1218530, 2
695976, 2
18378, 2
1188569, 2
643905, 2
557874, 2
1185962, 2
2089, 2
1204067, 2
770655, 2
697253, 2
1213604, 2
1100724, 2
691038, 2
1235451, 2
777810, 2
1212478, 2
1202667, 2
1175024, 2
725197, 2
759985, 2
765392, 2
758056, 2
558981, 2
1196677, 2
1047046, 2
1094359, 2
1075577, 2
760263, 2
777675, 2
1235964, 2
1198055, 2
2224753, 2
568443, 2
757937, 2
1194527, 2
1208429, 2
756763, 2
1305077, 2
1246538, 2
2219362, 2
707177, 2
1049240, 2
559897, 2
757949, 2
1192494, 2
1224881, 2
1213379, 2
753266, 2
1100191, 2
1291102, 2
759263, 2
1190230, 2
1043203, 2
759390, 2
754842, 2
1252778, 2
662527, 2
1214860, 2
705357, 2
1203539, 2
776239, 2
30159, 2
690541, 2
1353216, 2
1044764, 2
1235035, 2
761869, 2
777477, 2
622273, 2
1221844, 2
18578, 2
20104, 2
541401, 2
1175392, 2
2230643, 2
31139, 2
754486, 2
729255, 2
542850, 2
1301284, 2
1041453, 2
542812, 2
542280, 2
753850, 2
1389180, 2
1367801, 2
722832, 2
1189312, 2
1304002, 2
4165, 2
1318887, 2
556139, 2
2219822, 2
756582, 2
1199924, 2
1073700, 2
1232276, 2
542011, 2
1189006, 2
1641824, 2
18311, 2
1181400, 2
2712713, 2
1200097, 2
1208078, 2
752625, 2
1042757, 2
777472, 2
758917, 2
1210070, 2
766507, 2
1218449, 2
1204632, 2
767268, 2
1221212, 2
1211017, 2
763174, 2
2715443, 2
675376, 2
32625, 2
1100642, 2
1224201, 2
1280578, 2
1215028, 2
25956, 2
754548, 2
1039605, 2
1048148, 2
1216153, 2
26846, 2
1196057, 2
1197316, 2
1202353, 2
1047985, 2
676430, 2
1214917, 2
772758, 2
18321, 2
672302, 2
540627, 2
1100621, 2
1215146, 2
1220093, 2
557393, 2
1191399, 2
721317, 2
2228471, 2
759620, 2
525, 2
1210736, 2
759180, 2
1303020, 2
677613, 2
867535, 2
1233715, 2
1080262, 2
1175662, 2
2219250, 2
778492, 2
1233680, 2
2232578, 2
3618, 2
560577, 2
985477, 2
1182586, 2
1210386, 2
766535, 2
1221166, 2
1103691, 2
754252, 2
19092, 2
2712571, 2
2045219, 2
1224605, 2
2713215, 2
1226962, 2
2228178, 2
1196923, 2
772517, 2
696012, 2
1202899, 2
1221523, 2
743810, 2
1040903, 2
23355, 2
554142, 2
1191018, 2
14434, 2
2229093, 2
1221315, 2
1197342, 2
699937, 2
1194460, 2
1206677, 2
1101557, 2
768507, 2
775020, 2
1211325, 2
28019, 2
11793, 2
1216713, 2
1105916, 2
600177, 2
1191607, 2
1182197, 2
674849, 2
1193182, 2
17170, 2
560496, 2
997016, 2
1209028, 2
1100742, 2
778364, 2
1221529, 2
1218213, 2
694934, 2
1180522, 2
1006390, 2
1095489, 2
780411, 2
1234273, 2
30983, 2
1199440, 2
1208713, 2
2715597, 2
758500, 2
542063, 2
1210021, 2
1229059, 2
555548, 2
2225000, 2
675778, 2
1181025, 2
1445397, 2
1409205, 2
627344, 2
17836, 2
1194747, 2
1219050, 2
1105196, 2
1193616, 2
1208092, 2
1195139, 2
770409, 2
1200885, 2
1224665, 2
556177, 2
1218860, 2
770650, 2
998155, 2
15325, 2
19617, 2
558580, 2
1372490, 2
880318, 2
1222553, 2
1209922, 2
863295, 2
1221657, 2
17262, 2
28653, 2
757791, 2
680246, 2
557274, 2
644841, 2
1238443, 2
754408, 2
540033, 2
770848, 2
648633, 2
763436, 2
1218264, 2
769030, 2
1203746, 2
696778, 2
1211997, 2
557360, 2
1202624, 2
28399, 2
766017, 2
2217792, 2
1189341, 2
1042328, 2
1236113, 2
2218790, 2
1213516, 2
1221292, 2
1028, 2
32531, 2
1204480, 2
1213421, 2
1540429, 2
560622, 2
559820, 2
10925, 2
1238312, 2
3180, 2
684865, 2
1077164, 2
758117, 2
849672, 2
1223933, 2
1180168, 2
1042285, 2
1214742, 2
755038, 2
26255, 2
1076062, 2
1204646, 2
571437, 2
654301, 2
1246030, 2
1271783, 2
1154515, 2
671510, 2
1203490, 2
651997, 2
1178763, 2
1203003, 2
1204523, 2
775945, 2
541870, 2
1201485, 2
763229, 2
540820, 2
557786, 2
1273508, 2
2230429, 2
626241, 2
1040936, 2
753215, 2
2218981, 2
2715261, 2
771127, 2
1194576, 2
754602, 2
1043786, 2
1218100, 2
754994, 2
26008, 2
1173884, 2
1214972, 2
696762, 2
560937, 2
1199680, 2
1208980, 2
754577, 2
1211628, 2
19373, 2
759815, 2
618, 2
555958, 2
642739, 2
581174, 2
1204777, 2
720658, 2
771642, 2
553971, 2
728532, 2
2712679, 2
1195255, 2
1218864, 2
542558, 2
1247707, 2
1222861, 2
24731, 2
1106218, 2
770828, 2
555097, 2
1238971, 2
772943, 2
1182808, 2
1193997, 2
772811, 2
1199880, 2
1214963, 2
696329, 2
989604, 2
1275601, 2
1245877, 2
573109, 2
1215555, 2
777485, 2
642648, 2
581795, 2
690559, 2
1195399, 2
2233743, 2
1175303, 2
1203769, 2
754412, 2
625254, 2
1200819, 2
642803, 2
780477, 2
1061769, 2
1188812, 2
1173599, 2
1180732, 2
780126, 2
772890, 2
773547, 2
1202433, 2
768707, 2
1047971, 2
542420, 2
1198436, 2
504158, 2
766500, 2
1201957, 2
1237277, 2
757957, 2
12324, 2
1221300, 2
1196129, 2
770463, 2
1103551, 2
541997, 2
1217792, 2
1180585, 2
32749, 2
557823, 2
1203294, 2
2752758, 2
775466, 2
776032, 2
776175, 2
1177582, 2
1182453, 2
760050, 2
759071, 2
758255, 2
771343, 2
1205449, 2
975271, 2
861445, 2
1204453, 2
1409107, 2
2228813, 2
568866, 2
1198367, 2
715614, 2
753130, 2
2714594, 2
1217149, 2
2218573, 2
21667, 2
1375998, 2
1222118, 2
1020647, 2
1080218, 2
2234, 2
1209786, 2
1046866, 2
1214443, 2
1233960, 2
2714469, 2
510562, 2
1181863, 2
1179552, 2
28890, 2
1197598, 2
626973, 2
1195970, 2
774247, 2
673119, 2
1208723, 2
779891, 2
1226449, 2
777775, 2
726347, 2
1197384, 2
1220112, 2
25542, 2
1195326, 2
1341839, 2
1200365, 2
2217084, 2
1192095, 2
1219814, 2
764074, 2
1205564, 2
698454, 2
1640700, 2
1213586, 2
707973, 2
556462, 2
752833, 2
1204656, 2
1218591, 2
510568, 2
1029689, 2
1194942, 2
20816, 2
1212078, 2
2715218, 2
1203438, 2
1177688, 2
1222188, 2
1227199, 2
1214520, 2
1221749, 2
4351, 2
754037, 2
1221349, 2
752859, 2
557087, 2
699543, 2
1213271, 2
1025207, 2
849426, 2
1200101, 2
2714570, 2
1214115, 2
621024, 2
735568, 2
1203656, 2
583836, 2
542634, 2
26007, 2
698381, 2
2912480, 2
1225368, 2
2714525, 2
1197946, 2
530033, 2
768961, 2
1215351, 2
653287, 2
1196084, 2
690548, 2
2218835, 2
1224828, 2
1198941, 2
1202567, 2
1100735, 2
1200251, 2
601823, 2
1075771, 2
1176775, 2
28812, 2
570607, 2
1380645, 2
768083, 2
1208198, 2
726333, 2
773044, 2
556531, 2
1101787, 2
567379, 2
1208874, 2
1203893, 2
1208687, 2
707907, 2
1258227, 2
627209, 2
654664, 2
26416, 2
638253, 2
1225032, 2
705041, 2
674422, 2
630329, 2
554842, 2
771028, 2
1234529, 2
1184255, 2
561308, 2
770636, 2
1198405, 2
1237850, 2
1208662, 2
555287, 2
1205292, 2
1191127, 2
1191555, 2
1045516, 2
1190534, 2
1047910, 2
1049205, 2
1047057, 2
1204343, 2
559521, 2
1174250, 2
1224939, 2
1198204, 2
2715401, 2
559573, 2
2231747, 2
20606, 2
2713186, 2
1044272, 2
19478, 2
1236234, 2
765226, 2
863018, 2
1237483, 2
761146, 2
31961, 2
2228457, 2
1177748, 2
1195019, 2
1224027, 2
984519, 2
569109, 2
760943, 2
1047474, 2
685156, 2
755771, 2
1311728, 2
773199, 2
2713239, 2
1179213, 2
2232133, 2
1204474, 2
566801, 2
1046724, 2
1179149, 2
1003437, 2
1222541, 2
1189137, 2
1201251, 2
558781, 2
2218525, 2
1208759, 2
1277563, 2
558164, 2
1261785, 2
755715, 2
1174575, 2
2228537, 2
1216255, 2
1200292, 2
1220286, 2
1101328, 2
1197129, 2
755247, 2
1073593, 2
703516, 2
733612, 2
1176292, 2
778816, 2
1218396, 2
775944, 2
1276097, 2
1197675, 2
18496, 2
777423, 2
1225257, 2
777652, 2
1178552, 2
762870, 2
766411, 2
772101, 2
698854, 2
622294, 2
1203087, 2
16799, 2
559052, 2
1175743, 2
23911, 2
778012, 2
687200, 2
757532, 2
1305921, 2
1042176, 2
1025378, 2
26412, 2
1080439, 2
1223755, 2
773191, 2
1244518, 2
1190549, 2
694012, 2
1182701, 2
636559, 2
558358, 2
31095, 2
1177833, 2
728442, 2
1225082, 2
504353, 2
756268, 2
1199144, 2
1094414, 2
731109, 2
1176620, 2
3346441, 2
1189663, 2
1101577, 2
2230071, 2
1200429, 2
1227462, 2
771232, 2
780293, 2
1273834, 2
766508, 2
1221087, 2
1208115, 2
776570, 2
1201992, 2
1177773, 2
757119, 2
770073, 2
757155, 2
1233059, 2
1200375, 2
6340, 2
25266, 2
626506, 2
1228994, 2
1191802, 2
1209457, 2
616587, 2
2715224, 2
1373817, 2
1203579, 2
704577, 2
698440, 2
1206068, 2
1223206, 2
773525, 2
2715374, 2
1218866, 2
1021522, 2
4321, 2
568792, 2
1188286, 2
795607, 2
1180425, 2
1177632, 2
850916, 2
1239125, 2
1198442, 2
757899, 2
559748, 2
772531, 2
570553, 2
728646, 2
1204952, 2
1202252, 2
706521, 2
2716258, 2
772582, 2
2236419, 2
690530, 2
766465, 2
684, 2
1190986, 2
1222526, 2
27236, 2
707876, 2
1189956, 2
1221991, 2
770968, 2
29246, 2
684502, 2
31007, 2
1043588, 2
735602, 2
755513, 2
2232315, 2
1205136, 2
1019741, 2
777689, 2
1203196, 2
2218317, 2
997006, 2
625377, 2
1105952, 2
22728, 2
23779, 2
1211517, 2
29437, 2
29369, 2
26911, 2
1219679, 2
852009, 2
1198815, 2
1211473, 2
580999, 2
2228886, 2
1221453, 2
625477, 2
1105637, 2
684978, 2
721075, 2
554037, 2
2714038, 2
764607, 2
767462, 2
1227795, 2
1224727, 2
765480, 2
2232986, 2
1066655, 2
1207671, 2
1246376, 2
1222881, 2
1275718, 2
735777, 2
733466, 2
752515, 2
541785, 2
691045, 2
776577, 2
625996, 2
1213114, 2
1213548, 2
556279, 2
1175311, 2
1201672, 2
1100738, 2
729516, 2
753693, 2
754856, 2
1407010, 2
1210785, 2
1307652, 2
780879, 2
1188876, 2
2229694, 2
674333, 2
9178, 2
1202430, 2
1223669, 2
1211310, 2
1208509, 2
1174892, 2
2714366, 2
975559, 2
26692, 2
1203892, 2
1046674, 2
1199527, 2
1100578, 2
559279, 2
755320, 2
23398, 2
1209270, 2
770967, 2
1247321, 2
3267, 2
1045963, 2
554778, 2
768416, 2
559036, 2
2715330, 2
1213804, 2
567638, 2
1197976, 2
6815, 2
1238795, 2
607829, 2
1214624, 2
676275, 2
2228996, 2
706284, 2
26662, 2
1041685, 2
759459, 2
705435, 2
1016095, 2
680610, 2
1446283, 2
759942, 2
727913, 2
561013, 2
652180, 2
1335345, 2
1176726, 2
27503, 2
2713537, 2
756565, 2
2218750, 2
1079297, 2
779287, 2
1221927, 2
1210694, 2
1100665, 2
1072660, 2
1104755, 2
1179841, 2
1233470, 2
26925, 2
1100746, 2
1234536, 2
1204720, 2
16163, 2
1236627, 2
867824, 2
625635, 2
504354, 2
1408159, 2
1266557, 2
23686, 2
1220489, 2
2242025, 2
530455, 2
561256, 2
778355, 2
1200633, 2
558795, 2
28952, 2
1195, 2
726558, 2
16956, 2
772190, 2
1016144, 2
30952, 2
1208108, 2
11008, 2
777446, 2
2228575, 2
1222225, 2
562490, 2
2218964, 2
1174196, 2
1220281, 2
752734, 2
985593, 2
27247, 2
1100747, 2
1221117, 2
27164, 2
1219828, 2
541075, 2
1247095, 2
767297, 2
26157, 2
1568351, 2
1302702, 2
567219, 2
779144, 2
866787, 2
1299455, 2
20178, 2
1203403, 2
752698, 2
1667051, 2
1222147, 2
1025320, 2
1177408, 2
655025, 2
1221329, 2
730292, 2
769256, 2
1154479, 2
567997, 2
758780, 2
2235089, 2
862780, 2
866688, 2
698686, 2
1182302, 2
1104417, 2
760332, 2
1213269, 2
1175506, 2
620652, 2
1211228, 2
567594, 2
18576, 2
1223104, 2
1105335, 2
1104584, 2
573202, 2
755015, 2
1079335, 2
1194705, 2
1215118, 2
1209379, 2
779899, 2
772131, 2
5045, 2
1639489, 2
1330329, 2
727956, 2
1232327, 2
756360, 2
1225269, 2
754746, 2
1247675, 2
1209792, 2
1203161, 2
1192773, 2
1214493, 2
561203, 2
1207236, 2
768680, 2
1215013, 2
558369, 2
1211092, 2
1247884, 2
1217853, 2
1210318, 2
1197935, 2
696075, 2
1100637, 2
669351, 2
31964, 2
2228351, 2
675278, 2
752675, 2
770901, 2
1208457, 2
1174385, 2
757190, 2
1280637, 2
1223008, 2
645962, 2
758968, 2
1200035, 2
559680, 2
582723, 2
1178414, 2
554614, 2
765146, 2
574138, 2
995200, 2
998197, 2
2714495, 2
1177302, 2
1195558, 2
1207619, 2
1103697, 2
726184, 2
1222986, 2
1228307, 2
1201107, 2
1185918, 2
753242, 2
771826, 2
1402707, 2
766080, 2
27818, 2
998413, 2
604, 2
1045598, 2
778996, 2
19122, 2
1182783, 2
562404, 2
1073522, 2
1282826, 2
1075974, 2
17770, 2
1209308, 2
2220384, 2
1245626, 2
1327535, 2
1177952, 2
683974, 2
541167, 2
684109, 2
1041783, 2
2217372, 2
1200731, 2
556984, 2
1041016, 2
1103912, 2
1100389, 2
754458, 2
1245701, 2
1216818, 2
1223192, 2
1096888, 2
698366, 2
1212702, 2
1345521, 2
1045626, 2
616458, 2
1147630, 2
2712939, 2
721584, 2
1205154, 2
2911947, 2
1216108, 2
1228639, 2
1239269, 2
774897, 2
3901, 2
758153, 2
1080347, 2
27124, 2
1104735, 2
1211811, 2
30541, 2
2231146, 2
757719, 2
1101463, 2
695987, 2
1958773, 2
30012, 2
765358, 2
1342178, 2
1177907, 2
1182045, 2
1196210, 2
1228753, 2
1180837, 2
777330, 2
559257, 2
771199, 2
2225410, 2
2230722, 2
757287, 2
1079041, 2
32398, 2
1219034, 2
1215628, 2
756800, 2
1094468, 2
1201208, 2
771910, 2
1661597, 2
1181490, 2
1045475, 2
766389, 2
2713820, 2
31780, 2
1198749, 2
530347, 2
1222468, 2
771270, 2
1384392, 2
7596, 2
752965, 2
562001, 2
1199810, 2
734045, 2
758278, 2
1076219, 2
1194773, 2
1196454, 2
1212787, 2
1047803, 2
542783, 2
1173534, 2
755491, 2
998154, 2
1194494, 2
25207, 2
761276, 2
753673, 2
18864, 2
2218268, 2
757499, 2
644221, 2
770652, 2
1196814, 2
1175757, 2
582161, 2
2746689, 2
25840, 2
1043721, 2
675880, 2
1224684, 2
759773, 2
1196604, 2
1217778, 2
1223454, 2
554996, 2
1204561, 2
1042253, 2
28580, 2
2226901, 2
1234092, 2
1226567, 2
676515, 2
1397656, 2
2230437, 2
2712611, 2
756273, 2
1221911, 2
1222873, 2
567722, 2
1174003, 2
1209173, 2
1213962, 2
1227654, 2
2232368, 2
1246722, 2
2035237, 2
1192830, 2
1216980, 2
758019, 2
2218940, 2
1210422, 2
706869, 2
558842, 2
758681, 2
758633, 2
12323, 2
774508, 2
1190931, 2
560927, 2
758100, 2
1218605, 2
759750, 2
1211665, 2
1223061, 2
757963, 2
558169, 2
1177758, 2
998711, 2
767573, 2
775915, 2
1074148, 2
1105143, 2
1227455, 2
547094, 2
1387574, 2
626378, 2
673070, 2
2218202, 2
1191495, 2
1224991, 2
1225330, 2
26952, 2
861713, 2
30941, 2
1203521, 2
998194, 2
545646, 2
1203184, 2
1196268, 2
25454, 2
1222724, 2
729795, 2
1210423, 2
769470, 2
2750150, 2
1224904, 2
1250945, 2
1376964, 2
1210863, 2
558126, 2
763819, 2
758436, 2
1227404, 2
29930, 2
28721, 2
772395, 2
756571, 2
1196773, 2
768983, 2
1272680, 2
1365415, 2
2227752, 2
1221028, 2
558482, 2
27027, 2
755255, 2
780469, 2
766301, 2
1097888, 2
733538, 2
779742, 2
1226296, 2
766479, 2
1190484, 2
26627, 2
867726, 2
1225971, 2
572763, 2
19208, 2
625957, 2
1545909, 2
1212577, 2
1173444, 2
1274433, 2
721707, 2
768976, 2
1105409, 2
1210327, 2
1208107, 2
1223354, 2
1195205, 2
2712765, 2
1229186, 2
1196334, 2
1197095, 2
1218355, 2
1025232, 2
4307, 2
758479, 2
753872, 2
849596, 2
1176592, 2
684108, 2
1222863, 2
679669, 2
778194, 2
1179836, 2
554121, 2
1250887, 2
1197536, 2
754275, 2
771397, 2
1047958, 2
1205305, 2
1205125, 2
1238830, 2
1221227, 2
1178639, 2
1045833, 2
2224763, 2
2714375, 2
1239169, 2
1247383, 2
557328, 2
1221714, 2
1087486, 2
765142, 2
2020519, 2
1019549, 2
1045711, 2
571060, 2
1176492, 2
2715471, 2
1224603, 2
773035, 2
756858, 2
570489, 2
510271, 2
2230943, 2
10935, 2
2712782, 2
2712781, 2
1175352, 2
1353803, 2
1213585, 2
757258, 2
1200550, 2
1212130, 2
699346, 2
1215645, 2
850824, 2
5707, 2
1210786, 2
1196371, 2
1041534, 2
558259, 2
541709, 2
1220007, 2
625249, 2
755864, 2
542474, 2
1216071, 2
1229284, 2
1209576, 2
1235030, 2
2646975, 2
849229, 2
770576, 2
1189868, 2
554749, 2
1196852, 2
1189889, 2
724995, 2
1047477, 2
1041291, 2
1185652, 2
555172, 2
1216433, 2
1196309, 2
1020715, 2
1192804, 2
560170, 2
1075282, 2
17661, 2
1100604, 2
706622, 2
1210695, 2
1132757, 2
753271, 2
1228037, 2
567532, 2
561556, 2
1214449, 2
759650, 2
1200142, 2
1216353, 2
1203039, 2
9322, 2
1044206, 2
26397, 2
1077098, 2
554526, 2
2231705, 2
1173735, 2
542067, 2
554759, 2
1211005, 2
998601, 2
744182, 2
541932, 2
776642, 2
1196609, 2
1203409, 2
1181537, 2
1182563, 2
2219662, 2
698797, 2
1234476, 2
1197285, 2
1214296, 2
1215689, 2
1041093, 2
558785, 2
9047, 2
1215113, 2
2715783, 2
1215971, 2
2217309, 2
767527, 2
766586, 2
2714945, 2
18460, 2
771041, 2
559940, 2
1196159, 2
1204440, 2
863078, 2
1100675, 2
1210588, 2
1195856, 2
556787, 2
1044024, 2
26778, 2
1211754, 2
16961, 2
1025235, 2
1218633, 2
1246905, 2
20078, 2
26274, 2
1215818, 2
2215811, 2
28034, 2
2232795, 2
765500, 2
774483, 2
602328, 2
236, 2
2230883, 2
2227114, 2
1196380, 2
1213505, 2
559029, 2
558731, 2
1218810, 2
766395, 2
1181672, 2
15895, 2
752665, 2
1040884, 2
29613, 2
2218996, 2
1046848, 2
2716235, 2
1211816, 2
1173223, 2
777771, 2
1215122, 2
1104220, 2
568857, 2
758538, 2
2713179, 2
562302, 2
821363, 2
541204, 2
760308, 2
759961, 2
1044419, 2
558000, 2
1203957, 2
1203914, 2
28176, 2
1227837, 2
510285, 2
19367, 2
1198079, 2
773138, 2
1200222, 2
755780, 2
531917, 2
557540, 2
761166, 2
1048799, 2
1210917, 2
775412, 2
1204730, 2
1233707, 2
1221444, 2
709428, 2
1173530, 2
1211106, 2
2230860, 2
2241471, 2
2226702, 2
755507, 2
26203, 2
29302, 2
1047825, 2
1105809, 2
1047021, 2
1220346, 2
1129406, 2
1204163, 2
758550, 2
1214028, 2
1246651, 2
1211247, 2
1207549, 2
698151, 2
705961, 2
31600, 2
1175288, 2
2715675, 2
1041341, 2
1209540, 2
756932, 2
7703, 2
541060, 2
1192620, 2
1177788, 2
1196647, 2
766832, 2
780657, 2
1039058, 2
1203665, 2
1203846, 2
1216512, 2
698365, 2
676286, 2
1196566, 2
18396, 2
1210974, 2
756097, 2
505561, 2
755889, 2
18822, 2
1020141, 2
1203548, 2
28749, 2
1218113, 2
1209910, 2
1177550, 2
1046092, 2
573810, 2
1399256, 2
1215300, 2
600171, 2
25250, 2
757495, 2
560154, 2
1094271, 2
1176260, 2
1235125, 2
680384, 2
1295166, 2
728499, 2
1228153, 2
26134, 2
2231163, 2
1211537, 2
12004, 2
1105535, 2
775826, 2
12879, 2
765352, 2
26903, 2
752517, 2
706303, 2
769023, 2
863374, 2
29022, 2
26571, 2
1213462, 2
601342, 2
849223, 2
641112, 2
608469, 2
998432, 2
765390, 2
582813, 2
1204395, 2
757796, 2
1238900, 2
540645, 2
1225035, 2
685555, 2
1069855, 2
2716125, 2
30420, 2
767539, 2
753284, 2
758554, 2
31512, 2
2228435, 2
1273274, 2
1342931, 2
1201240, 2
753073, 2
1221351, 2
530336, 2
1194616, 2
1215776, 2
770668, 2
505098, 2
754081, 2
2230014, 2
2229181, 2
1222121, 2
1182950, 2
555436, 2
22023, 2
2218480, 2
1238169, 2
1407797, 2
1189145, 2
1209152, 2
2715339, 2
1207871, 2
1202805, 2
759559, 2
1101379, 2
8982, 2
1197968, 2
759672, 2
765102, 2
754053, 2
2712699, 2
29227, 2
1176329, 2
570520, 2
1234544, 2
1218465, 2
1376673, 2
1198565, 2
1044634, 2
683675, 2
1227850, 2
1041316, 2
707803, 2
29565, 2
2228392, 2
27455, 2
1039531, 2
1176421, 2
1202607, 2
774351, 2
849709, 2
1191326, 2
757910, 2
1214791, 2
759311, 2
762412, 2
2229217, 2
708965, 2
1011860, 2
1289597, 2
728777, 2
756924, 2
7048, 2
2215874, 2
1174362, 2
605684, 2
1072023, 2
578882, 2
1100647, 2
1233122, 2
2233786, 2
1196296, 2
560533, 2
27482, 2
1226477, 2
1232847, 2
6665, 2
768606, 2
636839, 2
752578, 2
767255, 2
2232832, 2
1101238, 2
29836, 2
1212541, 2
1245508, 2
1047270, 2
705300, 2
31874, 2
699437, 2
849461, 2
1195995, 2
504184, 2
1174048, 2
1203459, 2
771770, 2
559799, 2
684539, 2
1043651, 2
1198130, 2
765576, 2
556506, 2
756998, 2
1201465, 2
772667, 2
1220845, 2
556711, 2
1199626, 2
1291363, 2
1221675, 2
740740, 2
2220761, 2
1227684, 2
1223348, 2
772753, 2
757744, 2
780842, 2
694940, 2
1208207, 2
1201693, 2
1234552, 2
1100590, 2
2219393, 2
1182694, 2
1213391, 2
775307, 2
562239, 2
1198235, 2
1212303, 2
557908, 2
1048881, 2
584637, 2
20938, 2
31896, 2
1177652, 2
1228694, 2
1373336, 2
1247014, 2
1228700, 2
1179143, 2
1225537, 2
26789, 2
1392420, 2
1182516, 2
1200359, 2
1211403, 2
1223011, 2
1191072, 2
1205338, 2
27751, 2
1179548, 2
29139, 2
626392, 2
780474, 2
1096906, 2
643033, 2
1208471, 2
2715463, 2
1209214, 2
735524, 2
733614, 2
2228768, 2
1204236, 2
8837, 2
569961, 2
27436, 2
1352773, 2
1043996, 2
768602, 2
1203415, 2
1210579, 2
1103816, 2
1213833, 2
540920, 2
1235185, 2
1233374, 2
2225572, 2
756323, 2
676449, 2
722997, 2
768425, 2
1173753, 2
1192196, 2
1003767, 2
3070, 2
2229431, 2
6388, 2
1215096, 2
23858, 2
556662, 2
1196547, 2
542843, 2
783909, 2
772140, 2
554255, 2
1181733, 2
696986, 2
1228860, 2
1397348, 2
568282, 2
2740702, 2
1578402, 2
557042, 2
31025, 2
27063, 2
541996, 2
16808, 2
775189, 2
780667, 2
857359, 2
542622, 2
1203263, 2
616240, 2
849671, 2
22748, 2
753722, 2
2231050, 2
1175780, 2
1210601, 2
768589, 2
1212674, 2
18938, 2
556750, 2
567515, 2
1175436, 2
558650, 2
1222595, 2
1192145, 2
28290, 2
1181938, 2
1233894, 2
765944, 2
2215940, 2
757929, 2
765464, 2
1104543, 2
1192650, 2
1222583, 2
1203023, 2
1041860, 2
1262781, 2
559223, 2
1233274, 2
558732, 2
675637, 2
782646, 2
570080, 2
755333, 2
771396, 2
753243, 2
756313, 2
541024, 2
2712602, 2
622195, 2
831269, 2
764936, 2
1333835, 2
1208370, 2
1207500, 2
1397424, 2
2216574, 2
755238, 2
1025459, 2
1193171, 2
1228764, 2
1198906, 2
1180554, 2
1278864, 2
1193864, 2
2227540, 2
1200757, 2
759186, 2
1205855, 2
770654, 2
669547, 2
581770, 2
570186, 2
1239233, 2
1233035, 2
781494, 2
1079063, 2
17359, 2
756900, 2
532405, 2
28051, 2
1235617, 2
1197688, 2
18953, 2
2712687, 2
1044615, 2
1235292, 2
1201149, 2
605078, 2
1104701, 2
1220774, 2
1213054, 2
27382, 2
26521, 2
1175491, 2
1188273, 2
1199369, 2
1204749, 2
1202248, 2
1218252, 2
770638, 2
1100755, 2
2715242, 2
1178463, 2
1235973, 2
1178279, 2
1195050, 2
754413, 2
1043833, 2
1172915, 2
9457, 2
1248780, 2
1263117, 2
1176965, 2
1233180, 2
1215342, 2
2228787, 2
2933422, 2
758410, 2
1105772, 2
756056, 2
1350429, 2
2229629, 2
530102, 2
9278, 2
1047047, 2
766058, 2
1227532, 2
754764, 2
1293053, 2
768854, 2
773513, 2
1195992, 2
8065, 2
1208858, 2
1226691, 2
2242219, 2
2217264, 2
699647, 2
686599, 2
560297, 2
1217166, 2
1246198, 2
1216130, 2
1262698, 2
651728, 2
550798, 2
1207982, 2
632286, 2
1212755, 2
1367763, 2
1238141, 2
1221970, 2
1194816, 2
1020628, 2
761773, 2
6200, 2
1208011, 2
1224783, 2
19421, 2
770579, 2
1227117, 2
641699, 2
541380, 2
2714540, 2
569818, 2
1105700, 2
767002, 2
1191500, 2
770998, 2
1198466, 2
768585, 2
561083, 2
1191190, 2
1199092, 2
1246527, 2
2223118, 2
728069, 2
555080, 2
1212796, 2
1080695, 2
773027, 2
605853, 2
1189007, 2
1190901, 2
771083, 2
2713704, 2
998560, 2
24109, 2
1214660, 2
1094432, 2
540871, 2
867219, 2
771063, 2
720941, 2
674367, 2
1247738, 2
2637304, 2
1100588, 2
722382, 2
754088, 2
1045653, 2
859112, 2
22208, 2
1042581, 2
1404033, 2
1176680, 2
35589, 2
1197635, 2
775186, 2
757843, 2
1190322, 2
1045581, 2
1197582, 2
562965, 2
555574, 2
1189461, 2
570360, 2
1222451, 2
1015567, 2
685712, 2
2619703, 2
1198396, 2
1192855, 2
1213615, 2
640286, 2
775168, 2
1074751, 2
1194874, 2
1196550, 2
553991, 2
1191221, 2
773238, 2
510240, 2
4199, 2
757805, 2
1211662, 2
34326, 2
1351134, 2
1176306, 2
24573, 2
24181, 2
626073, 2
1223087, 2
1290955, 2
1100574, 2
558241, 2
1216776, 2
1259056, 2
861513, 2
1229234, 2
774767, 2
1075060, 2
673833, 2
758110, 2
1197287, 2
760196, 2
1042155, 2
2220211, 2
1176751, 2
1100528, 2
796240, 2
556154, 2
1213796, 2
779063, 2
25983, 2
1220692, 2
560155, 2
774259, 2
1120764, 2
1043530, 2
542976, 2
763256, 2
1200242, 2
677378, 2
758895, 2
1174024, 2
17617, 2
559710, 2
8507, 2
1025210, 2
770248, 2
766392, 2
1174903, 2
690706, 2
758031, 2
1225873, 2
1229110, 2
1042897, 2
1160849, 2
769456, 2
768214, 2
1205955, 2
753228, 2
1213734, 2
2233316, 2
1103845, 2
1200158, 2
568855, 2
726075, 2
1191080, 2
706325, 2
755728, 2
12160, 2
2210744, 2
1343278, 2
758764, 2
1218312, 2
2714443, 2
1205249, 2
775767, 2
756534, 2
1180155, 2
1196929, 2
769218, 2
1222131, 2
1212212, 2
29960, 2
1221797, 2
1039222, 2
1048919, 2
1174365, 2
556399, 2
1227447, 2
1174722, 2
1220089, 2
556375, 2
759810, 2
4691, 2
1100463, 2
766707, 2
2220458, 2
1217118, 2
752912, 2
1209066, 2
1208920, 2
1235812, 2
1047893, 2
1239116, 2
1043513, 2
1205216, 2
2240534, 2
615789, 2
18654, 2
1228317, 2
1214309, 2
2714539, 2
1174150, 2
1341998, 2
753839, 2
770948, 2
760250, 2
775158, 2
1202494, 2
26640, 2
617543, 2
26869, 2
1217828, 2
756422, 2
2715334, 2
1222566, 2
708066, 2
1201524, 2
16803, 2
764505, 2
720904, 2
2716227, 2
1048855, 2
1203078, 2
775754, 2
3033, 2
757975, 2
765191, 2
776547, 2
765632, 2
735586, 2
555485, 2
1181699, 2
1076827, 2
1199138, 2
23668, 2
1264130, 2
1248487, 2
1181366, 2
14931, 2
2232662, 2
1213811, 2
1211645, 2
1192591, 2
1100881, 2
754638, 2
1302630, 2
1074331, 2
11904, 2
636952, 2
1198523, 2
1173953, 2
728527, 2
9254, 2
743651, 2
1193165, 2
770065, 2
759983, 2
761223, 2
29027, 2
26453, 2
1100803, 2
771024, 2
1235034, 2
1247293, 2
849364, 2
1190132, 2
772874, 2
755540, 2
32591, 2
567919, 2
557935, 2
31105, 2
30995, 2
774387, 2
1226202, 2
556709, 2
1211683, 2
1208705, 2
2229594, 2
1202589, 2
765416, 2
1213475, 2
818286, 2
714944, 2
1198864, 2
1199854, 2
1223177, 2
2241516, 2
626230, 2
1212071, 2
683911, 2
1197789, 2
550498, 2
1216435, 2
757215, 2
768644, 2
1199657, 2
2218439, 2
31050, 2
11711, 2
558244, 2
569847, 2
849433, 2
642871, 2
1075384, 2
733521, 2
1198635, 2
1203404, 2
17385, 2
1224778, 2
3199, 2
653995, 2
571177, 2
570340, 2
758418, 2
732165, 2
764842, 2
1210320, 2
752808, 2
2712826, 2
1041173, 2
1174318, 2
541875, 2
776110, 2
1199077, 2
759934, 2
2228937, 2
771256, 2
729507, 2
1228326, 2
849339, 2
2969, 2
1212730, 2
764985, 2
774666, 2
989622, 2
1224197, 2
775172, 2
2227952, 2
1218559, 2
1188668, 2
2226528, 2
1653341, 2
582080, 2
1105005, 2
754351, 2
1236324, 2
2227590, 2
2230339, 2
771037, 2
1194557, 2
1195002, 2
15560, 2
765600, 2
770619, 2
1293130, 2
680387, 2
555299, 2
26807, 2
2226524, 2
1174039, 2
1180800, 2
1194659, 2
1209059, 2
1201213, 2
2228326, 2
1235631, 2
766380, 2
756543, 2
1173333, 2
1191262, 2
774223, 2
676009, 2
779050, 2
1245338, 2
997108, 2
1228294, 2
680284, 2
777463, 2
1200015, 2
667387, 2
1516784, 2
755360, 2
1249385, 2
753390, 2
1647689, 2
1267688, 2
1202493, 2
2218423, 2
771143, 2
2712550, 2
774921, 2
1176626, 2
675410, 2
768579, 2
1224053, 2
1041385, 2
2230137, 2
628804, 2
1211177, 2
1173567, 2
1223283, 2
758146, 2
1373332, 2
14500, 2
1044018, 2
561434, 2
1307826, 2
8924, 2
1200796, 2
3346597, 2
1234404, 2
1039390, 2
2233533, 2
1218131, 2
2713548, 2
756983, 2
1204255, 2
1199208, 2
698358, 2
2227000, 2
1174355, 2
757191, 2
27716, 2
1064840, 2
1212036, 2
1291653, 2
1201166, 2
1400342, 2
31302, 2
1323594, 2
1186148, 2
1195975, 2
1181781, 2
1200282, 2
768361, 2
1041424, 2
1042297, 2
23136, 2
1097820, 2
1211480, 2
763425, 2
756396, 2
1218428, 2
1202592, 2
17349, 2
674492, 2
756822, 2
1195343, 2
777919, 2
19108, 2
26908, 2
1194540, 2
26887, 2
1226974, 2
1220803, 2
1239221, 2
1226647, 2
540753, 2
1182355, 2
2227582, 2
775263, 2
569827, 2
2226159, 2
32303, 2
1175305, 2
1078113, 2
27386, 2
726839, 2
18572, 2
1041813, 2
1183269, 2
761765, 2
1227350, 2
28568, 2
1182073, 2
541335, 2
770698, 2
1247227, 2
1214932, 2
773431, 2
615820, 2
761095, 2
1204808, 2
1226167, 2
755028, 2
2220837, 2
771996, 2
683905, 2
6467, 2
29704, 2
1077305, 2
1234043, 2
26399, 2
761825, 2
752421, 2
1182281, 2
685007, 2
560321, 2
29861, 2
554033, 2
1147652, 2
27645, 2
1247045, 2
557565, 2
773002, 2
625744, 2
1200143, 2
757733, 2
1223694, 2
1228573, 2
850948, 2
1222520, 2
754819, 2
646039, 2
1263350, 2
2220273, 2
2230560, 2
756815, 2
704915, 2
2217631, 2
1105730, 2
1218009, 2
556023, 2
1218580, 2
651217, 2
1204482, 2
18444, 2
761044, 2
1233218, 2
1074144, 2
1196072, 2
1179368, 2
540858, 2
676464, 2
40451, 2
1215573, 2
1213467, 2
653554, 2
1193043, 2
2228372, 2
1182730, 2
2232255, 2
1094492, 2
1180038, 2
760782, 2
771162, 2
1176694, 2
2230597, 2
15953, 2
2762127, 2
1101660, 2
1227425, 2
1275082, 2
774762, 2
1198517, 2
555874, 2
1192181, 2
768517, 2
740717, 2
1197941, 2
756848, 2
676932, 2
674981, 2
776273, 2
980663, 2
757714, 2
1236486, 2
775975, 2
1226214, 2
568301, 2
1220985, 2
1224242, 2
1406912, 2
758020, 2
2229277, 2
1539137, 2
1205893, 2
1103728, 2
2715369, 2
1246212, 2
31256, 2
759161, 2
605688, 2
568379, 2
1101275, 2
1041130, 2
1211850, 2
1177607, 2
761112, 2
772237, 2
1047768, 2
776061, 2
1179410, 2
1233478, 2
24413, 2
695816, 2
734097, 2
1183033, 2
849377, 2
2229021, 2
849954, 2
1047865, 2
1202117, 2
1359472, 2
9427, 2
2240147, 2
1196387, 2
1064715, 2
754762, 2
1219267, 2
726822, 2
21578, 2
1274518, 2
40186, 2
771145, 2
15547, 2
568252, 2
728493, 2
1171010, 2
1212941, 2
989612, 2
2229402, 2
685957, 2
754497, 2
636773, 2
1201038, 2
758535, 2
18343, 2
1184866, 2
30901, 2
1227632, 2
1198901, 2
554379, 2
1235039, 2
560729, 2
1212741, 2
1218807, 2
700033, 2
625111, 2
29429, 2
1222179, 2
1225231, 2
1219624, 2
1176277, 2
26494, 2
559873, 2
1217637, 2
771888, 2
1202907, 2
1222459, 2
1193420, 2
560223, 2
887511, 2
2232370, 2
555865, 2
766474, 2
1100449, 2
24537, 2
1200522, 2
1246290, 2
1223138, 2
698430, 2
561139, 2
1206589, 2
1347018, 2
1277038, 2
1236188, 2
1232776, 2
766884, 2
1173070, 2
581212, 2
1198123, 2
622558, 2
849276, 2
1217256, 2
1225454, 2
1104672, 2
1195109, 2
1042831, 2
768200, 2
26231, 2
1177596, 2
3943, 2
557856, 2
763253, 2
1200219, 2
581855, 2
1182482, 2
1223035, 2
772063, 2
1208332, 2
1173520, 2
669318, 2
2229077, 2
722867, 2
7237, 2
568644, 2
774241, 2
1195067, 2
540146, 2
754205, 2
1223273, 2
1235587, 2
1200746, 2
651155, 2
1199629, 2
757865, 2
1074891, 2
568259, 2
1104224, 2
1206891, 2
756346, 2
27550, 2
560051, 2
8496, 2
1175111, 2
1213924, 2
997014, 2
756892, 2
555955, 2
1214702, 2
651279, 2
2353285, 2
1204591, 2
769637, 2
531811, 2
1174509, 2
764928, 2
770420, 2
690522, 2
13282, 2
697692, 2
757476, 2
554923, 2
1931800, 2
756570, 2
1207801, 2
1195779, 2
1225225, 2
1216388, 2
27517, 2
686004, 2
1218870, 2
1079563, 2
776995, 2
1523415, 2
1174226, 2
9850, 2
1043158, 2
1194510, 2
1202578, 2
774467, 2
893071, 2
1652433, 2
5470, 2
2713689, 2
1228257, 2
10555, 2
1199394, 2
2240375, 2
777569, 2
1247037, 2
1215071, 2
19141, 2
2646998, 2
1411922, 2
1204479, 2
1208083, 2
774496, 2
1195359, 2
776141, 2
756990, 2
1193030, 2
1045474, 2
557632, 2
774790, 2
1212971, 2
1042559, 2
1196708, 2
1043356, 2
764033, 2
1100736, 2
23811, 2
656152, 2
1102812, 2
1100609, 2
571162, 2
2241507, 2
1177300, 2
621612, 2
510554, 2
2217351, 2
1203917, 2
1219905, 2
2230237, 2
1219110, 2
943469, 2
757586, 2
542785, 2
772769, 2
556730, 2
24742, 2
18807, 2
1217796, 2
1246530, 2
1235902, 2
1222691, 2
616821, 2
1205256, 2
1211778, 2
2232676, 2
753639, 2
1211588, 2
1203851, 2
735578, 2
1202742, 2
548479, 2
752914, 2
865024, 2
1040932, 2
510058, 2
757569, 2
1174906, 2
1204863, 2
643934, 2
755879, 2
1223425, 2
753879, 2
1195732, 2
1228781, 2
1195450, 2
2713127, 2
541879, 2
756569, 2
632759, 2
1209520, 2
1101118, 2
581090, 2
762922, 2
1076359, 2
1233254, 2
776070, 2
705869, 2
1211872, 2
734019, 2
1096791, 2
770871, 2
1201710, 2
721924, 2
558408, 2
1103821, 2
758083, 2
1043147, 2
2216375, 2
754431, 2
657353, 2
3346394, 2
2232111, 2
569608, 2
1199711, 2
2230926, 2
642644, 2
540356, 2
2715267, 2
542461, 2
1218480, 2
559037, 2
979261, 2
557122, 2
542185, 2
31024, 2
780864, 2
543044, 2
643791, 2
695791, 2
760786, 2
1214185, 2
1204034, 2
722272, 2
1182721, 2
1182388, 2
27588, 2
1202581, 2
1239203, 2
738670, 2
774308, 2
1100571, 2
1214659, 2
1044194, 2
29690, 2
1203866, 2
616610, 2
26985, 2
1094489, 2
27194, 2
758286, 2
604490, 2
579544, 2
777609, 2
754919, 2
1202774, 2
1013874, 2
18700, 2
1175126, 2
1198034, 2
753618, 2
766043, 2
863112, 2
818426, 2
1214644, 2
1235393, 2
19175, 2
1190160, 2
776608, 2
1188613, 2
700127, 2
767688, 2
1040985, 2
1232164, 2
1218880, 2
1189177, 2
4016, 2
1228262, 2
584239, 2
554505, 2
561273, 2
779104, 2
759738, 2
1223494, 2
1177792, 2
998781, 2
1233446, 2
542874, 2
1197754, 2
541096, 2
977056, 2
769322, 2
1204560, 2
1103074, 2
1199270, 2
1047531, 2
1212281, 2
1185711, 2
559375, 2
707515, 2
696992, 2
1100606, 2
738597, 2
1227518, 2
1044032, 2
1221992, 2
1408698, 2
558751, 2
1197195, 2
772878, 2
696946, 2
27493, 2
30222, 2
18819, 2
1221330, 2
9780, 2
704114, 2
1215136, 2
2712772, 2
1193704, 2
757061, 2
30527, 2
1194587, 2
752728, 2
756917, 2
1180935, 2
1226504, 2
1211154, 2
1223168, 2
726398, 2
772155, 2
22814, 2
12924, 2
1200221, 2
3764, 2
734333, 2
1202806, 2
754625, 2
1227753, 2
1246029, 2
726803, 2
2217388, 2
569894, 2
776579, 2
1212664, 2
561875, 2
1196779, 2
1179702, 2
1192052, 2
758568, 2
2217277, 2
1367785, 2
684841, 2
6596, 2
1189894, 2
17507, 2
1041855, 2
1198355, 2
1234714, 2
724868, 2
1104610, 2
2222932, 2
29485, 2
758581, 2
1201609, 2
1216601, 2
1047894, 2
1105628, 2
1195393, 2
557417, 2
726681, 2
1262925, 2
1198234, 2
543079, 2
2223691, 2
558138, 2
1094497, 2
1189288, 2
1239259, 2
756426, 2
505400, 2
1198888, 2
1213049, 2
2227686, 2
24547, 2
1228603, 2
1235015, 2
1228290, 2
2229435, 2
27926, 2
1078696, 2
757680, 2
685509, 2
761114, 2
25317, 2
778475, 2
1195240, 2
2715764, 2
1248859, 2
611062, 2
1225004, 2
20687, 2
680039, 2
1195988, 2
1277332, 2
1211275, 2
1213324, 2
554656, 2
1219531, 2
601383, 2
1350165, 2
1045828, 2
753665, 2
1220965, 2
775907, 2
753146, 2
1044649, 2
1195277, 2
695843, 2
29759, 2
757430, 2
1214974, 2
863299, 2
18139, 2
634809, 2
758908, 2
1185936, 2
2713290, 2
1009490, 2
2241093, 2
557251, 2
1246220, 2
1204378, 2
1043975, 2
1078672, 2
1217857, 2
2714568, 2
775922, 2
1078441, 2
1213452, 2
1104288, 2
1247296, 2
1196240, 2
754914, 2
669333, 2
684006, 2
1276140, 2
1105915, 2
24389, 2
1185809, 2
1204162, 2
31404, 2
2223643, 2
698170, 2
1178088, 2
1198413, 2
30529, 2
1199784, 2
694885, 2
1267034, 2
2219062, 2
1239118, 2
14734, 2
996960, 2
1212751, 2
1193554, 2
753827, 2
728651, 2
754033, 2
1212596, 2
560995, 2
1222897, 2
1202937, 2
1179626, 2
685478, 2
1344198, 2
1001825, 2
554519, 2
2219849, 2
1044947, 2
1198246, 2
763182, 2
1078541, 2
1195626, 2
1219321, 2
1213764, 2
1104229, 2
756392, 2
559777, 2
1067482, 2
1203317, 2
1272257, 2
1203737, 2
2231329, 2
1180294, 2
758408, 2
21138, 2
776117, 2
1246978, 2
1223739, 2
1228662, 2
1233113, 2
1175147, 2
1189021, 2
1073478, 2
1236921, 2
1234586, 2
23958, 2
1210763, 2
24145, 2
1103351, 2
634867, 2
1075532, 2
1216100, 2
30051, 2
549671, 2
1569459, 2
1100631, 2
2226963, 2
12837, 2
755808, 2
1174012, 2
31972, 2
2217176, 2
1210299, 2
1180605, 2
1203570, 2
2713331, 2
1044028, 2
1080825, 2
765597, 2
6809, 2
770659, 2
780866, 2
1186251, 2
684588, 2
761024, 2
1273426, 2
754161, 2
1039430, 2
1205141, 2
1567455, 2
1047947, 2
1272796, 2
1202810, 2
1194306, 2
2225553, 2
775334, 2
616565, 2
1222677, 2
1376266, 2
757109, 2
1182973, 2
1204041, 2
768973, 2
1174378, 2
1205462, 2
759663, 2
1207906, 2
31969, 2
504196, 2
26437, 2
2230979, 2
2218430, 2
780287, 2
754159, 2
676349, 2
753463, 2
1372790, 2
765980, 2
571268, 2
1185747, 2
1212504, 2
707333, 2
685128, 2
691111, 2
672715, 2
561162, 2
1180703, 2
1195660, 2
1238023, 2
2712764, 2
1227614, 2
1222787, 2
1190301, 2
1226438, 2
27871, 2
753877, 2
1227481, 2
1196158, 2
1175073, 2
1178369, 2
758761, 2
24050, 2
1648716, 2
1195574, 2
36806, 2
774303, 2
2218862, 2
674349, 2
770938, 2
2232330, 2
768763, 2
780328, 2
2230850, 2
1235343, 2
628690, 2
754015, 2
1174217, 2
1227634, 2
758102, 2
1202222, 2
1195297, 2
1201201, 2
1227198, 2
1211952, 2
11189, 2
755030, 2
1210860, 2
759439, 2
1104327, 2
1198520, 2
14435, 2
780891, 2
755746, 2
26355, 2
1049227, 2
1302478, 2
2222262, 2
738288, 2
556058, 2
777844, 2
759546, 2
1226081, 2
1204774, 2
768674, 2
758443, 2
2751309, 2
754365, 2
1197826, 2
1218770, 2
568422, 2
1398042, 2
1290531, 2
17465, 2
1216900, 2
759774, 2
541954, 2
559277, 2
756875, 2
1217910, 2
1216258, 2
30980, 2
18391, 2
1195661, 2
775918, 2
559388, 2
32525, 2
645555, 2
1200900, 2
863372, 2
559291, 2
756394, 2
776751, 2
780720, 2
727990, 2
17746, 2
1196287, 2
866310, 2
1205339, 2
1221282, 2
1176538, 2
25394, 2
40478, 2
2712555, 2
1221176, 2
1193552, 2
1173261, 2
759134, 2
547017, 2
754198, 2
1080303, 2
1211447, 2
1216901, 2
764383, 2
1435359, 2
1201731, 2
1189408, 2
863076, 2
704879, 2
1178430, 2
622196, 2
1661734, 2
1076363, 2
777666, 2
1202288, 2
638261, 2
1094317, 2
555329, 2
780003, 2
676210, 2
1203095, 2
1188829, 2
531376, 2
2715337, 2
2230048, 2
768537, 2
1192864, 2
1223013, 2
1221971, 2
2233129, 2
1100636, 2
3488, 2
551176, 2
1295109, 2
567409, 2
1235142, 2
1211884, 2
1245845, 2
560190, 2
610687, 2
1174556, 2
1219555, 2
2228731, 2
1239175, 2
1208253, 2
28871, 2
2226551, 2
754656, 2
10382, 2
772117, 2
1019580, 2
1102545, 2
1224725, 2
2713449, 2
1181339, 2
757961, 2
1214847, 2
1235246, 2
2646936, 2
1246708, 2
568190, 2
2715547, 2
859115, 2
1178353, 2
568224, 2
1094300, 2
2218888, 2
771197, 2
757293, 2
753493, 2
1200442, 2
704467, 2
720876, 2
758496, 2
1214950, 2
557952, 2
1197444, 2
1211985, 2
31483, 2
557691, 2
774326, 2
561190, 2
1105963, 2
758653, 2
1283030, 2
771698, 2
2219730, 2
1208928, 2
2227286, 2
1077942, 2
1195152, 2
1340495, 2
1224588, 2
1079534, 2
1200535, 2
625142, 2
530107, 2
625359, 2
1198277, 2
775281, 2
31229, 2
1218033, 2
1229084, 2
18922, 2
654139, 2
760302, 2
1073739, 2
33916, 2
1211930, 2
2229706, 2
31033, 2
554351, 2
17651, 2
1307582, 2
752640, 2
1245479, 2
1219348, 2
743569, 2
765340, 2
1200309, 2
1178142, 2
1245872, 2
1043901, 2
2229493, 2
752757, 2
1101161, 2
779682, 2
1202150, 2
1649942, 2
1208493, 2
755862, 2
1194684, 2
1197013, 2
31026, 2
1188169, 2
734031, 2
1221014, 2
1174391, 2
1194925, 2
683995, 2
753842, 2
779311, 2
1175361, 2
1227574, 2
540715, 2
757246, 2
542662, 2
18111, 2
757611, 2
705332, 2
1025023, 2
1286870, 2
1216931, 2
560504, 2
707317, 2
1378723, 2
2030706, 2
1181321, 2
780301, 2
1239202, 2
1219251, 2
1197620, 2
1214192, 2
2712580, 2
30926, 2
1203159, 2
1174841, 2
1196582, 2
722237, 2
1226986, 2
1183410, 2
2219353, 2
540685, 2
1044931, 2
1214964, 2
773060, 2
997571, 2
755638, 2
753209, 2
694890, 2
1180466, 2
1196342, 2
31233, 2
859129, 2
1209472, 2
29655, 2
649177, 2
684083, 2
1219236, 2
13961, 2
753697, 2
1185886, 2
1228188, 2
1182792, 2
1197498, 2
1188985, 2
1199979, 2
765951, 2
1180454, 2
1209058, 2
766514, 2
19949, 2
1217658, 2
1194998, 2
754616, 2
721618, 2
767076, 2
1273830, 2
684620, 2
1044021, 2
651358, 2
740714, 2
1236290, 2
1199110, 2
1221999, 2
2226840, 2
2217120, 2
1179891, 2
32667, 2
1214179, 2
1209755, 2
720843, 2
558318, 2
1218546, 2
17722, 2
2226785, 2
573677, 2
1202041, 2
1179266, 2
2913342, 2
1045028, 2
1197187, 2
1205054, 2
1211338, 2
1212595, 2
1208579, 2
756550, 2
757615, 2
1185812, 2
1208584, 2
1182093, 2
17495, 2
13583, 2
1202817, 2
1191476, 2
561303, 2
559744, 2
1219234, 2
779020, 2
774896, 2
1041525, 2
1197774, 2
756972, 2
1216792, 2
2713623, 2
758593, 2
995225, 2
1273137, 2
2230142, 2
754753, 2
1218194, 2
1221037, 2
608311, 2
1412329, 2
2752817, 2
1369774, 2
779622, 2
2240858, 2
2232574, 2
759040, 2
567373, 2
1192858, 2
759143, 2
2215885, 2
1201392, 2
2219651, 2
672986, 2
1218385, 2
3776, 2
26982, 2
540942, 2
997043, 2
1180157, 2
1226686, 2
24165, 2
31677, 2
1639121, 2
721686, 2
1204192, 2
1180396, 2
560291, 2
2022276, 2
945184, 2
1177549, 2
23360, 2
1203960, 2
571425, 2
1100639, 2
775372, 2
504902, 2
579637, 2
766830, 2
1221222, 2
1175114, 2
772051, 2
1198968, 2
774611, 2
1211499, 2
1019512, 2
1221259, 2
1100750, 2
2713468, 2
2229999, 2
2226818, 2
768399, 2
759145, 2
1208265, 2
31249, 2
1238290, 2
1419585, 2
1196673, 2
1208507, 2
1194009, 2
1147714, 2
29618, 2
1101885, 2
706709, 2
767719, 2
1077928, 2
1191230, 2
772182, 2
704317, 2
2227794, 2
1190594, 2
26162, 2
1100594, 2
2461, 2
29703, 2
1197575, 2
1046967, 2
760179, 2
756174, 2
758199, 2
559702, 2
573888, 2
759128, 2
561075, 2
1378636, 2
1214626, 2
1219683, 2
1346860, 2
776955, 2
1305431, 2
1046949, 2
767533, 2
1220295, 2
17552, 2
559941, 2
619571, 2
532119, 2
1202217, 2
1217012, 2
1198633, 2
1041104, 2
6592, 2
1208893, 2
1223083, 2
1174160, 2
2226136, 2
1212782, 2
1220275, 2
1246328, 2
1194681, 2
562345, 2
1220030, 2
568611, 2
2715335, 2
567472, 2
21213, 2
759584, 2
26271, 2
558796, 2
1199550, 2
861187, 2
757046, 2
1396411, 2
1100948, 2
1209497, 2
1209453, 2
562513, 2
2219751, 2
542782, 2
1203861, 2
1024049, 2
1177072, 2
2712644, 2
774682, 2
772045, 2
1059528, 2
1245432, 2
2219304, 2
1204132, 2
1224810, 2
782001, 2
1211115, 2
758157, 2
733655, 2
650336, 2
1043302, 2
761059, 2
1178046, 2
1183032, 2
581517, 2
3217098, 2
15144, 2
1207251, 2
1176481, 2
616625, 2
1362276, 2
2232446, 2
1076796, 2
662605, 2
1194715, 2
1226570, 2
1194474, 2
570411, 2
1188682, 2
699399, 2
1931566, 2
752508, 2
1041035, 2
1188108, 2
1246629, 2
28012, 2
1075412, 2
1238731, 2
554854, 2
1189307, 2
1216764, 2
1198445, 2
1199311, 2
760783, 2
1181196, 2
1041467, 2
675477, 2
26358, 2
1041585, 2
1041365, 2
1094454, 2
758853, 2
1386832, 2
1078331, 2
677474, 2
1215004, 2
1246566, 2
2715487, 2
1189464, 2
1181715, 2
1045883, 2
554136, 2
752753, 2
777273, 2
24111, 2
18894, 2
1196912, 2
1220847, 2
2760269, 2
720334, 2
27802, 2
559433, 2
1074287, 2
761530, 2
26191, 2
1176762, 2
2712623, 2
1209155, 2
1221913, 2
689963, 2
25871, 2
767550, 2
754018, 2
771323, 2
861058, 2
1190783, 2
696485, 2
1224764, 2
13230, 2
1181729, 2
1094408, 2
768663, 2
759131, 2
27773, 2
729788, 2
1047150, 2
1193465, 2
557822, 2
1344771, 2
2714569, 2
1214178, 2
1226773, 2
1094509, 2
755976, 2
571424, 2
29365, 2
646633, 2
1174064, 2
1209565, 2
1100487, 2
1217129, 2
1444353, 2
1203076, 2
1245802, 2
2226406, 2
1234469, 2
697181, 2
1200336, 2
1202688, 2
540626, 2
1194584, 2
546321, 2
1043955, 2
696994, 2
1104976, 2
567604, 2
1047076, 2
504867, 2
1198796, 2
28837, 2
760789, 2
867966, 2
1303115, 2
1247317, 2
1071539, 2
504122, 2
1200137, 2
776269, 2
1204851, 2
733680, 2
1180193, 2
754075, 2
1247229, 2
780532, 2
2218157, 2
775597, 2
7594, 2
707071, 2
766703, 2
766033, 2
1361615, 2
768870, 2
1192382, 2
1047769, 2
1175279, 2
867783, 2
1199842, 2
1222639, 2
29692, 2
1216411, 2
705528, 2
1173608, 2
991343, 2
1220542, 2
1182653, 2
1080257, 2
1224709, 2
561132, 2
560012, 2
734071, 2
28778, 2
765277, 2
1216305, 2
29048, 2
1213917, 2
1265539, 2
1100729, 2
19037, 2
850208, 2
1193358, 2
1224290, 2
1273581, 2
1038896, 2
690929, 2
1199170, 2
1198499, 2
1360164, 2
698360, 2
1210232, 2
543090, 2
628680, 2
2217239, 2
2761119, 2
1196356, 2
759218, 2
1044851, 2
1208797, 2
556238, 2
756328, 2
1104630, 2
1101539, 2
1798334, 2
9209, 2
1205393, 2
2223318, 2
1275142, 2
1039471, 2
504231, 2
676802, 2
766176, 2
1044883, 2
1216877, 2
1225658, 2
755171, 2
510661, 2
1248614, 2
1200154, 2
756241, 2
1233423, 2
1180862, 2
559243, 2
755720, 2
1194529, 2
774607, 2
1195288, 2
1213132, 2
1218799, 2
1210210, 2
772857, 2
1227022, 2
558235, 2
1214890, 2
1173842, 2
9682, 2
1227980, 2
759943, 2
769592, 2
573016, 2
555139, 2
1228010, 2
766995, 2
1176453, 2
1211600, 2
1224627, 2
676437, 2
1307944, 2
768676, 2
1043235, 2
774292, 2
1078000, 2
642650, 2
1219390, 2
699431, 2
1324086, 2
1283607, 2
1044081, 2
756880, 2
546920, 2
530121, 2
1234486, 2
1094178, 2
759837, 2
1299486, 2
676060, 2
758716, 2
866660, 2
1225496, 2
1094566, 2
1324769, 2
861554, 2
1224382, 2
560484, 2
725152, 2
675118, 2
778703, 2
756207, 2
30233, 2
28537, 2
2712606, 2
1217568, 2
1185672, 2
764708, 2
2228933, 2
1204022, 2
753778, 2
2220238, 2
755353, 2
1191092, 2
777296, 2
1202532, 2
28374, 2
766829, 2
765284, 2
16672, 2
1096908, 2
753544, 2
2227184, 2
2715321, 2
866646, 2
755876, 2
773205, 2
754729, 2
1199404, 2
1216851, 2
1094621, 2
756502, 2
625172, 2
1209627, 2
541111, 2
1195412, 2
1102794, 2
1245450, 2
755301, 2
29193, 2
553981, 2
1191600, 2
720461, 2
696291, 2
2217265, 2
28570, 2
31572, 2
1197619, 2
720098, 2
697267, 2
568666, 2
2227274, 2
1182005, 2
768042, 2
677027, 2
766079, 2
2240162, 2
772514, 2
20915, 2
37255, 2
695895, 2
763358, 2
1223021, 2
555682, 2
557406, 2
1203346, 2
1201137, 2
767530, 2
1211585, 2
1214599, 2
625151, 2
770939, 2
558295, 2
1216350, 2
1200724, 2
766567, 2
1095458, 2
1196541, 2
554882, 2
1203598, 2
1183035, 2
707413, 2
755029, 2
1221271, 2
764595, 2
675520, 2
1238416, 2
2713550, 2
766957, 2
1176502, 2
558075, 2
561998, 2
1210465, 2
683980, 2
1223364, 2
542300, 2
1198289, 2
1536, 2
1078133, 2
1199633, 2
1246411, 2
1212840, 2
571471, 2
763429, 2
1202018, 2
1190698, 2
2222803, 2
769026, 2
1238483, 2
558708, 2
33746, 2
1175089, 2
1219775, 2
1200571, 2
1205445, 2
1217445, 2
505603, 2
720863, 2
1210284, 2
1219302, 2
1199156, 2
1190138, 2
2767160, 2
1235216, 2
1210865, 2
40206, 2
557529, 2
758506, 2
754368, 2
556766, 2
554138, 2
561096, 2
2217187, 2
1197528, 2
19192, 2
752942, 2
1444917, 2
608385, 2
1105179, 2
1363137, 2
1198077, 2
1219006, 2
1407035, 2
728536, 2
761122, 2
30948, 2
1209355, 2
764904, 2
1218635, 2
17065, 2
772551, 2
31049, 2
1222575, 2
5563, 2
1195231, 2
1232998, 2
771906, 2
731726, 2
1196724, 2
1223974, 2
2228668, 2
1949090, 2
561538, 2
532822, 2
762052, 2
19465, 2
1103886, 2
1203504, 2
1209759, 2
1196765, 2
1180378, 2
780125, 2
1192089, 2
1174640, 2
530941, 2
765706, 2
1200278, 2
1204628, 2
759863, 2
1195642, 2
2230053, 2
542013, 2
1043919, 2
1179534, 2
1216737, 2
1219313, 2
654080, 2
1227266, 2
2230535, 2
1208678, 2
1221294, 2
1208380, 2
1194969, 2
1095160, 2
2767120, 2
2714604, 2
1196783, 2
25961, 2
761132, 2
25466, 2
24811, 2
2714387, 2
1233489, 2
2227265, 2
1189997, 2
1178196, 2
1173840, 2
777599, 2
1197401, 2
1041757, 2
759873, 2
1225632, 2
761131, 2
21913, 2
625888, 2
1203869, 2
562480, 2
850914, 2
780865, 2
2227208, 2
567556, 2
761092, 2
757609, 2
30960, 2
773900, 2
1105847, 2
1198567, 2
1246204, 2
1182304, 2
540830, 2
1218160, 2
759278, 2
1226307, 2
720987, 2
1101561, 2
753132, 2
556232, 2
2240693, 2
723034, 2
1179276, 2
2240254, 2
1042742, 2
531170, 2
1048709, 2
1222433, 2
1217348, 2
2228389, 2
1101374, 2
1202969, 2
14448, 2
1228159, 2
1183028, 2
555025, 2
1214294, 2
1214480, 2
1277600, 2
755765, 2
1212977, 2
2229227, 2
541157, 2
770669, 2
675723, 2
770825, 2
758249, 2
556622, 2
699496, 2
37692, 2
555888, 2
1214121, 2
1076080, 2
1173999, 2
556635, 2
776211, 2
1211050, 2
1573704, 2
1198509, 2
2896291, 2
1363225, 2
2713050, 2
1042458, 2
1174417, 2
1073263, 2
1174232, 2
1212433, 2
753309, 2
1541585, 2
1176815, 2
757760, 2
1218618, 2
1352981, 2
1003315, 2
675830, 2
1094643, 2
1218733, 2
27887, 2
2715513, 2
1194799, 2
616580, 2
770345, 2
1227469, 2
759444, 2
1198566, 2
1215916, 2
647265, 2
703352, 2
1233689, 2
557653, 2
1544359, 2
1314196, 2
542133, 2
607169, 2
1305547, 2
680340, 2
1219101, 2
1196899, 2
1213582, 2
1569694, 2
1200646, 2
17407, 2
706627, 2
1193678, 2
1200569, 2
1208919, 2
554034, 2
698583, 2
1212487, 2
761155, 2
1208419, 2
1235554, 2
1225601, 2
27583, 2
1220917, 2
555814, 2
571275, 2
1328934, 2
774463, 2
1195958, 2
760353, 2
1194655, 2
1104293, 2
558716, 2
729070, 2
626569, 2
558651, 2
1228964, 2
1211835, 2
1209558, 2
1565615, 2
1218690, 2
759361, 2
1073318, 2
1094601, 2
698352, 2
1208832, 2
728736, 2
1325286, 2
1176628, 2
1201190, 2
1048784, 2
865526, 2
757134, 2
1176308, 2
758461, 2
1199822, 2
583429, 2
1218632, 2
772542, 2
699648, 2
779352, 2
22821, 2
759872, 2
1196002, 2
1219227, 2
756707, 2
29509, 2
27557, 2
757716, 2
1202965, 2
12355, 2
1222494, 2
720407, 2
31484, 2
767716, 2
1208712, 2
1041710, 2
1182729, 2
684052, 2
672334, 2
686442, 2
1220679, 2
1044564, 2
1228928, 2
1199621, 2
754136, 2
759697, 2
23989, 2
744386, 2
1176740, 2
2228221, 2
1205335, 2
504307, 2
567424, 2
756801, 2
1219248, 2
771355, 2
752560, 2
1204260, 2
2228394, 2
667323, 2
554059, 2
28351, 2
1232472, 2
557115, 2
19103, 2
1174023, 2
1078624, 2
1180831, 2
1043153, 2
7827, 2
771774, 2
1194282, 2
2218778, 2
1210175, 2
695850, 2
1259106, 2
1180567, 2
1200878, 2
25891, 2
1104756, 2
775484, 2
1179271, 2
733763, 2
1199265, 2
768193, 2
630949, 2
1246637, 2
2650, 2
510342, 2
559059, 2
759026, 2
1201297, 2
1205094, 2
1225581, 2
778490, 2
3217252, 2
1047862, 2
1228669, 2
705887, 2
761124, 2
27043, 2
540644, 2
1201901, 2
775276, 2
24749, 2
1220822, 2
2219154, 2
1100478, 2
23018, 2
570245, 2
684742, 2
17008, 2
1173733, 2
1080792, 2
1178789, 2
756947, 2
1223330, 2
779055, 2
764344, 2
1096966, 2
558951, 2
19335, 2
1101971, 2
720765, 2
686671, 2
1203962, 2
1360762, 2
1272384, 2
1215091, 2
2240136, 2
2231010, 2
1227635, 2
9462, 2
1100690, 2
1204374, 2
1202086, 2
1273841, 2
626024, 2
1214949, 2
2222927, 2
1229132, 2
17477, 2
1213340, 2
775333, 2
1173619, 2
1100602, 2
1206971, 2
757152, 2
729466, 2
722941, 2
558582, 2
780585, 2
559503, 2
2232321, 2
1224302, 2
2218374, 2
2228528, 2
1228492, 2
1207665, 2
4917, 2
698413, 2
1197490, 2
770554, 2
1193853, 2
16165, 2
706640, 2
1076410, 2
1224983, 2
1178106, 2
558114, 2
26765, 2
705329, 2
672155, 2
1307940, 2
26409, 2
1211370, 2
23090, 2
1195550, 2
2715612, 2
768129, 2
776004, 2
1094776, 2
1577240, 2
1095634, 2
771711, 2
15254, 2
1174985, 2
570211, 2
569348, 2
774404, 2
1182055, 2
1366998, 2
1190217, 2
2715448, 2
6240, 2
2218827, 2
1178025, 2
1204393, 2
1237289, 2
1100491, 2
25248, 2
1182012, 2
1046382, 2
558067, 2
2713395, 2
27443, 2
1249301, 2
5864, 2
1374245, 2
849230, 2
554855, 2
766120, 2
698354, 2
1282789, 2
1197940, 2
1290650, 2
559303, 2
2714488, 2
559443, 2
765840, 2
1247253, 2
2233075, 2
10914, 2
625238, 2
1105823, 2
759542, 2
1211971, 2
2234320, 2
755113, 2
1219521, 2
690525, 2
26834, 2
1181207, 2
1282897, 2
1176315, 2
697910, 2
4661, 2
756733, 2
561072, 2
560310, 2
555128, 2
7904, 2
1198541, 3
1028319, 3
557563, 3
1047543, 3
1097485, 3
1087505, 3
2420, 3
558712, 3
757300, 3
571291, 3
1214991, 3
2217327, 3
1522321, 3
1194309, 3
1063670, 3
1213852, 3
1202583, 3
1078336, 3
1185687, 3
510140, 3
1522799, 3
1045279, 3
1238269, 3
1182037, 3
764959, 3
1095947, 3
1228068, 3
34475, 3
1227327, 3
778873, 3
1246632, 3
1104574, 3
604430, 3
1097515, 3
1208104, 3
1096700, 3
1028079, 3
1520797, 3
1193503, 3
1190293, 3
752637, 3
752481, 3
1228778, 3
695866, 3
760112, 3
1095838, 3
5193, 3
1104515, 3
553903, 3
1017292, 3
760516, 3
1077032, 3
1225613, 3
1100329, 3
1068286, 3
1209299, 3
1202064, 3
18164, 3
1208475, 3
1033686, 3
1222073, 3
1209532, 3
1094968, 3
754444, 3
1102585, 3
734082, 3
580525, 3
849537, 3
2766955, 3
2217724, 3
1102507, 3
756796, 3
707226, 3
705009, 3
1219111, 3
1033729, 3
1178406, 3
1374093, 3
8673, 3
768109, 3
1216836, 3
1411095, 3
12221, 3
1022075, 3
1218716, 3
765894, 3
1691, 3
1038987, 3
6960, 3
1232275, 3
1191457, 3
1103187, 3
728136, 3
1218437, 3
1193656, 3
1520962, 3
1212883, 3
1200765, 3
1199393, 3
1246011, 3
754845, 3
14383, 3
10789, 3
510001, 3
582751, 3
1096840, 3
1020664, 3
1016234, 3
1218380, 3
1222878, 3
31084, 3
864797, 3
303, 3
1199697, 3
27280, 3
1218921, 3
16726, 3
1034870, 3
17878, 3
818571, 3
1212385, 3
757042, 3
19741, 3
1215312, 3
19107, 3
1016571, 3
1093887, 3
1019605, 3
1209840, 3
1228657, 3
1100815, 3
1188168, 3
725947, 3
1215305, 3
1361234, 3
556585, 3
3216543, 3
775932, 3
2647049, 3
1183777, 3
1232183, 3
1194679, 3
1102834, 3
1026506, 3
554162, 3
573635, 3
1189962, 3
1224670, 3
556575, 3
15219, 3
1217947, 3
1097242, 3
510341, 3
1096091, 3
6493, 3
2227663, 3
754113, 3
1016152, 3
1221336, 3
1208568, 3
1208891, 3
1194087, 3
1097474, 3
1097286, 3
1245504, 3
1204116, 3
1215714, 3
1093560, 3
1247111, 3
1096177, 3
569096, 3
1217863, 3
674219, 3
23715, 3
542101, 3
560886, 3
581696, 3
22959, 3
1462, 3
1194198, 3
1034054, 3
27565, 3
569653, 3
16847, 3
1097738, 3
1201284, 3
755461, 3
995282, 3
22031, 3
1047303, 3
1197453, 3
652683, 3
30220, 3
1202842, 3
1225637, 3
1219801, 3
1199346, 3
1096301, 3
754025, 3
569163, 3
861926, 3
1195875, 3
1235155, 3
1247646, 3
15221, 3
1044099, 3
1028315, 3
504535, 3
23096, 3
1099296, 3
1125, 3
22092, 3
1209554, 3
570506, 3
1246207, 3
696403, 3
1097615, 3
568048, 3
540688, 3
569107, 3
1216425, 3
1096412, 3
1219975, 3
1101848, 3
2759501, 3
1228182, 3
4587, 3
1182630, 3
1205782, 3
1094235, 3
622295, 3
557006, 3
1372476, 3
1203921, 3
1176588, 3
721279, 3
504560, 3
675433, 3
1245559, 3
1014333, 3
1021282, 3
560030, 3
1191933, 3
1016666, 3
1213236, 3
1203626, 3
768943, 3
766130, 3
1104546, 3
1093862, 3
29924, 3
776023, 3
2034494, 3
1196152, 3
28279, 3
1219197, 3
1522444, 3
1203090, 3
1216078, 3
758926, 3
555825, 3
755899, 3
778700, 3
1189664, 3
1517737, 3
1181041, 3
777549, 3
1105966, 3
8958, 3
1188518, 3
29036, 3
1096428, 3
600371, 3
1097397, 3
753935, 3
1236087, 3
729468, 3
555844, 3
1222900, 3
1099082, 3
755217, 3
1811207, 3
1219058, 3
1097172, 3
2218507, 3
683950, 3
27796, 3
1094597, 3
1184176, 3
1218609, 3
757820, 3
28950, 3
560591, 3
1204919, 3
1232135, 3
541909, 3
1096719, 3
1324916, 3
1093956, 3
1017493, 3
1079255, 3
555206, 3
1101698, 3
765589, 3
1185883, 3
1193123, 3
1218560, 3
558460, 3
554610, 3
1099105, 3
1095135, 3
23800, 3
1225811, 3
581165, 3
1246930, 3
1102843, 3
2232551, 3
567820, 3
1022108, 3
1041946, 3
540904, 3
780576, 3
859108, 3
1212687, 3
1072619, 3
1197943, 3
1025032, 3
1016624, 3
1096156, 3
556570, 3
1202304, 3
1102135, 3
27850, 3
771702, 3
1095543, 3
17953, 3
31191, 3
1212206, 3
1215306, 3
1001606, 3
1213687, 3
1021357, 3
20648, 3
29561, 3
755629, 3
1193407, 3
1192914, 3
567918, 3
1358881, 3
1097373, 3
862292, 3
510749, 3
753033, 3
722890, 3
1295905, 3
771814, 3
1092328, 3
772910, 3
1203475, 3
1214176, 3
1519835, 3
23329, 3
1224933, 3
1522692, 3
728378, 3
1225856, 3
1180226, 3
1202691, 3
559914, 3
1213087, 3
19760, 3
1042036, 3
675496, 3
1213953, 3
28463, 3
1246430, 3
1232176, 3
1028203, 3
23426, 3
556983, 3
1247289, 3
554621, 3
30224, 3
25927, 3
1245698, 3
1102145, 3
7214, 3
1094465, 3
860893, 3
770868, 3
24212, 3
1026905, 3
1214387, 3
1097624, 3
1080793, 3
606675, 3
780784, 3
20077, 3
28941, 3
1228958, 3
20787, 3
1198744, 3
1217031, 3
754816, 3
1225921, 3
21565, 3
1199430, 3
1044507, 3
1195821, 3
1096140, 3
1043159, 3
10821, 3
1521131, 3
1201305, 3
570300, 3
1186449, 3
6496, 3
1223624, 3
1194094, 3
1190672, 3
1105661, 3
1043921, 3
20184, 3
505090, 3
1217384, 3
2583419, 3
1223562, 3
1199106, 3
707200, 3
1220898, 3
1098328, 3
1213183, 3
831046, 3
1102291, 3
2741573, 3
752729, 3
1205486, 3
669720, 3
1096230, 3
27367, 3
699136, 3
24355, 3
1224337, 3
752586, 3
571642, 3
1106292, 3
696650, 3
600083, 3
999122, 3
1204885, 3
684503, 3
1097229, 3
1213839, 3
29587, 3
1096495, 3
1204461, 3
1213907, 3
5616, 3
1213937, 3
1093856, 3
644751, 3
1247541, 3
1248716, 3
600190, 3
1178508, 3
1203453, 3
1216742, 3
1206633, 3
1204133, 3
1041784, 3
1102732, 3
1093591, 3
1021292, 3
22703, 3
2355707, 3
775938, 3
733580, 3
1198572, 3
1029851, 3
10669, 3
1219634, 3
19458, 3
1221316, 3
768502, 3
540755, 3
1226228, 3
1096642, 3
772569, 3
1100152, 3
1220968, 3
989557, 3
9981, 3
3354, 3
1222876, 3
1096592, 3
762307, 3
5587, 3
1194869, 3
28077, 3
1218489, 3
638686, 3
1201072, 3
1182993, 3
1027913, 3
755624, 3
1198960, 3
867999, 3
2232113, 3
20216, 3
1194650, 3
15641, 3
27894, 3
1216769, 3
756156, 3
753030, 3
560394, 3
1198493, 3
1220553, 3
1194598, 3
1026739, 3
1026890, 3
1034206, 3
1246732, 3
696221, 3
1218643, 3
1216407, 3
1097180, 3
559722, 3
1225928, 3
9764, 3
1099600, 3
1223188, 3
4529, 3
22616, 3
1247143, 3
1211075, 3
19940, 3
562550, 3
759945, 3
1023304, 3
28398, 3
504098, 3
1197574, 3
975204, 3
27726, 3
5026, 3
1022063, 3
735131, 3
30157, 3
1022325, 3
677078, 3
761229, 3
697047, 3
1097557, 3
1097208, 3
640765, 3
1247075, 3
1203097, 3
1078298, 3
1193232, 3
567756, 3
21359, 3
997035, 3
1214163, 3
644828, 3
5131, 3
540079, 3
1198490, 3
438, 3
1096310, 3
2218885, 3
2209213, 3
1212178, 3
541331, 3
1210382, 3
752435, 3
1244512, 3
776467, 3
1016635, 3
13346, 3
1043442, 3
1520134, 3
2210742, 3
707368, 3
555531, 3
567530, 3
1213012, 3
554159, 3
1102810, 3
1189073, 3
555579, 3
556605, 3
997033, 3
1214503, 3
651582, 3
676, 3
1094364, 3
864637, 3
1173718, 3
1178558, 3
778147, 3
1225723, 3
1097245, 3
729044, 3
1224038, 3
782649, 3
655448, 3
1228881, 3
1035683, 3
1064307, 3
16160, 3
1194185, 3
1235204, 3
1211692, 3
1194531, 3
9924, 3
1191883, 3
757376, 3
695278, 3
3671, 3
1197206, 3
762507, 3
1202495, 3
1041009, 3
1197204, 3
11753, 3
625220, 3
1215530, 3
1207249, 3
1101764, 3
19305, 3
1045417, 3
1021271, 3
1210817, 3
1247388, 3
1021691, 3
1346852, 3
1213095, 3
541574, 3
1181692, 3
1047240, 3
1093789, 3
1072956, 3
1195201, 3
1216298, 3
1199536, 3
755039, 3
1272373, 3
1096383, 3
1044422, 3
1077785, 3
644236, 3
1042698, 3
1180548, 3
1096132, 3
849246, 3
1068296, 3
1194315, 3
1207608, 3
755356, 3
759332, 3
1212199, 3
1197459, 3
766475, 3
1245369, 3
1210820, 3
1247080, 3
757745, 3
1191149, 3
1195406, 3
1392223, 3
1096084, 3
30133, 3
10368, 3
1191737, 3
1247440, 3
734416, 3
1105784, 3
1195912, 3
775199, 3
758684, 3
1247112, 3
1016560, 3
1206030, 3
1200108, 3
1224288, 3
1103225, 3
1039565, 3
560982, 3
1516591, 3
1103009, 3
1199664, 3
1096652, 3
29411, 3
1182125, 3
1093988, 3
1215977, 3
7982, 3
1246725, 3
1218340, 3
1094422, 3
1181430, 3
1210520, 3
776296, 3
1249529, 3
1201675, 3
1522366, 3
759464, 3
690536, 3
1212044, 3
1245623, 3
1098079, 3
18395, 3
1033925, 3
505089, 3
1079715, 3
1029420, 3
1211611, 3
1096010, 3
558188, 3
1180954, 3
1029506, 3
19810, 3
505104, 3
1096568, 3
1095795, 3
1207737, 3
28760, 3
685145, 3
776080, 3
4393, 3
1210409, 3
556106, 3
1216398, 3
1229170, 3
1017387, 3
757510, 3
17350, 3
8361, 3
1034602, 3
1202686, 3
1212984, 3
754913, 3
759858, 3
773514, 3
1216899, 3
753289, 3
1228291, 3
1078895, 3
1222955, 3
1080709, 3
1040893, 3
1220547, 3
570102, 3
3318, 3
1215735, 3
1065995, 3
1079861, 3
1026595, 3
1022615, 3
5158, 3
1204814, 3
1201370, 3
1200263, 3
17792, 3
558695, 3
545552, 3
1048178, 3
27710, 3
1093594, 3
1197594, 3
570356, 3
3348, 3
5014, 3
704745, 3
1071955, 3
1217636, 3
648163, 3
759658, 3
29790, 3
1101982, 3
572131, 3
28046, 3
1093987, 3
1221211, 3
1209007, 3
558923, 3
27251, 3
1198481, 3
1217887, 3
1021471, 3
756045, 3
2211594, 3
755579, 3
504845, 3
1043304, 3
2751996, 3
1218479, 3
1096666, 3
1193639, 3
14988, 3
560008, 3
1080196, 3
23807, 3
1035541, 3
1195542, 3
1008228, 3
996964, 3
1096197, 3
1028159, 3
2224210, 3
12488, 3
1207848, 3
1095871, 3
19206, 3
1178038, 3
1189505, 3
755856, 3
1195238, 3
1022697, 3
1180464, 3
1102476, 3
29009, 3
1018151, 3
556003, 3
1224037, 3
770816, 3
1097409, 3
1217582, 3
1078107, 3
24356, 3
1103715, 3
557480, 3
12455, 3
13664, 3
581527, 3
1214308, 3
1034246, 3
560884, 3
20764, 3
1247100, 3
1214539, 3
505228, 3
2654140, 3
1018056, 3
1022036, 3
775929, 3
1246766, 3
1217993, 3
1191986, 3
1042727, 3
1383517, 3
1180943, 3
1182, 3
28642, 3
1017179, 3
30849, 3
776404, 3
1516651, 3
1232202, 3
1094550, 3
1093719, 3
1016235, 3
30719, 3
1096291, 3
752911, 3
1190059, 3
1220177, 3
571465, 3
1247059, 3
1223039, 3
752746, 3
1096607, 3
1208643, 3
1206392, 3
1245387, 3
630714, 3
1212102, 3
31423, 3
1106002, 3
1223419, 3
1029775, 3
17413, 3
1034441, 3
1221015, 3
755386, 3
556979, 3
766498, 3
23803, 3
1210355, 3
1179755, 3
556461, 3
1408708, 3
653925, 3
604008, 3
1228146, 3
1099299, 3
1102915, 3
766131, 3
10528, 3
1099320, 3
1193975, 3
650538, 3
1094538, 3
1203514, 3
1093691, 3
1198121, 3
19199, 3
767672, 3
2232228, 3
7085, 3
1035823, 3
1093779, 3
21556, 3
885434, 3
1194614, 3
22310, 3
1023486, 3
734319, 3
1095965, 3
1096538, 3
754599, 3
1099287, 3
21614, 3
6647, 3
1204117, 3
1105935, 3
28640, 3
1228232, 3
2036691, 3
18232, 3
1048239, 3
1185232, 3
2218972, 3
1099703, 3
1195976, 3
757442, 3
753378, 3
1046082, 3
1097401, 3
1095807, 3
1204302, 3
1198078, 3
21524, 3
9703, 3
1093982, 3
29035, 3
17045, 3
1045682, 3
1047867, 3
1227475, 3
642398, 3
999192, 3
1195734, 3
1095718, 3
2232209, 3
1097533, 3
1215009, 3
771160, 3
1246653, 3
1662331, 3
1237627, 3
1247031, 3
684055, 3
768290, 3
1225655, 3
1193507, 3
15515, 3
20397, 3
561472, 3
1096459, 3
1246490, 3
1023147, 3
1246927, 3
1262567, 3
1216613, 3
2913337, 3
1368304, 3
774848, 3
1093665, 3
2230251, 3
937740, 3
561999, 3
540864, 3
14622, 3
1219160, 3
1022979, 3
1224799, 3
1105861, 3
560212, 3
1202486, 3
1025458, 3
768478, 3
1215241, 3
1105666, 3
17899, 3
675254, 3
5560, 3
1094013, 3
20143, 3
699566, 3
1022947, 3
569580, 3
17918, 3
260, 3
1101817, 3
1219245, 3
754946, 3
625631, 3
1026669, 3
13532, 3
559594, 3
1022473, 3
1519459, 3
1079757, 3
1021654, 3
779893, 3
1209096, 3
1094587, 3
1027923, 3
680329, 3
1041606, 3
17694, 3
1245785, 3
753286, 3
1093849, 3
1094311, 3
1196275, 3
1218084, 3
542964, 3
1245363, 3
756850, 3
1201504, 3
1097259, 3
753366, 3
1202434, 3
766049, 3
753508, 3
1199772, 3
1064469, 3
1104277, 3
1246665, 3
1194708, 3
1215242, 3
1102394, 3
752941, 3
33112, 3
1095452, 3
18658, 3
31470, 3
11603, 3
1374355, 3
626259, 3
1043524, 3
1120782, 3
2041643, 3
1213386, 3
1202146, 3
1021360, 3
1218074, 3
1026871, 3
1232118, 3
637242, 3
1096732, 3
638061, 3
1235744, 3
675077, 3
1080202, 3
570042, 3
1093654, 3
1210066, 3
27522, 3
1079587, 3
1043866, 3
989613, 3
1044247, 3
1198217, 3
1213152, 3
757319, 3
1189144, 3
22980, 3
7228, 3
1096396, 3
2019629, 3
625104, 3
1208477, 3
554643, 3
28509, 3
756798, 3
1221920, 3
1095940, 3
1224845, 3
1195266, 3
1228011, 3
559831, 3
1208404, 3
554119, 3
1220588, 3
761183, 3
1096961, 3
21081, 3
1021296, 3
22558, 3
13252, 3
1209553, 3
1044783, 3
28358, 3
754550, 3
2219320, 3
1080302, 3
1204590, 3
850003, 3
21449, 3
20121, 3
1052892, 3
10212, 3
1220608, 3
1097425, 3
1198619, 3
1193893, 3
1223619, 3
1218169, 3
1518039, 3
1093556, 3
1210846, 3
1208306, 3
1197678, 3
707992, 3
21093, 3
1223147, 3
1221765, 3
22291, 3
1023285, 3
766231, 3
1209871, 3
1022513, 3
760461, 3
1104238, 3
2228914, 3
1093916, 3
560305, 3
1026380, 3
1200491, 3
754064, 3
1093602, 3
1246524, 3
570615, 3
1020716, 3
1179708, 3
831246, 3
1021695, 3
1523217, 3
560667, 3
1194626, 3
1224575, 3
1191625, 3
1343337, 3
1197443, 3
1106185, 3
1521034, 3
4309, 3
680045, 3
1219938, 3
1104360, 3
558849, 3
680053, 3
1198777, 3
1216017, 3
1348032, 3
582681, 3
1245977, 3
770401, 3
1227915, 3
1229307, 3
1028115, 3
28945, 3
1184804, 3
1200778, 3
1017254, 3
570622, 3
774513, 3
571420, 3
1181786, 3
1097113, 3
554397, 3
1035726, 3
1225092, 3
1223241, 3
30194, 3
1199946, 3
33009, 3
1522378, 3
1206119, 3
1017258, 3
1245539, 3
1195181, 3
1202685, 3
1001022, 3
640075, 3
1521174, 3
1096624, 3
1208800, 3
1034164, 3
1097332, 3
1212109, 3
1095568, 3
696210, 3
19269, 3
1217523, 3
1218298, 3
3123, 3
1016422, 3
6015, 3
1228759, 3
1096558, 3
1178675, 3
20464, 3
1097534, 3
1106222, 3
1103677, 3
758748, 3
1102417, 3
761252, 3
1210254, 3
1204519, 3
1219638, 3
756631, 3
1025399, 3
1204275, 3
1207959, 3
1340027, 3
540610, 3
766228, 3
1097266, 3
1216227, 3
1220641, 3
772312, 3
759870, 3
1099821, 3
1297776, 3
22655, 3
1101279, 3
6539, 3
752724, 3
39689, 3
971813, 3
1227113, 3
622353, 3
1102348, 3
30206, 3
1026881, 3
554381, 3
1033737, 3
560255, 3
1198412, 3
1194536, 3
1208374, 3
1100365, 3
753009, 3
707014, 3
1520659, 3
1035183, 3
1179882, 3
1018055, 3
1102077, 3
1094191, 3
580597, 3
1099113, 3
1079218, 3
1232053, 3
1207878, 3
1097538, 3
1217038, 3
1238590, 3
676597, 3
984605, 3
1224251, 3
1209027, 3
1223098, 3
1246895, 3
1096454, 3
770448, 3
554659, 3
649479, 3
1217503, 3
753138, 3
581990, 3
1195719, 3
13792, 3
1212162, 3
1205809, 3
1225134, 3
7117, 3
652608, 3
540986, 3
606691, 3
754750, 3
1043451, 3
1212378, 3
1193274, 3
1096632, 3
1643334, 3
680493, 3
561134, 3
1016442, 3
1228682, 3
1209165, 3
1225259, 3
758290, 3
505546, 3
1245682, 3
1206082, 3
760139, 3
1225833, 3
1182524, 3
1025526, 3
1097104, 3
1079090, 3
1212969, 3
755372, 3
6639, 3
681, 3
1219513, 3
12504, 3
34328, 3
1199415, 3
29424, 3
1096183, 3
1327704, 3
540624, 3
1201070, 3
1022537, 3
555018, 3
1034229, 3
768313, 3
1232105, 3
1383866, 3
16884, 3
768776, 3
1076438, 3
21537, 3
24560, 3
1079859, 3
1225978, 3
1099927, 3
1035303, 3
1232356, 3
17964, 3
1213325, 3
1097775, 3
1245441, 3
1246498, 3
726760, 3
1180165, 3
1226245, 3
753628, 3
558645, 3
1194675, 3
1520194, 3
1215953, 3
1198345, 3
1245649, 3
866503, 3
1096566, 3
1211100, 3
1404875, 3
1042291, 3
1204140, 3
555178, 3
1193900, 3
1097233, 3
1097161, 3
1209612, 3
1189172, 3
1179600, 3
1026665, 3
5383, 3
1022114, 3
672248, 3
571473, 3
1188828, 3
1207283, 3
554063, 3
1222674, 3
1220415, 3
19975, 3
706654, 3
1093680, 3
1027829, 3
649595, 3
1227664, 3
639826, 3
6914, 3
1079596, 3
850227, 3
1246263, 3
2745640, 3
1245958, 3
29167, 3
1209101, 3
1219461, 3
1058623, 3
755142, 3
1200772, 3
1190295, 3
2240486, 3
1209458, 3
1217868, 3
1096367, 3
1172826, 3
763362, 3
545825, 3
1212370, 3
1095501, 3
1226593, 3
8755, 3
1199443, 3
1235959, 3
1045868, 3
1337126, 3
10795, 3
1094535, 3
1026597, 3
569106, 3
1196392, 3
665747, 3
1080756, 3
1215376, 3
1195419, 3
27693, 3
1095719, 3
772086, 3
1203978, 3
1096501, 3
1080743, 3
1021406, 3
1246622, 3
707910, 3
769009, 3
1247093, 3
29034, 3
1197886, 3
559386, 3
1094277, 3
1027942, 3
1212571, 3
559764, 3
770538, 3
1096479, 3
28832, 3
21781, 3
784630, 3
1188330, 3
1190622, 3
505632, 3
771912, 3
849759, 3
1211010, 3
28823, 3
1208985, 3
1182869, 3
1206945, 3
1205081, 3
554975, 3
17583, 3
1016254, 3
1193362, 3
1228850, 3
28693, 3
568793, 3
1026539, 3
20395, 3
752900, 3
1200385, 3
752402, 3
570934, 3
13960, 3
1041961, 3
572902, 3
15108, 3
1217892, 3
27471, 3
1248289, 3
505457, 3
1220386, 3
1213740, 3
976425, 3
22636, 3
29133, 3
1096480, 3
1198001, 3
1199804, 3
728402, 3
755405, 3
1246283, 3
1021356, 3
1191959, 3
2242035, 3
1095352, 3
25265, 3
16118, 3
557833, 3
1218543, 3
1196361, 3
1023482, 3
1178600, 3
1096684, 3
559861, 3
1216660, 3
1102047, 3
1208564, 3
1212862, 3
985705, 3
1204635, 3
1372620, 3
1017172, 3
4655, 3
19714, 3
1213638, 3
1222820, 3
756674, 3
1049210, 3
1197008, 3
759097, 3
1288227, 3
1041949, 3
1228945, 3
1034893, 3
2217760, 3
1028257, 3
1079374, 3
20321, 3
1213050, 3
757814, 3
557665, 3
1185758, 3
556206, 3
1209238, 3
1192310, 3
1213047, 3
1191731, 3
23260, 3
1094546, 3
1095924, 3
1199941, 3
1093534, 3
1076652, 3
1224068, 3
1199600, 3
751967, 3
1210685, 3
1182269, 3
570431, 3
756173, 3
21451, 3
1212101, 3
1208222, 3
1201230, 3
555935, 3
18547, 3
1211113, 3
1097645, 3
1045465, 3
2212275, 3
10671, 3
1228488, 3
29393, 3
1204913, 3
1188770, 3
1068002, 3
1205301, 3
1101967, 3
698060, 3
1202077, 3
1232133, 3
1213316, 3
1219690, 3
1246887, 3
1213366, 3
1194952, 3
616515, 3
1080032, 3
559982, 3
1232233, 3
21922, 3
29372, 3
753702, 3
778057, 3
1182106, 3
610491, 3
23293, 3
637249, 3
676800, 3
8216, 3
1188532, 3
1213006, 3
1021687, 3
761683, 3
1218759, 3
1213849, 3
1016618, 3
1200707, 3
707571, 3
1195229, 3
1177433, 3
1048385, 3
1202250, 3
1192780, 3
557467, 3
1101316, 3
1220087, 3
1194216, 3
27485, 3
756656, 3
1179112, 3
1380034, 3
695277, 3
1080021, 3
604315, 3
1022236, 3
1020717, 3
1247137, 3
680724, 3
752493, 3
674359, 3
622620, 3
729474, 3
1345518, 3
10068, 3
1093706, 3
755625, 3
1028175, 3
1211209, 3
1199729, 3
1201570, 3
21597, 3
1188132, 3
4283, 3
755951, 3
1096393, 3
849098, 3
758758, 3
771141, 3
568237, 3
1185881, 3
580126, 3
559600, 3
1204660, 3
17524, 3
1522118, 3
672214, 3
1224245, 3
568424, 3
2226689, 3
1096675, 3
1193071, 3
1208587, 3
1094490, 3
1195416, 3
1202318, 3
1093693, 3
753658, 3
1095802, 3
1047659, 3
21634, 3
22036, 3
10025, 3
2219069, 3
1206972, 3
28467, 3
1238485, 3
1095280, 3
6643, 3
1245781, 3
542826, 3
773129, 3
11764, 3
601243, 3
1178392, 3
624299, 3
1096376, 3
1218600, 3
1093760, 3
1094987, 3
1096306, 3
1229157, 3
569017, 3
1190207, 3
583224, 3
17984, 3
849086, 3
1190788, 3
1213011, 3
1026582, 3
1094339, 3
1214065, 3
1029605, 3
1198064, 3
1208172, 3
1358652, 3
616185, 3
1232032, 3
1047167, 3
1028217, 3
1245376, 3
1209204, 3
779908, 3
1245513, 3
1232041, 3
680135, 3
1218337, 3
1193915, 3
1179154, 3
1188098, 3
1208693, 3
6368, 3
25883, 3
1200877, 3
28007, 3
1029673, 3
18725, 3
1104965, 3
1197215, 3
1192530, 3
680219, 3
1079936, 3
1222236, 3
1105615, 3
1221354, 3
1023140, 3
1120740, 3
567224, 3
1193628, 3
1212719, 3
1213497, 3
1080273, 3
2228906, 3
1199980, 3
23630, 3
1203153, 3
1021286, 3
1025489, 3
1223532, 3
10537, 3
755595, 3
1229130, 3
756762, 3
1076275, 3
1188370, 3
768292, 3
2240894, 3
1211973, 3
1105958, 3
5096, 3
505234, 3
1523087, 3
950214, 3
559739, 3
1211324, 3
1191026, 3
567314, 3
1097152, 3
31043, 3
1228365, 3
28707, 3
1028216, 3
1247425, 3
1205250, 3
1025424, 3
1192030, 3
1021379, 3
1194410, 3
757848, 3
554123, 3
1203315, 3
1213767, 3
31287, 3
776253, 3
1099293, 3
723109, 3
14578, 3
1096107, 3
560445, 3
863421, 3
1042350, 3
1022489, 3
1028374, 3
1103243, 3
1204318, 3
1181282, 3
1206261, 3
1180993, 3
16393, 3
1180136, 3
2227095, 3
1188074, 3
1182223, 3
1198013, 3
1199521, 3
30435, 3
2668, 3
20888, 3
1222185, 3
1232215, 3
11649, 3
1181254, 3
1094613, 3
29931, 3
1096657, 3
18332, 3
1209132, 3
778234, 3
1196559, 3
30906, 3
1028405, 3
1225192, 3
31353, 3
574448, 3
558437, 3
1223885, 3
1341099, 3
1027845, 3
559833, 3
766229, 3
1097644, 3
567855, 3
756311, 3
11113, 3
623670, 3
11121, 3
760083, 3
2217148, 3
1202706, 3
542157, 3
776150, 3
1201483, 3
6805, 3
8742, 3
1202576, 3
1194505, 3
23497, 3
2240714, 3
5679, 3
1247648, 3
1197250, 3
1101448, 3
607124, 3
1205298, 3
1095816, 3
1099034, 3
1201495, 3
1198591, 3
1247097, 3
1218191, 3
1093809, 3
1208730, 3
1229255, 3
1025508, 3
1215084, 3
2017169, 3
1226766, 3
505434, 3
1224357, 3
1096512, 3
1543, 3
1198564, 3
1247476, 3
757209, 3
19814, 3
1097253, 3
1178188, 3
1096120, 3
707929, 3
638078, 3
1096691, 3
676296, 3
1192446, 3
1711, 3
543041, 3
1211862, 3
1232064, 3
22997, 3
1223740, 3
1097631, 3
37710, 3
1106374, 3
1201532, 3
20304, 3
1246763, 3
639558, 3
999306, 3
1102869, 3
1080639, 3
556313, 3
1219337, 3
29074, 3
1105271, 3
1077154, 3
1228584, 3
2095, 3
1027881, 3
1207025, 3
1234916, 3
1016243, 3
1095936, 3
1182644, 3
2647009, 3
1278941, 3
655048, 3
672251, 3
1207651, 3
1013922, 3
1094091, 3
1101897, 3
1097613, 3
554979, 3
17893, 3
1211179, 3
17760, 3
562420, 3
29827, 3
600211, 3
752524, 3
1016372, 3
1093830, 3
1205538, 3
1204503, 3
1200198, 3
16911, 3
1182830, 3
26762, 3
1191694, 3
753335, 3
1095464, 3
761145, 3
41732, 3
1190136, 3
29184, 3
1092251, 3
1093599, 3
554081, 3
1204470, 3
684609, 3
554129, 3
703461, 3
1232286, 3
1207281, 3
1216591, 3
1224431, 3
505545, 3
1039188, 3
680646, 3
680136, 3
1211940, 3
1272927, 3
685445, 3
1097526, 3
1097648, 3
2240517, 3
1225943, 3
1225285, 3
7310, 3
443, 3
1097321, 3
1017436, 3
504536, 3
559339, 3
654109, 3
2349989, 3
510308, 3
1096252, 3
1100876, 3
778119, 3
1101948, 3
17129, 3
1096233, 3
1265172, 3
1097627, 3
778352, 3
27765, 3
686936, 3
1179506, 3
1097344, 3
1179173, 3
1047032, 3
1405645, 3
574148, 3
552234, 3
1214699, 3
721303, 3
1096437, 3
1096005, 3
1251981, 3
1197839, 3
554361, 3
622108, 3
1021168, 3
1226125, 3
21248, 3
567378, 3
672372, 3
608366, 3
1213894, 3
849735, 3
1337327, 3
836221, 3
726237, 3
1208882, 3
1246055, 3
22223, 3
11549, 3
1038902, 3
655052, 3
1215540, 3
1101892, 3
1097150, 3
504653, 3
1246273, 3
1203942, 3
1217858, 3
555979, 3
1518323, 3
1203421, 3
1095724, 3
558013, 3
1443565, 3
6651, 3
1212720, 3
1044765, 3
952967, 3
1206031, 3
1093848, 3
7384, 3
703444, 3
1204508, 3
1100362, 3
1195500, 3
1235322, 3
1181854, 3
1041749, 3
1096703, 3
29045, 3
1639439, 3
29395, 3
1218732, 3
1221719, 3
1236002, 3
1224135, 3
1223270, 3
1101202, 3
1196579, 3
1097507, 3
1247056, 3
770473, 3
1213792, 3
643273, 3
7614, 3
1192262, 3
1093645, 3
542772, 3
1380234, 3
1262353, 3
1196001, 3
1066707, 3
1185772, 3
1093592, 3
1191688, 3
998915, 3
1099327, 3
1202649, 3
1333743, 3
1247089, 3
1214582, 3
1197578, 3
1102631, 3
1035602, 3
557371, 3
2233160, 3
27899, 3
5905, 3
1099338, 3
1017197, 3
1229071, 3
758866, 3
562283, 3
28901, 3
1093551, 3
1096241, 3
1199781, 3
1099765, 3
699257, 3
570609, 3
1103093, 3
1210913, 3
1097204, 3
1246529, 3
1522715, 3
554451, 3
505077, 3
1080204, 3
1026829, 3
755580, 3
1192567, 3
779915, 3
867516, 3
1023279, 3
626703, 3
1199334, 3
2646919, 3
1246159, 3
17566, 3
1043328, 3
1205800, 3
1238896, 3
1204955, 3
570272, 3
1200436, 3
759450, 3
1228547, 3
1094444, 3
1207965, 3
1223260, 3
1181726, 3
780424, 3
1094981, 3
21708, 3
1080328, 3
1200345, 3
1191145, 3
1206076, 3
1097679, 3
20882, 3
1095891, 3
753459, 3
1227587, 3
556216, 3
1022085, 3
765093, 3
20834, 3
1203828, 3
1042605, 3
1216636, 3
555976, 3
1224711, 3
1517150, 3
1019550, 3
1094626, 3
23071, 3
1096590, 3
697146, 3
1077933, 3
976190, 3
1218469, 3
1094675, 3
505783, 3
680698, 3
1208675, 3
27309, 3
557955, 3
28728, 3
756979, 3
777899, 3
562140, 3
1205397, 3
643759, 3
1223554, 3
1216029, 3
1102268, 3
1104531, 3
6453, 3
1096124, 3
1094067, 3
1213969, 3
1095833, 3
23682, 3
1232108, 3
5440, 3
1193783, 3
1041914, 3
554775, 3
1340542, 3
1224078, 3
18540, 3
1022974, 3
756344, 3
1105841, 3
1022715, 3
1180988, 3
758373, 3
19806, 3
769242, 3
6622, 3
752858, 3
1189286, 3
647900, 3
558523, 3
1211419, 3
1185890, 3
1205075, 3
1026852, 3
1246427, 3
1096218, 3
1022462, 3
1102496, 3
757590, 3
1201597, 3
989546, 3
557611, 3
2224453, 3
569701, 3
1195590, 3
1245724, 3
1200804, 3
849267, 3
861534, 3
1195252, 3
775154, 3
642332, 3
1216759, 3
27295, 3
2224242, 3
1219456, 3
1029368, 3
1204908, 3
10533, 3
1546645, 3
2761607, 3
1197524, 3
1545003, 3
1266684, 3
1245382, 3
1222537, 3
985670, 3
1194059, 3
626417, 3
1201301, 3
862772, 3
752589, 3
568525, 3
1093897, 3
1195099, 3
1022484, 3
1097291, 3
1101701, 3
866936, 3
1045720, 3
1176541, 3
1196701, 3
1235144, 3
17410, 3
1002133, 3
1203552, 3
1206385, 3
1194007, 3
15125, 3
1044841, 3
579779, 3
1205511, 3
13682, 3
1027832, 3
17429, 3
1097160, 3
1093810, 3
2228439, 3
865611, 3
1026630, 3
1239218, 3
1217405, 3
1216080, 3
1207777, 3
755654, 3
1207909, 3
7905, 3
1095642, 3
1095932, 3
1189051, 3
1245619, 3
9173, 3
7212, 3
769338, 3
18642, 3
753947, 3
887354, 3
1024070, 3
4034, 3
1221382, 3
1208240, 3
4682, 3
761118, 3
29978, 3
1016661, 3
1232148, 3
1086673, 3
1095735, 3
760304, 3
1195092, 3
1096117, 3
1198160, 3
2922796, 3
1103148, 3
758507, 3
768762, 3
1201526, 3
604725, 3
541447, 3
1221635, 3
1224234, 3
1103310, 3
1520627, 3
775339, 3
1028047, 3
849748, 3
1099335, 3
13453, 3
1220500, 3
1096938, 3
1182799, 3
1232388, 3
554929, 3
1220995, 3
1228688, 3
771147, 3
752895, 3
1023255, 3
1217310, 3
758946, 3
1096269, 3
1094732, 3
21003, 3
1207325, 3
541459, 3
1200315, 3
1212485, 3
29900, 3
1045514, 3
757406, 3
11646, 3
864686, 3
1223925, 3
1226254, 3
1199692, 3
1095563, 3
1206190, 3
780263, 3
1198404, 3
753052, 3
1205722, 3
1096244, 3
634105, 3
555900, 3
757728, 3
1192805, 3
773069, 3
1044825, 3
562801, 3
1095136, 3
1097423, 3
1096164, 3
1246412, 3
765159, 3
1201143, 3
14368, 3
28264, 3
1193025, 3
648932, 3
28037, 3
1095832, 3
2240833, 3
1191305, 3
1238857, 3
1034964, 3
26371, 3
2218068, 3
643577, 3
1227258, 3
553953, 3
2228625, 3
1103353, 3
8932, 3
1041863, 3
1199651, 3
1220101, 3
1220176, 3
722896, 3
1220131, 3
1213240, 3
505539, 3
1199716, 3
1211629, 3
1093715, 3
504291, 3
1516595, 3
1038882, 3
1080614, 3
1018146, 3
779552, 3
1028289, 3
557844, 3
761337, 3
570850, 3
11959, 3
769487, 3
2352352, 3
1208602, 3
1096734, 3
1094427, 3
30913, 3
1209986, 3
755299, 3
1173034, 3
1080286, 3
36465, 3
759348, 3
771078, 3
1221057, 3
3696, 3
753398, 3
975634, 3
13430, 3
1188450, 3
31324, 3
1225959, 3
9332, 3
1220029, 3
1022917, 3
555023, 3
1189737, 3
768020, 3
1207781, 3
567391, 3
1248522, 3
1193984, 3
23970, 3
1103608, 3
510599, 3
1520566, 3
27286, 3
680181, 3
1026417, 3
17334, 3
1246589, 3
570836, 3
1095653, 3
651900, 3
1223349, 3
1099837, 3
772508, 3
17872, 3
722865, 3
706400, 3
1215785, 3
1209704, 3
556836, 3
1217688, 3
556785, 3
6488, 3
676249, 3
1180369, 3
1034446, 3
1213877, 3
727389, 3
1520676, 3
1180695, 3
558628, 3
2222825, 3
559814, 3
768243, 3
1079679, 3
1096670, 3
755689, 3
1097122, 3
770731, 3
559231, 3
1247349, 3
1247497, 3
1199087, 3
1096626, 3
1246555, 3
1199439, 3
1194742, 3
617312, 3
1238498, 3
1246988, 3
1096176, 3
860885, 3
19193, 3
1095575, 3
19205, 3
1046176, 3
13956, 3
758694, 3
560870, 3
20497, 3
1444, 3
1238844, 3
1225871, 3
27308, 3
755691, 3
1340366, 3
1247029, 3
1191614, 3
3179, 3
1047673, 3
780803, 3
1290888, 3
1220991, 3
1079196, 3
1014565, 3
2227594, 3
1211520, 3
1094616, 3
1046590, 3
1095911, 3
1027868, 3
1191162, 3
554856, 3
1218183, 3
10070, 3
1093806, 3
1208317, 3
1215793, 3
585949, 3
1182704, 3
1098323, 3
1094677, 3
644419, 3
1097611, 3
10076, 3
17401, 3
1239130, 3
16240, 3
22284, 3
720570, 3
31465, 3
1228017, 3
30767, 3
645302, 3
753610, 3
1226636, 3
1208567, 3
1100174, 3
1199890, 3
1516350, 3
10448, 3
1213605, 3
1190831, 3
1197829, 3
554244, 3
1216731, 3
1017477, 3
1017195, 3
1214450, 3
1076287, 3
1186892, 3
1208842, 3
1094125, 3
567601, 3
505313, 3
773252, 3
1097380, 3
735022, 3
766292, 3
1245892, 3
1196848, 3
1105293, 3
1042158, 3
2079, 3
1095755, 3
1180782, 3
1226752, 3
1220820, 3
865404, 3
1218419, 3
760962, 3
1519641, 3
1223866, 3
1188615, 3
1215975, 3
28426, 3
1208843, 3
1199375, 3
1645141, 3
1097081, 3
1199678, 3
764786, 3
1202380, 3
1207782, 3
1177993, 3
985569, 3
770846, 3
754692, 3
600038, 3
28582, 3
703293, 3
1238880, 3
27227, 3
1097078, 3
15214, 3
1247644, 3
757567, 3
1182255, 3
1097478, 3
1019784, 3
1021395, 3
1101400, 3
771645, 3
1210722, 3
1101843, 3
21059, 3
1096727, 3
1106079, 3
1216182, 3
1097650, 3
1099764, 3
1209705, 3
625941, 3
21892, 3
654225, 3
510050, 3
675068, 3
2240442, 3
1093941, 3
1096119, 3
1003766, 3
734819, 3
27709, 3
1095791, 3
1229126, 3
759890, 3
1096401, 3
1102541, 3
1206617, 3
2214803, 3
1028149, 3
1220153, 3
1173090, 3
2833, 3
510732, 3
1233039, 3
1205387, 3
1093617, 3
1227273, 3
974399, 3
1093761, 3
771771, 3
1181968, 3
1094291, 3
978279, 3
1040287, 3
30320, 3
1223209, 3
1210374, 3
2217936, 3
1205334, 3
1212756, 3
1201040, 3
1120744, 3
1023224, 3
1227616, 3
2231089, 3
2219599, 3
13109, 3
1202247, 3
1097349, 3
556373, 3
1093889, 3
541423, 3
1021703, 3
1216144, 3
1218078, 3
1218244, 3
1026876, 3
1018672, 3
22322, 3
1029702, 3
1193614, 3
2219303, 3
22570, 3
1227740, 3
1195647, 3
1026641, 3
1206371, 3
1026617, 3
7339, 3
2240233, 3
558025, 3
12466, 3
1026807, 3
505713, 3
1028424, 3
558804, 3
557352, 3
1220341, 3
1522448, 3
1228476, 3
24216, 3
636813, 3
1028134, 3
783903, 3
754338, 3
1097635, 3
1228974, 3
776641, 3
1206051, 3
1218200, 3
1568135, 3
1218168, 3
1097623, 3
1220400, 3
568121, 3
14339, 3
1093824, 3
1179722, 3
2714, 3
1191160, 3
1041997, 3
1178835, 3
1093542, 3
1217713, 3
1211118, 3
31433, 3
1180685, 3
825406, 3
1196110, 3
1093866, 3
1247223, 3
553939, 3
732241, 3
542839, 3
541094, 3
557401, 3
1196503, 3
1022116, 3
1102758, 3
22794, 3
1207775, 3
13995, 3
1341160, 3
759970, 3
999545, 3
1225107, 3
1227358, 3
1104267, 3
20117, 3
1198545, 3
1042971, 3
1177949, 3
568232, 3
1067880, 3
1196088, 3
1103634, 3
1096090, 3
1182049, 3
17749, 3
23489, 3
1102310, 3
1204423, 3
667310, 3
504968, 3
1017180, 3
1225628, 3
861635, 3
1651415, 3
1017531, 3
770342, 3
567983, 3
557266, 3
1198775, 3
1097548, 3
18844, 3
1097190, 3
1189077, 3
1079305, 3
1102986, 3
761246, 3
12955, 3
1097148, 3
1189012, 3
1201306, 3
754476, 3
622171, 3
1213463, 3
560054, 3
1096097, 3
738680, 3
1096588, 3
1218757, 3
600165, 3
1219497, 3
1218054, 3
1101989, 3
759728, 3
1216338, 3
1102654, 3
31119, 3
675436, 3
1227659, 3
1220268, 3
2229347, 3
1177757, 3
1223420, 3
753740, 3
1100957, 3
1095901, 3
1224928, 3
1201444, 3
867706, 3
1102093, 3
2739239, 3
1022078, 3
1245640, 3
1173732, 3
1217946, 3
20699, 3
561549, 3
1376393, 3
1202160, 3
1211465, 3
542664, 3
1102207, 3
37919, 3
1028014, 3
1200868, 3
643790, 3
768959, 3
707304, 3
776274, 3
551243, 3
1227503, 3
615141, 3
1225111, 3
1195256, 3
1233516, 3
555092, 3
1190379, 3
1095889, 3
1029770, 3
18606, 3
1199194, 3
1017489, 3
1213067, 3
777804, 3
1213721, 3
1193479, 3
18892, 3
1104426, 3
1096984, 3
1095914, 3
1247287, 3
1044170, 3
1195294, 3
1039330, 3
561031, 3
1103217, 3
613677, 3
769619, 3
1239191, 3
600186, 3
1232307, 3
19090, 3
1203745, 3
27465, 3
1214877, 3
1103028, 3
1096499, 3
1043491, 3
974267, 3
1214671, 3
1034663, 3
1225864, 3
2748369, 3
18038, 3
753901, 3
557626, 3
569832, 3
1094944, 3
1208839, 3
556961, 3
653096, 3
1195041, 3
542745, 3
849222, 3
510346, 3
1189096, 3
1016236, 3
603406, 3
621581, 3
771571, 3
1046386, 3
1034419, 3
1198336, 3
555880, 3
867152, 3
1097199, 3
669330, 3
11551, 3
1199756, 3
1239167, 3
1227127, 3
1221747, 3
1225834, 3
1212876, 3
26980, 3
1079718, 3
1214349, 3
1188229, 3
1095750, 3
557905, 3
1094469, 3
2242117, 3
988996, 3
1182656, 3
1191170, 3
1102457, 3
1093929, 3
558516, 3
2903347, 3
1188409, 3
1218427, 3
777894, 3
559574, 3
1080794, 3
556218, 3
1096320, 3
562779, 3
1367883, 3
632296, 3
770511, 3
1029932, 3
1216921, 3
18196, 3
766478, 3
1223027, 3
776975, 3
1097554, 3
766583, 3
34763, 3
641010, 3
1246807, 3
569913, 3
1096203, 3
560882, 3
1204563, 3
779068, 3
1344634, 3
1097165, 3
1195309, 3
1096329, 3
1229197, 3
1097476, 3
1225854, 3
1073299, 3
13381, 3
1024991, 3
571617, 3
1190192, 3
3075, 3
752535, 3
746071, 3
981551, 3
1017309, 3
1045008, 3
1096678, 3
1224502, 3
616566, 3
754597, 3
1201858, 3
1246312, 3
1246854, 3
567322, 3
558333, 3
1192859, 3
600007, 3
1022148, 3
558412, 3
1211165, 3
1009757, 3
1189598, 3
2900776, 3
1196063, 3
1028160, 3
1212972, 3
1197197, 3
685443, 3
34465, 3
1227433, 3
752749, 3
1096006, 3
765698, 3
1225706, 3
1247482, 3
1097124, 3
572510, 3
569003, 3
1094138, 3
1207381, 3
30520, 3
1173782, 3
1206576, 3
1035023, 3
1185370, 3
28877, 3
2029836, 3
1202687, 3
1021751, 3
1197062, 3
1219123, 3
726169, 3
556951, 3
12365, 3
567982, 3
1095813, 3
1105153, 3
1302208, 3
1182818, 3
561309, 3
1102504, 3
1093722, 3
20884, 3
1224156, 3
1093676, 3
1043495, 3
756723, 3
1214063, 3
1097188, 3
1020019, 3
28695, 3
652196, 3
1096748, 3
1188995, 3
1219929, 3
1097432, 3
1101108, 3
706995, 3
764163, 3
1015811, 3
1233282, 3
27659, 3
1093965, 3
30669, 3
1019608, 3
1097471, 3
1199085, 3
1213175, 3
567519, 3
20953, 3
1026832, 3
21137, 3
558014, 3
556872, 3
19342, 3
1105072, 3
1196537, 3
1219259, 3
645719, 3
1077479, 3
1041996, 3
649492, 3
1096234, 3
1190348, 3
753054, 3
1247015, 3
1101170, 3
1099905, 3
1217006, 3
12755, 3
1079516, 3
1232107, 3
1228636, 3
1203923, 3
607960, 3
1189631, 3
1224155, 3
1374018, 3
557716, 3
559987, 3
1094506, 3
560900, 3
1080275, 3
553990, 3
1017052, 3
733539, 3
1189599, 3
1147712, 3
556132, 3
1220910, 3
1245911, 3
1225629, 3
571486, 3
1207243, 3
1022631, 3
1215819, 3
32123, 3
1101850, 3
1033751, 3
756865, 3
559463, 3
1226408, 3
7137, 3
1209399, 3
38684, 3
1376718, 3
1372210, 3
997032, 3
1103889, 3
613314, 3
9856, 3
3228, 3
1204472, 3
2219883, 3
1099077, 3
28628, 3
726420, 3
1041234, 3
1204762, 3
1200006, 3
1245969, 3
21766, 3
29914, 3
1103538, 3
768208, 3
1182834, 3
5900, 3
1103113, 3
1198917, 3
1068164, 3
26923, 3
2766576, 3
24971, 3
1194215, 3
510475, 3
1521979, 3
1236757, 3
755866, 3
779920, 3
1017455, 3
16514, 3
764401, 3
1008902, 3
776697, 3
556966, 3
1097437, 3
10837, 3
1097438, 3
645592, 3
13024, 3
554445, 3
1210183, 3
27352, 3
1207461, 3
1097329, 3
1224463, 3
1545923, 3
1197535, 3
1026525, 3
985442, 3
1017379, 3
771833, 3
1210483, 3
1194987, 3
1173878, 3
1094416, 3
1203040, 3
1224014, 3
559067, 3
1228937, 3
861528, 3
7929, 3
721328, 3
765149, 3
998235, 3
13076, 3
1239232, 3
1342614, 3
757749, 3
1201403, 3
769384, 3
22577, 3
1206580, 3
630875, 3
753216, 3
1208576, 3
1224994, 3
1022985, 3
759793, 3
30148, 3
707509, 3
1097407, 3
1213775, 3
1096242, 3
1022091, 3
30108, 3
1103576, 3
1021321, 3
763303, 3
556778, 3
567401, 3
1228886, 3
1212890, 3
755749, 3
1245934, 3
10478, 3
1017091, 3
1225804, 3
1200815, 3
1210278, 3
2219285, 3
1103229, 3
1225398, 3
1226275, 3
1096059, 3
1041794, 3
7688, 3
1239194, 3
554863, 3
1207526, 3
1029504, 3
1216991, 3
1219516, 3
562762, 3
8620, 3
18040, 3
795639, 3
1046275, 3
571553, 3
20293, 3
758344, 3
1209109, 3
1245612, 3
1079230, 3
556798, 3
1102613, 3
1179724, 3
1188089, 3
7353, 3
1208520, 3
1211621, 3
766042, 3
1094525, 3
769578, 3
1178387, 3
1028031, 3
752721, 3
1200507, 3
1093817, 3
504924, 3
1197507, 3
2240166, 3
1245951, 3
20054, 3
29896, 3
1215380, 3
1208308, 3
3217255, 3
1021316, 3
1212143, 3
1199429, 3
1096274, 3
672226, 3
557589, 3
2040076, 3
3346732, 3
698, 3
1189680, 3
1246849, 3
616023, 3
1246761, 3
769301, 3
985298, 3
753162, 3
1208554, 3
677082, 3
1023272, 3
1217545, 3
1033774, 3
2767725, 3
570252, 3
1192224, 3
582585, 3
776797, 3
1017272, 3
1105069, 3
546142, 3
1103744, 3
1210331, 3
1239342, 3
849741, 3
1180797, 3
1215361, 3
22785, 3
1247492, 3
796276, 3
1214460, 3
8986, 3
1224276, 3
17426, 3
1017171, 3
1096061, 3
1209528, 3
1202506, 3
1207234, 3
1203235, 3
760202, 3
541325, 3
1096086, 3
1028025, 3
1201619, 3
1205415, 3
1216981, 3
1044908, 3
1178359, 3
1222670, 3
1245807, 3
780171, 3
1095742, 3
620812, 3
3715, 3
31486, 3
1213688, 3
1026552, 3
1019510, 3
2232117, 3
12535, 3
768931, 3
1201013, 3
776636, 3
1211254, 3
1247032, 3
625630, 3
17891, 3
11784, 3
1042028, 3
22802, 3
64, 3
1226487, 3
1199963, 3
19364, 3
1190487, 3
1204013, 3
6394, 3
646125, 3
8977, 3
555487, 3
20335, 3
5704, 3
1368283, 3
770154, 3
1034015, 3
1245336, 3
230, 3
1097073, 3
2223602, 3
1213032, 3
1093898, 3
1225176, 3
1176635, 3
1017230, 3
705271, 3
755950, 3
26112, 3
10233, 3
1096315, 3
1189428, 3
1207819, 3
16788, 3
1191805, 3
557637, 3
1199487, 3
28185, 3
699251, 3
1522312, 3
600029, 3
1099090, 3
1194571, 3
1203396, 3
1208555, 3
755168, 3
640383, 3
1120756, 3
9824, 3
1215602, 3
1079671, 3
1212490, 3
1095934, 3
28584, 3
21934, 3
1096001, 3
22546, 3
1047231, 3
767699, 3
29817, 3
990441, 3
1207511, 3
1036207, 3
1470, 3
757383, 3
1035654, 3
1026557, 3
1213666, 3
1209803, 3
1574529, 3
22497, 3
1188088, 3
761324, 3
623044, 3
1213588, 3
1181011, 3
1217479, 3
1247018, 3
1042779, 3
1080276, 3
1239155, 3
1021210, 3
1227909, 3
1103578, 3
555546, 3
1093580, 3
1195675, 3
22474, 3
771958, 3
1215094, 3
2755713, 3
1225939, 3
1196917, 3
1217897, 3
1329064, 3
1200340, 3
17541, 3
1182411, 3
1353425, 3
778008, 3
1205145, 3
5285, 3
1259896, 3
754194, 3
1239185, 3
1216501, 3
1189674, 3
1368679, 3
1233214, 3
657338, 3
2227598, 3
1220123, 3
1239135, 3
1246119, 3
22302, 3
1202082, 3
1227939, 3
1521868, 3
1221461, 3
1093626, 3
1097294, 3
755127, 3
1097111, 3
755941, 3
707463, 3
1225891, 3
26542, 3
1378814, 3
29123, 3
1080816, 3
542930, 3
639496, 3
1097429, 3
1034910, 3
1192890, 3
1023188, 3
1218490, 3
1215327, 3
1228982, 3
1213252, 3
569267, 3
562862, 3
1246793, 3
759671, 3
1096185, 3
768814, 3
1216406, 3
1021420, 3
1022044, 3
1096534, 3
755834, 3
1097307, 3
1196943, 3
1056308, 3
669466, 3
1223357, 3
1191139, 3
1021386, 3
570849, 3
554894, 3
1200463, 3
9523, 3
1035274, 3
1196894, 3
770423, 3
1048501, 3
3374, 3
1105156, 3
1093801, 3
532462, 3
754769, 3
1221885, 3
1205204, 3
1178403, 3
23199, 3
1096851, 3
1097541, 3
1207042, 3
1247808, 3
5540, 3
1246670, 3
1016588, 3
3316, 3
976378, 3
697575, 3
20253, 3
779551, 3
7151, 3
1245734, 3
1213788, 3
1014324, 3
1219906, 3
560941, 3
21952, 3
1097588, 3
1041630, 3
553278, 3
649774, 3
1246928, 3
1207694, 3
1392664, 3
1097225, 3
1095380, 3
1187777, 3
36069, 3
1104378, 3
30472, 3
1095090, 3
1213699, 3
1099308, 3
1219387, 3
29828, 3
1195273, 3
1216849, 3
1188961, 3
1198538, 3
1022109, 3
1197590, 3
1377137, 3
1106394, 3
1180441, 3
1095125, 3
531523, 3
672274, 3
1191890, 3
1046696, 3
1095063, 3
1200210, 3
1178210, 3
645694, 3
1218315, 3
1028052, 3
1219401, 3
1072419, 3
1022542, 3
1213751, 3
1227515, 3
755717, 3
1194852, 3
24767, 3
1188558, 3
776017, 3
1094437, 3
1227822, 3
19924, 3
1022607, 3
26057, 3
30077, 3
3421, 3
1209654, 3
1229060, 3
1093811, 3
1199786, 3
1201079, 3
542018, 3
1228625, 3
2977, 3
1096685, 3
1188109, 3
1018804, 3
1044389, 3
1019523, 3
1245576, 3
1045419, 3
1101978, 3
18883, 3
1307361, 3
731845, 3
18439, 3
1102133, 3
555297, 3
1246442, 3
559431, 3
1788, 3
20633, 3
1202719, 3
1028383, 3
2223117, 3
1096540, 3
1235134, 3
1245368, 3
1078965, 3
1027977, 3
16771, 3
1027954, 3
1201319, 3
21401, 3
1095804, 3
1202519, 3
1103747, 3
1042418, 3
1028043, 3
1290829, 3
23020, 3
1022467, 3
28626, 3
649195, 3
752878, 3
1048488, 3
1095957, 3
623984, 3
1216094, 3
499, 3
1045878, 3
752789, 3
1045432, 3
1397432, 3
1097264, 3
1106010, 3
1096207, 3
604647, 3
1209527, 3
2748337, 3
1026805, 3
657, 3
1189094, 3
568519, 3
1098071, 3
1222058, 3
554383, 3
734086, 3
1199023, 3
1229166, 3
571548, 3
560639, 3
1224443, 3
8487, 3
1095976, 3
1096470, 3
1207827, 3
26113, 3
1373701, 3
973524, 3
675025, 3
1516749, 3
1210475, 3
560981, 3
552177, 3
1276433, 3
1191293, 3
634706, 3
1101184, 3
1021384, 3
1204920, 3
1226189, 3
1225619, 3
1043831, 3
1225565, 3
1209392, 3
1192022, 3
1093958, 3
1193917, 3
1022834, 3
1025495, 3
1026521, 3
1246576, 3
12145, 3
1213320, 3
1042377, 3
1093543, 3
15148, 3
770510, 3
11328, 3
754804, 3
1047709, 3
2878, 3
1028117, 3
1199802, 3
1220652, 3
21344, 3
604583, 3
1201184, 3
1212416, 3
1206177, 3
1022169, 3
626068, 3
1173190, 3
3805, 3
772322, 3
1341750, 3
768203, 3
1095263, 3
1193187, 3
1096135, 3
1103346, 3
1212180, 3
1098606, 3
1232252, 3
756672, 3
1223615, 3
757449, 3
1093954, 3
1029633, 3
473, 3
5869, 3
1210794, 3
1008823, 3
558335, 3
1211708, 3
505512, 3
727084, 3
1096118, 3
1219292, 3
1095841, 3
1189822, 3
1203555, 3
1020023, 3
720853, 3
1097377, 3
1208080, 3
1203061, 3
541628, 3
1200384, 3
1224990, 3
1223263, 3
1192524, 3
1093975, 3
1190388, 3
778481, 3
1212829, 3
1097559, 3
1369873, 3
1048150, 3
1180438, 3
20331, 3
1103109, 3
1341727, 3
1191390, 3
850485, 3
560374, 3
1208689, 3
734426, 3
30096, 3
704145, 3
1233367, 3
1519437, 3
20714, 3
1046782, 3
1048490, 3
756042, 3
1079605, 3
675324, 3
643945, 3
1039411, 3
1211682, 3
1211814, 3
865141, 3
1212429, 3
1022459, 3
1042170, 3
17546, 3
776356, 3
1016283, 3
776122, 3
1095895, 3
20746, 3
1097209, 3
754280, 3
1200058, 3
1023302, 3
1039421, 3
1027976, 3
3311, 3
1223249, 3
17143, 3
23318, 3
1182455, 3
1215373, 3
555650, 3
2147, 3
704992, 3
752529, 3
1224255, 3
1076987, 3
1020611, 3
722666, 3
21521, 3
1197556, 3
1215322, 3
1077485, 3
1205215, 3
1094482, 3
1096546, 3
1034329, 3
1225548, 3
866474, 3
16610, 3
1181502, 3
756340, 3
728693, 3
1023301, 3
1516822, 3
1176813, 3
560326, 3
779096, 3
573369, 3
17071, 3
1208850, 3
1229195, 3
1026517, 3
1216371, 3
554064, 3
1181265, 3
1095848, 3
1093960, 3
541055, 3
1097257, 3
569272, 3
1102179, 3
1213563, 3
1221960, 3
27949, 3
1022590, 3
20240, 3
1219591, 3
752558, 3
38802, 3
1016338, 3
1099265, 3
1096651, 3
1095852, 3
1043583, 3
1222167, 3
1207348, 3
20526, 3
1207677, 3
1208393, 3
1021684, 3
561703, 3
556239, 3
1518901, 3
531842, 3
541327, 3
1216045, 3
1189374, 3
1057787, 3
1217840, 3
1357139, 3
1210649, 3
1192081, 3
37747, 3
1097574, 3
1245903, 3
569514, 3
755110, 3
1096601, 3
721312, 3
1178163, 3
1029442, 3
1203138, 3
770632, 3
1093826, 3
1196212, 3
1211188, 3
1105178, 3
1097562, 3
1204725, 3
1197006, 3
1207466, 3
1214271, 3
1198560, 3
765207, 3
1097050, 3
2224723, 3
1516677, 3
1228600, 3
2232244, 3
1194658, 3
1021788, 3
1226790, 3
1220971, 3
8466, 3
1097422, 3
1097094, 3
1146, 3
1203898, 3
17786, 3
1097238, 3
1190131, 3
1195803, 3
1026590, 3
1080201, 3
1194700, 3
2240085, 3
754639, 3
27502, 3
1096931, 3
1195001, 3
1191880, 3
1078503, 3
27805, 3
698252, 3
769349, 3
1225694, 3
758390, 3
8622, 3
1216811, 3
1223934, 3
1210499, 3
1216117, 3
1205559, 3
1094905, 3
1093769, 3
1182785, 3
556210, 3
21507, 3
758845, 3
2227942, 3
582794, 3
1097773, 3
1035645, 3
761219, 3
1199206, 3
995204, 3
1001080, 3
1096640, 3
1227498, 3
1020723, 3
1210681, 3
558907, 3
1219224, 3
541253, 3
1216596, 3
16517, 3
3795, 3
8766, 3
1096133, 3
505362, 3
29466, 3
1519780, 3
1192969, 3
1247230, 3
1232156, 3
698223, 3
29721, 3
1200036, 3
2219132, 3
1028226, 3
759087, 3
557663, 3
1201361, 3
560334, 3
1044095, 3
17048, 3
1214602, 3
1200500, 3
849763, 3
30045, 3
1014204, 3
1205712, 3
1206398, 3
1225209, 3
1519735, 3
30744, 3
556620, 3
2226450, 3
1099280, 3
1190998, 3
27863, 3
760341, 3
1196438, 3
1214873, 3
753838, 3
1004376, 3
1080801, 3
758914, 3
1101788, 3
2226705, 3
762049, 3
11481, 3
1209762, 3
1101720, 3
771487, 3
1245816, 3
1099702, 3
1405, 3
1097217, 3
1519418, 3
1215820, 3
1219842, 3
1205400, 3
1246908, 3
753281, 3
1075952, 3
1101719, 3
1220671, 3
2754174, 3
1211756, 3
866638, 3
1096225, 3
1042286, 3
7372, 3
568350, 3
1028264, 3
1077015, 3
632711, 3
1209166, 3
1193728, 3
2240989, 3
1093635, 3
1279318, 3
600221, 3
21476, 3
1027162, 3
1033804, 3
1026638, 3
1035155, 3
1197764, 3
10910, 3
1213651, 3
12723, 3
7379, 3
3468, 3
1192817, 3
578628, 3
696659, 3
1213195, 3
1097290, 3
697451, 3
1095996, 3
1016109, 3
1191378, 3
1200299, 3
19727, 3
2215906, 3
1199335, 3
1212503, 3
1021298, 3
9248, 3
775564, 3
1245453, 3
1404786, 3
1227300, 3
1228079, 3
560966, 3
1078797, 3
30957, 3
1079552, 3
1197086, 3
1096390, 3
618964, 3
1027965, 3
1221387, 3
846, 3
1225178, 3
1026501, 3
1201936, 3
1102633, 3
1026855, 3
4575, 3
580155, 3
1095966, 3
1206887, 3
1034470, 3
1191741, 3
1100161, 3
753759, 3
25988, 3
1216701, 3
27808, 3
19866, 3
540915, 3
2646941, 3
1219834, 3
866493, 3
1102757, 3
21332, 3
1096045, 3
707470, 3
1223680, 3
1228035, 3
1096211, 3
19123, 3
662599, 3
1194369, 3
1223426, 3
1206188, 3
1197218, 3
208, 3
633403, 3
1176720, 3
22238, 3
1181658, 3
6160, 3
1199653, 3
1029903, 3
763252, 3
1228402, 3
1220880, 3
600174, 3
1016241, 3
557159, 3
1190471, 3
732175, 3
5512, 3
1023179, 3
628647, 3
1021658, 3
13869, 3
8985, 3
1225963, 3
2218092, 3
1022619, 3
1096007, 3
779478, 3
1698, 3
1096720, 3
1194580, 3
1094594, 3
28087, 3
1097356, 3
1102425, 3
556509, 3
1220680, 3
757939, 3
1211908, 3
541177, 3
1247013, 3
1023215, 3
1094757, 3
676828, 3
1104013, 3
1220025, 3
9318, 3
22617, 3
753464, 3
565400, 3
1095782, 3
1215295, 3
1042627, 3
1095859, 3
756068, 3
1210272, 3
866811, 3
1173615, 3
1201054, 3
1209904, 3
541441, 3
12741, 3
1087512, 3
22488, 3
1276702, 3
772863, 3
504945, 3
6205, 3
667288, 3
22693, 3
1238580, 3
1047667, 3
15217, 3
768476, 3
581217, 3
1216024, 3
540828, 3
16061, 3
1223538, 3
630403, 3
1102188, 3
1217309, 3
1220312, 3
1094299, 3
752511, 3
1096726, 3
1225683, 3
1246215, 3
1206469, 3
1194835, 3
19864, 3
1097292, 3
1093875, 3
27499, 3
1103604, 3
557362, 3
1079160, 3
1192550, 3
1402326, 3
1094395, 3
1049288, 3
1211409, 3
1188125, 3
19505, 3
567744, 3
730945, 3
1042331, 3
1199990, 3
1026484, 3
1223428, 3
5223, 3
1200842, 3
557506, 3
703299, 3
561664, 3
1522945, 3
1093818, 3
1039441, 3
1080096, 3
24149, 3
1104020, 3
1016601, 3
1205521, 3
1178528, 3
542869, 3
1181008, 3
1201687, 3
1236949, 3
1195251, 3
1027939, 3
24468, 3
1522003, 3
510646, 3
1189984, 3
1203257, 3
560093, 3
1095213, 3
2217773, 3
555517, 3
1096716, 3
1222430, 3
1525363, 3
1220345, 3
1096327, 3
1198346, 3
26220, 3
1217373, 3
600055, 3
1039725, 3
756051, 3
1044241, 3
1196231, 3
10553, 3
559064, 3
29491, 3
1274449, 3
639138, 3
1096155, 3
16721, 3
1096169, 3
677489, 3
18042, 3
780709, 3
1195623, 3
554615, 3
1227796, 3
17077, 3
1341647, 3
1029262, 3
1204146, 3
1245792, 3
2218987, 3
1524494, 3
1400588, 3
1205493, 3
1191902, 3
1103498, 3
1199841, 3
1519680, 3
568713, 3
1017360, 3
1212683, 3
1102706, 3
756074, 3
1021284, 3
1220482, 3
1222796, 3
1017243, 3
1197357, 3
1195832, 3
27494, 3
1094345, 3
2232273, 3
696500, 3
1224715, 3
642363, 3
1523231, 3
1096440, 3
1080057, 3
1183276, 3
1096517, 3
1379411, 3
1210912, 3
8377, 3
1216937, 3
1210304, 3
1016637, 3
758457, 3
1021712, 3
1394047, 3
1022060, 3
1097604, 3
1214160, 3
1027840, 3
1096374, 3
756501, 3
642228, 3
707391, 3
767605, 3
1072655, 3
1199160, 3
849504, 3
1096570, 3
27975, 3
1025478, 3
974768, 3
1202442, 3
1184780, 3
28996, 3
1204696, 3
1216958, 3
504948, 3
21904, 3
1214188, 3
1218820, 3
1205259, 3
557311, 3
1222496, 3
1048554, 3
540714, 3
1228100, 3
35035, 3
11306, 3
1080508, 3
1179660, 3
1192534, 3
30618, 3
1204645, 3
1207148, 3
1215307, 3
1019809, 3
1198868, 3
38307, 3
505071, 3
558597, 3
1219335, 3
1314, 3
759276, 3
675546, 3
568286, 3
1049221, 3
686949, 3
1026719, 3
1044462, 3
30415, 3
639149, 3
1045503, 3
1200468, 3
1022117, 3
1180187, 3
859874, 3
13593, 3
1016582, 3
1209310, 3
556855, 3
758435, 3
1246554, 3
1237028, 3
1218647, 3
1027972, 3
706624, 3
1096449, 3
1097372, 3
769295, 3
1278982, 3
14963, 3
775765, 3
1047341, 3
1246338, 3
1193478, 3
729632, 3
1199318, 3
2024042, 3
1038840, 3
1093855, 3
1043221, 3
1022026, 3
1208295, 3
558700, 3
2139, 3
731832, 3
1190688, 3
16780, 3
780728, 3
1207853, 3
1021772, 3
9881, 3
1246814, 3
1179411, 3
1204606, 3
15722, 3
1247192, 3
1219369, 3
1193824, 3
1020025, 3
1027927, 3
559171, 3
1218561, 3
1202113, 3
752527, 3
1022032, 3
7211, 3
23386, 3
531656, 3
1225682, 3
1219211, 3
770748, 3
1028107, 3
1211143, 3
720593, 3
1210100, 3
1224982, 3
1103664, 3
1246623, 3
754795, 3
1190062, 3
1247654, 3
1224062, 3
1245530, 3
2217332, 3
1246963, 3
22041, 3
1195161, 3
647343, 3
1093723, 3
1028347, 3
1211764, 3
1196552, 3
1196595, 3
1209678, 3
777469, 3
1021790, 3
1245806, 3
1246361, 3
1220481, 3
1518035, 3
22472, 3
1200936, 3
1203063, 3
22694, 3
11152, 3
1247627, 3
768968, 3
19967, 3
861696, 3
1093625, 3
758546, 3
1208915, 3
28218, 3
30386, 3
1238854, 3
2228066, 3
1216112, 3
1225948, 3
1519048, 3
1521285, 3
1035116, 3
601257, 3
1223126, 3
1023310, 3
6319, 3
777879, 3
18105, 3
1206630, 3
1211572, 3
1276679, 3
760476, 3
1226626, 3
4472, 3
699575, 3
8388, 3
556925, 3
1520421, 3
638445, 3
555077, 3
28270, 3
561426, 3
1225437, 3
849263, 3
1199966, 3
1228001, 3
1516638, 3
758977, 3
752656, 3
541360, 3
1203832, 3
1219608, 3
13666, 3
1106061, 3
1198692, 3
27674, 3
1035266, 3
1224440, 3
26002, 3
1246385, 3
1209335, 3
1216956, 3
1190267, 3
1045326, 3
2225349, 3
1247427, 3
891854, 3
1228952, 3
752590, 3
1093552, 3
1095774, 3
1213258, 3
571312, 3
1521430, 3
1211052, 3
22126, 3
542733, 3
1225098, 3
1102015, 3
1221574, 3
1868, 3
35248, 3
1206441, 3
1022314, 3
1007976, 3
1017186, 3
1022713, 3
1207034, 3
1106034, 3
1205500, 3
1349418, 3
2225828, 3
777636, 3
1106158, 3
1094297, 3
1220782, 3
1046078, 3
1095821, 3
1238663, 3
553918, 3
1190198, 3
638137, 3
771248, 3
761260, 3
600049, 3
2038455, 3
757150, 3
17633, 3
1188249, 3
766026, 3
1179513, 3
1102313, 3
1212956, 3
1097415, 3
1365, 3
1199028, 3
1017241, 3
1199961, 3
560637, 3
1097119, 3
510277, 3
1212011, 3
1294847, 3
1191753, 3
556896, 3
510638, 3
1078637, 3
1219396, 3
1216073, 3
19846, 3
601287, 3
20576, 3
1217992, 3
1245709, 3
8648, 3
1191553, 3
1176448, 3
1094145, 3
505229, 3
21502, 3
753529, 3
1212396, 3
1033973, 3
728271, 3
760991, 3
1247077, 3
35701, 3
640553, 3
505268, 3
1021700, 3
759409, 3
2240530, 3
1103678, 3
1191527, 3
753826, 3
21073, 3
697111, 3
2224774, 3
1098700, 3
1095997, 3
8716, 3
1287942, 3
1207941, 3
3205, 3
14325, 3
1096625, 3
1274243, 3
1207696, 3
1213062, 3
1357400, 3
1208346, 3
768605, 3
1093734, 3
1026530, 3
27454, 3
722866, 3
753347, 3
1246855, 3
11794, 3
1023306, 3
643288, 3
1209329, 3
29736, 3
625628, 3
1173391, 3
21453, 3
1245867, 3
20059, 3
14429, 3
1103046, 3
1102863, 3
556220, 3
1333433, 3
1189776, 3
1215521, 3
1218466, 3
1076681, 3
1347880, 3
1048330, 3
675286, 3
2219163, 3
4288, 3
2217778, 3
1095903, 3
1220784, 3
554446, 3
1096031, 3
1195317, 3
773663, 3
1210801, 3
1374616, 3
773512, 3
1217195, 3
1225874, 3
978098, 3
22561, 3
1097070, 3
1102518, 3
561246, 3
4934, 3
555474, 3
561641, 3
1220111, 3
1516618, 3
2228271, 3
1195809, 3
1205489, 3
1193557, 3
21455, 3
15281, 3
767419, 3
1203862, 3
1225937, 3
1097461, 3
16371, 3
1017229, 3
1216002, 3
984714, 3
1232124, 3
776258, 3
38008, 3
1177922, 3
764913, 3
7245, 3
556767, 3
616026, 3
31355, 3
1232035, 3
1097271, 3
1096282, 3
545348, 3
8207, 3
1097039, 3
1246287, 3
755903, 3
1386640, 3
22403, 3
863758, 3
1199033, 3
1019738, 3
1095720, 3
1279798, 3
1026401, 3
863002, 3
21739, 3
1021404, 3
1095945, 3
17612, 3
1246297, 3
1197782, 3
866308, 3
1022201, 3
569686, 3
755569, 3
1205451, 3
1217378, 3
1221626, 3
1219448, 3
1094281, 3
3317, 3
554828, 3
560331, 3
1078517, 3
1106293, 3
1099081, 3
546279, 3
1104130, 3
29631, 3
1020118, 3
1224185, 3
1246340, 3
554117, 3
771126, 3
1227242, 3
1021366, 3
1247275, 3
1206194, 3
1021397, 3
2217537, 3
1227115, 3
1102100, 3
1216033, 3
1201354, 3
753511, 3
11582, 3
1096296, 3
1218016, 3
1026731, 3
1216032, 3
1522389, 3
1199635, 3
753123, 3
1023325, 3
685528, 3
774614, 3
859136, 3
2217266, 3
560573, 3
21161, 3
3344, 3
1048325, 3
1215345, 3
510188, 3
28029, 3
1272417, 3
758642, 3
1027902, 3
1104514, 3
731715, 3
556802, 3
1203265, 3
554803, 3
1246888, 3
24402, 3
29570, 3
560278, 3
1096136, 3
1096418, 3
1216844, 3
542776, 3
698647, 3
1212826, 3
1197625, 3
754415, 3
37276, 3
20676, 3
1022955, 3
555363, 3
542064, 3
582826, 3
1224381, 3
504877, 3
9767, 3
559653, 3
1220495, 3
1217453, 3
1095536, 3
1096308, 3
1080358, 3
1196908, 3
1028342, 3
5215, 3
1219628, 3
1210098, 3
699368, 3
1204676, 3
1026692, 3
1519860, 3
567702, 3
1225258, 3
1246218, 3
1518393, 3
1210466, 3
1193106, 3
778193, 3
774293, 3
770642, 3
1220558, 3
35647, 3
1016638, 3
766330, 3
560431, 3
1197911, 3
1039381, 3
1516655, 3
1200831, 3
1219233, 3
755448, 3
1201369, 3
1227561, 3
1207990, 3
1195178, 3
1212324, 3
1246558, 3
1093938, 3
504583, 3
1195485, 3
1245740, 3
1021272, 3
1189357, 3
1209512, 3
1288318, 3
1198762, 3
1177859, 3
1206147, 3
757009, 3
1346382, 3
541538, 3
32758, 3
1981530, 3
6955, 3
1220618, 3
1192270, 3
10835, 3
24615, 3
1097153, 3
1023360, 3
19521, 3
1218972, 3
696580, 3
1035923, 3
557025, 3
754794, 3
672360, 3
1176642, 3
23446, 3
752939, 3
1210188, 3
28787, 3
7392, 3
16391, 3
1022206, 3
1209382, 3
1047328, 3
1209313, 3
1208331, 3
1222470, 3
11431, 3
1021295, 3
755583, 3
733581, 3
557979, 3
1021317, 3
1185804, 3
1520698, 3
771217, 3
1221997, 3
683925, 3
1147664, 3
1078497, 3
780913, 3
1220526, 3
8056, 3
1048852, 3
1216761, 3
16190, 3
21207, 3
1095751, 3
1105501, 3
1228122, 3
1025409, 3
1095685, 3
18480, 3
1097670, 3
757874, 3
1095854, 3
761893, 3
1096352, 3
752693, 3
1071216, 3
1077722, 3
1022157, 3
1119, 3
680421, 3
729971, 3
16025, 3
11433, 3
1211062, 3
1247267, 3
559213, 3
1225564, 3
1223968, 3
1178063, 3
1021304, 3
15531, 3
1202443, 3
1096539, 3
1233942, 3
1202067, 3
555327, 3
2232352, 3
1219329, 3
28410, 3
887324, 3
560219, 3
1096593, 3
1197645, 3
1224424, 3
1199815, 3
1216603, 3
1184335, 3
1228968, 3
762220, 3
23876, 3
568624, 3
1235023, 3
1106358, 3
2912485, 3
560821, 3
677212, 3
554481, 3
7572, 3
2217714, 3
1106334, 3
1021279, 3
1208217, 3
1196868, 3
1099294, 3
1223009, 3
1207384, 3
1025426, 3
1206318, 3
1189057, 3
1370756, 3
1095995, 3
756869, 3
1219354, 3
1079815, 3
1047649, 3
1208316, 3
2232327, 3
1026860, 3
1267031, 3
1224842, 3
1102935, 3
1096302, 3
972892, 3
28094, 3
1198231, 3
1093641, 3
1218316, 3
1043542, 3
1246086, 3
1182800, 3
1226744, 3
1102911, 3
1095815, 3
757158, 3
1080848, 3
27374, 3
1078609, 3
1094046, 3
752514, 3
1246191, 3
556478, 3
1247484, 3
1096473, 3
754949, 3
19042, 3
510417, 3
1229303, 3
2765625, 3
1097340, 3
1076412, 3
684034, 3
22124, 3
1096555, 3
1222111, 3
22628, 3
1026717, 3
1519230, 3
1212065, 3
556084, 3
570556, 3
1034839, 3
23017, 3
559502, 3
1237266, 3
1210835, 3
1200865, 3
1045499, 3
776268, 3
1096714, 3
1217255, 3
1224157, 3
1208275, 3
1224840, 3
1218333, 3
758708, 3
1201287, 3
1095134, 3
1103470, 3
7670, 3
26568, 3
1394190, 3
1200952, 3
1078585, 3
2724101, 3
569759, 3
1211331, 3
26110, 3
1204170, 3
1216200, 3
1229062, 3
505025, 3
1222940, 3
1214465, 3
2369, 3
1326455, 3
1021571, 3
1071835, 3
1189847, 3
1077151, 3
1209547, 3
1026583, 3
752429, 3
1246485, 3
28296, 3
1216911, 3
1022242, 3
995195, 3
1097400, 3
1217520, 3
2234097, 3
23496, 3
1096259, 3
757838, 3
1218829, 3
624769, 3
14288, 3
24018, 3
1211564, 3
1205158, 3
1220905, 3
1227599, 3
766390, 3
759909, 3
1096235, 3
1096452, 3
1213441, 3
510359, 3
1193787, 3
1215021, 3
9130, 3
1232261, 3
1097566, 3
2879, 3
27931, 3
616512, 3
559612, 3
966802, 3
1185945, 3
2223079, 3
1207600, 3
27880, 3
1095587, 3
1096409, 3
569491, 3
1097504, 3
1102498, 3
18124, 3
1094642, 3
628637, 3
1641378, 3
1191090, 3
752474, 3
560947, 3
557161, 3
1200409, 3
1194697, 3
1517031, 3
1218585, 3
22994, 3
1215590, 3
1019595, 3
1199763, 3
1271166, 3
1042362, 3
1211536, 3
1519556, 3
704436, 3
1223198, 3
1211740, 3
755825, 3
569523, 3
1044945, 3
1278734, 3
1224130, 3
1430706, 3
1661354, 3
27655, 3
1022731, 3
680576, 3
1097221, 3
732343, 3
26983, 3
30293, 3
1210996, 3
1093893, 3
2763164, 3
567714, 3
2646989, 3
5571, 3
4468, 3
755125, 3
1014342, 3
1213691, 3
511, 3
756665, 3
556075, 3
1223394, 3
1224655, 3
1103536, 3
1204135, 3
1017345, 3
1071274, 3
31417, 3
560928, 3
1517791, 3
1221841, 3
983589, 3
768092, 3
1188392, 3
9769, 3
1038799, 3
1096750, 3
645340, 3
1079198, 3
1208778, 3
867561, 3
1022205, 3
1289263, 3
13259, 3
17371, 3
1232342, 3
1191010, 3
772082, 3
1182551, 3
1368579, 3
623038, 3
778512, 3
997055, 3
1045888, 3
757894, 3
1226310, 3
12797, 3
13676, 3
5168, 3
639662, 3
1213743, 3
19484, 3
1520345, 3
1096421, 3
1215170, 3
1215832, 3
683949, 3
1197831, 3
680182, 3
567763, 3
1173833, 3
1517964, 3
753568, 3
1096490, 3
2217885, 3
510460, 3
1209194, 3
1245487, 3
1043471, 3
755166, 3
1095888, 3
1220810, 3
1097196, 3
1097191, 3
2032699, 3
541694, 3
1194785, 3
1075937, 3
1029294, 3
1095346, 3
758437, 3
1043236, 3
756401, 3
626136, 3
1197813, 3
1246173, 3
554866, 3
639714, 3
1189159, 3
1209149, 3
2226391, 3
1207917, 3
606912, 3
1247213, 3
1220617, 3
1205330, 3
25977, 3
1246350, 3
755363, 3
1033732, 3
699469, 3
1224028, 3
1215092, 3
758184, 3
1023284, 3
28969, 3
1521505, 3
1093615, 3
1208052, 3
2228583, 3
1064456, 3
1645234, 3
1190224, 3
1198230, 3
23052, 3
753642, 3
1009, 3
1080297, 3
1011858, 3
1094528, 3
1181417, 3
1096443, 3
1043209, 3
1101803, 3
7573, 3
26580, 3
1225965, 3
555836, 3
1178538, 3
1225649, 3
705127, 3
1093669, 3
1018147, 3
1516882, 3
1042412, 3
1641247, 3
1204327, 3
1246052, 3
1004373, 3
1095759, 3
1204183, 3
582367, 3
1246916, 3
1023312, 3
1096251, 3
541868, 3
1220293, 3
867649, 3
1191630, 3
1222933, 3
1216782, 3
1228927, 3
1102441, 3
1180220, 3
1189726, 3
1192666, 3
1245849, 3
1245604, 3
1218176, 3
1212373, 3
580324, 3
1207835, 3
23181, 3
1227321, 3
1204399, 3
1639830, 3
1022543, 3
1058499, 3
1045742, 3
755346, 3
557181, 3
1217321, 3
1028018, 3
1023143, 3
1237723, 3
1218211, 3
667283, 3
1198669, 3
772400, 3
1374069, 3
1178393, 3
1034698, 3
1021728, 3
1044011, 3
557028, 3
1195884, 3
1093576, 3
1222030, 3
1212573, 3
1216905, 3
24618, 3
555438, 3
1103566, 3
5106, 3
1205026, 3
33314, 3
685014, 3
1096531, 3
638687, 3
1245669, 3
2232614, 3
1347317, 3
1226896, 3
1246974, 3
1029418, 3
1077556, 3
569424, 3
1194766, 3
1226606, 3
1021656, 3
31205, 3
1521103, 3
753602, 3
1093775, 3
769048, 3
557384, 3
561063, 3
555321, 3
1212092, 3
770379, 3
1214694, 3
1211532, 3
759657, 3
1217948, 3
707727, 3
1103296, 3
641353, 3
1097530, 3
16380, 3
1104888, 3
1191887, 3
1204813, 3
1017184, 3
1225953, 3
1070631, 3
2895, 3
27662, 3
1043057, 3
1219154, 3
23244, 3
1016604, 3
1195424, 3
20108, 3
568744, 3
18737, 3
1035353, 3
1377823, 3
1196931, 3
1211119, 3
1214557, 3
1196273, 3
1199718, 3
1245791, 3
1218116, 3
1187899, 3
1029403, 3
20936, 3
1297017, 3
1180690, 3
754092, 3
1191927, 3
567873, 3
1097510, 3
1215647, 3
684506, 3
777326, 3
1208682, 3
1096276, 3
1224143, 3
556362, 3
667360, 3
1027844, 3
25731, 3
1210882, 3
866883, 3
1223019, 3
554216, 3
1222957, 3
1102976, 3
1022657, 3
557722, 3
1214391, 3
1072922, 3
1180067, 3
6027, 3
1220292, 3
1044234, 3
1282896, 3
726091, 3
1022033, 3
720847, 3
1246082, 3
29526, 3
1298961, 3
1208073, 3
1217156, 3
1205087, 3
2218281, 3
1209452, 3
1221607, 3
1048096, 3
1097569, 3
1077288, 3
600052, 3
1023003, 3
1104352, 3
22998, 3
1216646, 3
2763417, 3
1093812, 3
2041, 3
1198883, 3
1518109, 3
705039, 3
868019, 3
1219675, 3
2017534, 3
752715, 3
753277, 3
1189829, 3
27411, 3
1185754, 3
756705, 3
558911, 3
1094385, 3
5391, 3
771922, 3
1208711, 3
1026725, 3
571146, 3
669317, 3
1226045, 3
1522348, 3
1178140, 3
1196445, 3
9625, 3
1099322, 3
5305, 3
760162, 3
2052153, 3
22646, 3
2672, 3
1247035, 3
1181376, 3
12546, 3
1232029, 3
9371, 3
29932, 3
768887, 3
555182, 3
1026792, 3
760501, 3
1195007, 3
1095745, 3
772638, 3
1096467, 3
1193675, 3
1214692, 3
23357, 3
20645, 3
1192497, 3
1097306, 3
1220851, 3
1245494, 3
1226107, 3
1204836, 3
21712, 3
1203735, 3
25288, 3
1016620, 3
568081, 3
4471, 3
1200190, 3
614185, 3
601200, 3
1390563, 3
1079203, 3
777786, 3
1219040, 3
1226669, 3
1222164, 3
570194, 3
1179486, 3
1220840, 3
1220299, 3
504922, 3
31502, 3
1213821, 3
1195657, 3
1224495, 3
778510, 3
28600, 3
2217085, 3
996954, 3
1199681, 3
555050, 3
1219609, 3
1245864, 3
29883, 3
1027967, 3
1277299, 3
555669, 3
556954, 3
1516702, 3
2648, 3
776890, 3
1017037, 3
1022594, 3
1216909, 3
1208359, 3
1200370, 3
761042, 3
18943, 3
1246128, 3
11404, 3
22688, 3
1518115, 3
20692, 3
1196534, 3
763331, 3
1222314, 3
1193963, 3
20179, 3
1219496, 3
1028299, 3
1219552, 3
1094025, 3
768725, 3
5079, 3
1224900, 3
1205209, 3
1245971, 3
753941, 3
655591, 3
1097156, 3
6376, 3
8758, 3
608516, 3
16386, 3
1205366, 3
554027, 3
20460, 3
1095038, 3
1210753, 3
2218866, 3
1247068, 3
8911, 3
684782, 3
1180012, 3
1096561, 3
1228142, 3
962, 3
755886, 3
1022635, 3
557366, 3
505285, 3
605018, 3
1097091, 3
1226243, 3
1173794, 3
1212836, 3
607990, 3
639904, 3
1212729, 3
1206382, 3
857363, 3
2228616, 3
1211972, 3
1238810, 3
1097489, 3
1105735, 3
1208034, 3
1105326, 3
1211295, 3
1203543, 3
9399, 3
1202958, 3
1192803, 3
1096113, 3
1084826, 3
1213600, 3
29919, 3
1096586, 3
1226063, 3
542896, 3
1019521, 3
1519252, 3
684744, 3
1042921, 3
734322, 3
859095, 3
1213957, 3
1021465, 3
1224111, 3
1232039, 3
2218520, 3
1105036, 3
1221559, 3
2218098, 3
850905, 3
1215262, 3
2011459, 3
1245512, 3
1246247, 3
1228486, 3
1246046, 3
1204721, 3
1211131, 3
866917, 3
556406, 3
640159, 3
861569, 3
1206216, 3
600217, 3
1028411, 3
29647, 3
1225905, 3
1246697, 3
1096008, 3
1028060, 3
570155, 3
1026814, 3
1200529, 3
687091, 3
13595, 3
569008, 3
1333330, 3
600031, 3
22147, 3
759488, 3
966740, 3
1034788, 3
365, 3
3031, 3
1200810, 3
1096447, 3
1188665, 3
676483, 3
1219589, 3
1213690, 3
1239236, 3
2232126, 3
1210124, 3
1228523, 3
7609, 3
1247901, 3
1225767, 3
1026460, 3
759558, 3
1216059, 3
581749, 3
570566, 3
19901, 3
1210844, 3
1093747, 3
675930, 3
1093695, 3
30626, 3
542566, 3
1045487, 3
768570, 3
18229, 3
1218547, 3
1246669, 3
1047680, 3
753299, 3
1223681, 3
15753, 3
1096189, 3
22490, 3
1188974, 3
16801, 3
1017359, 3
1021411, 3
2414, 3
1518836, 3
1219952, 3
1239133, 3
1207963, 3
1095323, 3
25985, 3
570225, 3
1194398, 3
1203894, 3
4564, 3
1079984, 3
1071731, 3
1094342, 3
29366, 3
1102733, 3
1017457, 3
1188157, 3
1022847, 3
1201456, 3
1080485, 3
1213268, 3
1196462, 3
3923, 3
1048319, 3
1209517, 3
558568, 3
1096142, 3
1096496, 3
557074, 3
1219518, 3
758421, 3
1017486, 3
3361, 3
866845, 3
759519, 3
530262, 3
1208774, 3
1200439, 3
1372094, 3
568970, 3
1194417, 3
1226973, 3
651121, 3
1093936, 3
1226242, 3
1022650, 3
1275118, 3
560224, 3
642653, 3
1208660, 3
1217060, 3
10124, 3
1079054, 3
775980, 3
1228034, 3
3352, 3
1194832, 3
752662, 3
753612, 3
1097419, 3
759064, 3
1034087, 3
1078709, 3
1026899, 3
1246773, 3
1222469, 3
1225812, 3
1046809, 3
2218817, 3
6250, 3
636959, 3
1217344, 3
731411, 3
510760, 3
620058, 3
1247742, 3
1022646, 3
1238868, 3
530998, 3
1195819, 3
1029811, 3
849758, 3
1022072, 3
726669, 3
1246223, 3
1097490, 3
1076053, 3
285, 3
1208472, 3
1368210, 3
20533, 3
753783, 3
767219, 3
1209371, 3
9969, 3
1104706, 3
1077617, 3
707473, 3
15223, 3
1019710, 3
1224935, 3
1217540, 3
1217054, 3
1096759, 3
555076, 3
757085, 3
568616, 3
1199129, 3
1223632, 3
642462, 3
542948, 3
1093553, 3
1044122, 3
2240049, 3
1289654, 3
849346, 3
1224635, 3
1519495, 3
1209522, 3
1102924, 3
1077001, 3
999143, 3
1095959, 3
774626, 3
1196118, 3
1020060, 3
1026711, 3
28262, 3
21966, 3
561523, 3
1215287, 3
1235473, 3
1239184, 3
1044815, 3
1246320, 3
978258, 3
1245842, 3
1201774, 3
1176389, 3
652036, 3
754881, 3
720789, 3
1195505, 3
684495, 3
1211919, 3
7643, 3
559676, 3
1099875, 3
758806, 3
1034534, 3
1080284, 3
778245, 3
1194880, 3
555335, 3
1198506, 3
1022624, 3
675095, 3
22857, 3
1093717, 3
24608, 3
1191488, 3
1213783, 3
764435, 3
1003, 3
1196189, 3
1182396, 3
558125, 3
1235186, 3
1181353, 3
752531, 3
22744, 3
2230008, 3
1195876, 3
1345171, 3
1232283, 3
13326, 3
1191271, 3
1210557, 3
1100169, 3
1044162, 3
5504, 3
1214447, 3
757007, 3
1232070, 3
15204, 3
16502, 3
1209372, 3
1077322, 3
1238877, 3
1097010, 3
1246099, 3
1246303, 3
1214327, 3
555869, 3
1205150, 3
1200079, 3
554323, 3
1102191, 3
1222168, 3
1094099, 3
2809, 3
763191, 3
674341, 3
1198383, 3
1218941, 3
1102484, 3
540730, 3
1227099, 3
1200893, 3
1097447, 3
1095717, 3
1226152, 3
1215016, 3
1190968, 3
9312, 3
1078316, 3
20122, 3
7155, 3
1209478, 3
1193958, 3
27428, 3
555256, 3
1078932, 3
643930, 3
1026495, 3
22668, 3
1045431, 3
1246469, 3
27921, 3
1245618, 3
1094851, 3
772609, 3
1246105, 3
1017132, 3
1374684, 3
1224642, 3
1096658, 3
1191988, 3
1247203, 3
1227774, 3
1046793, 3
1047345, 3
561635, 3
1246802, 3
617426, 3
3516, 3
504712, 3
2232516, 3
1028332, 3
571057, 3
2955, 3
1224097, 3
559511, 3
504563, 3
1341203, 3
881807, 3
1189893, 3
1026847, 3
1097359, 3
676599, 3
1206689, 3
1229026, 3
1341046, 3
1213812, 3
1223938, 3
1201674, 3
1087235, 3
1096594, 3
1182544, 3
2225589, 3
1221074, 3
17678, 3
1100151, 3
566287, 3
9770, 3
1096101, 3
1218445, 3
1040889, 3
1047494, 3
1216011, 3
778578, 3
1101713, 3
1227223, 3
1022067, 3
1193140, 3
757761, 3
12492, 3
1205450, 3
760405, 3
1216597, 3
4993, 3
1227379, 3
754724, 3
1205066, 3
1223319, 3
1221412, 3
1094663, 3
1226129, 3
1199865, 3
1198007, 3
1018086, 3
672322, 3
1200086, 3
1017427, 3
1219392, 3
1035518, 3
1392117, 3
756309, 3
1215921, 3
1192695, 3
1209048, 3
1097139, 3
601401, 3
753675, 3
1103128, 3
1021702, 3
2247, 3
1022976, 3
1194841, 3
556744, 3
1188541, 3
1225385, 3
1774805, 3
755904, 3
11840, 3
7205, 3
18619, 3
1345555, 3
1021166, 3
754967, 3
1097553, 3
1238933, 3
1245333, 3
1020164, 3
1206300, 3
560456, 3
1197893, 3
1189917, 3
1093790, 3
1198573, 3
553948, 3
31115, 3
1095961, 3
1213277, 3
1096138, 3
754429, 3
9901, 3
773097, 3
27996, 3
1173429, 3
1079574, 3
863293, 3
510629, 3
1218456, 3
766480, 3
774598, 3
706273, 3
19112, 3
1096614, 3
2219121, 3
1223002, 3
1043475, 3
728279, 3
1095925, 3
1214706, 3
1518054, 3
557509, 3
1103039, 3
624889, 3
7648, 3
1079707, 3
1045350, 3
1197447, 3
863362, 3
1203604, 3
1105026, 3
1045534, 3
1522556, 3
562042, 3
1217034, 3
865491, 3
1220625, 3
1096027, 3
19767, 3
1021278, 3
11844, 3
1225734, 3
850862, 3
28889, 3
1180956, 3
1180667, 3
1095284, 3
697156, 3
1096579, 3
1245501, 3
1212193, 3
2226454, 3
756201, 3
27490, 3
753362, 3
27562, 3
559951, 3
1217299, 3
757405, 3
1218960, 3
1102842, 3
649472, 3
1097496, 3
558066, 3
865937, 3
1213317, 3
996948, 3
1232245, 3
667371, 3
1016223, 3
726705, 3
2242050, 3
774904, 3
1219850, 3
1034837, 3
1226043, 3
7625, 3
1068167, 3
1217593, 3
1228381, 3
1181096, 3
1101023, 3
18974, 3
1224438, 3
1207738, 3
1209206, 3
605486, 3
559276, 3
1034287, 3
735529, 3
1195368, 3
20925, 3
1227943, 3
1246723, 3
1101073, 3
1220792, 3
21941, 3
558772, 3
16503, 3
1222380, 3
1095826, 3
1221667, 3
5712, 3
1246244, 3
1192935, 3
1096201, 3
2232492, 3
669923, 3
2014966, 3
555784, 3
1188410, 3
1106202, 3
1017370, 3
530709, 3
754373, 3
1022045, 3
1043943, 3
557396, 3
1221612, 3
1211038, 3
1182466, 3
7466, 3
1272179, 3
1097572, 3
1207444, 3
18781, 3
559513, 3
1200366, 3
1214984, 3
14423, 3
1196750, 3
1026573, 3
1226273, 3
600576, 3
616616, 3
757151, 3
1106146, 3
1193355, 3
30751, 3
1213893, 3
1210674, 3
1186786, 3
697121, 3
1217053, 3
1094593, 3
1096562, 3
1198625, 3
1208313, 3
1106192, 3
1183026, 3
693892, 3
1189441, 3
777513, 3
19516, 3
779720, 3
1211121, 3
1197873, 3
1195268, 3
1017487, 3
1009594, 3
1504268, 3
1095694, 3
1022104, 3
1216089, 3
1097426, 3
1245711, 3
20373, 3
1210680, 3
1103573, 3
4242, 3
1363556, 3
866805, 3
1041603, 3
1211268, 3
1027877, 3
1076597, 3
1226551, 3
729062, 3
1217353, 3
1101789, 3
683919, 3
1227059, 3
1198275, 3
1217937, 3
1209447, 3
1197419, 3
1225620, 3
1093701, 3
758397, 3
998433, 3
1102974, 3
1205028, 3
1094521, 3
1246181, 3
616615, 3
1226862, 3
1216908, 3
1194174, 3
1095989, 3
1222160, 3
1106122, 3
1180504, 3
1095743, 3
1205419, 3
1080584, 3
1224195, 3
1247238, 3
1209362, 3
1194849, 3
568474, 3
20083, 3
568511, 3
1105761, 3
1221937, 3
12843, 3
18662, 3
1205130, 3
721702, 3
18279, 3
1102822, 3
1201790, 3
1272321, 3
779016, 3
1097327, 3
1193099, 3
5996, 3
1245765, 3
1209182, 3
684193, 3
1028112, 3
1200806, 3
1022551, 3
1191003, 3
1198597, 3
2218358, 3
763941, 3
1207023, 3
21826, 3
1208232, 3
1385, 3
18501, 3
1245748, 3
546798, 3
1207026, 3
1101623, 3
1096761, 3
568851, 3
2228476, 3
1228505, 3
2242328, 3
600663, 3
1028041, 3
570192, 3
1194337, 3
1209795, 3
1106081, 3
1200652, 3
1200171, 3
1103645, 3
1188721, 3
1224069, 3
770881, 3
1177925, 3
1210071, 3
755236, 3
1213083, 3
1224623, 3
725219, 3
29114, 3
20819, 3
15237, 3
19003, 3
1223203, 3
756904, 3
1218566, 3
1093773, 3
1047701, 3
1209162, 3
1222055, 3
571581, 3
769734, 3
1027990, 3
860790, 3
9945, 3
583499, 3
1204347, 3
1222439, 3
18742, 3
1219060, 3
754261, 3
4971, 3
677617, 3
1205641, 3
1220141, 3
818263, 3
645514, 3
1207964, 3
1026835, 3
1095897, 3
571288, 3
1078636, 3
1096053, 3
1217356, 3
1223930, 3
707466, 3
17921, 3
1101785, 3
1247109, 3
1219109, 3
1522333, 3
1179023, 3
1205269, 3
1096872, 3
1210214, 3
1199218, 3
23866, 3
1208415, 3
1190638, 3
30408, 3
757541, 3
756224, 3
1212799, 3
1236003, 3
770472, 3
1197634, 3
1208264, 3
1096293, 3
11924, 3
1191182, 3
1212401, 3
998306, 3
667377, 3
1033897, 3
1105549, 3
767014, 3
22523, 3
29205, 3
1219073, 3
1222679, 3
759270, 3
2231280, 3
1205801, 3
2514049, 3
752958, 3
1093683, 3
776689, 3
559452, 3
6224, 3
1213124, 3
1227772, 3
1217802, 3
1196350, 3
1021747, 3
1093584, 3
850068, 3
758584, 3
1213459, 3
1225945, 3
1028300, 3
1105711, 3
669688, 3
1247339, 3
1047232, 3
30330, 3
645124, 3
1247196, 3
570880, 3
560521, 3
554903, 3
1095939, 3
1196939, 3
554944, 3
17375, 3
1220666, 3
1226998, 3
1078838, 3
1097362, 3
1247260, 3
617298, 3
18951, 3
1219294, 3
1096500, 3
1069771, 3
1207851, 3
1041879, 3
1203259, 3
559715, 3
1217991, 3
510306, 3
1093804, 3
1192538, 3
1179847, 3
1193815, 3
554568, 3
1105799, 3
1076439, 3
1200281, 3
8719, 3
1042087, 3
615760, 3
1097248, 3
22434, 3
754358, 3
2228455, 3
1211979, 3
249, 3
769508, 3
559481, 3
1095725, 3
1034241, 3
1214926, 3
1097202, 3
1518566, 3
5311, 3
653781, 3
1258701, 3
1025472, 3
1033946, 3
1173548, 3
1096887, 3
1327705, 3
1209413, 3
1017242, 3
1217711, 3
567241, 3
555629, 3
13873, 3
1346119, 3
1218064, 3
1042355, 3
553932, 3
1210429, 3
628633, 3
1189451, 3
1213599, 3
8360, 3
1192701, 3
8850, 3
554698, 3
8631, 3
1221750, 3
1225789, 3
2017054, 3
1198468, 3
18331, 3
554472, 3
1017453, 3
1215106, 3
1033940, 3
27989, 3
16433, 3
754979, 3
1377677, 3
23390, 3
720719, 3
1352540, 3
21188, 3
1022174, 3
777479, 3
1198807, 3
555559, 3
755420, 3
3463, 3
1297871, 3
1220737, 3
1025552, 3
1099855, 3
17228, 3
560203, 3
35493, 3
1102196, 3
6668, 3
764345, 3
541031, 3
2102, 3
2219632, 3
1210450, 3
1213808, 3
1220267, 3
31080, 3
1043176, 3
1190685, 3
4929, 3
766345, 3
31306, 3
1026697, 3
1097634, 3
1042079, 3
560997, 3
1214019, 3
1102481, 3
558867, 3
1232220, 3
1225922, 3
560029, 3
2646928, 3
17998, 3
554492, 3
1220944, 3
753671, 3
15643, 3
1193169, 3
1173701, 3
12306, 3
729006, 3
725605, 3
1094407, 3
1229245, 3
9442, 3
1017341, 3
573465, 3
556904, 3
765470, 3
1096533, 3
12271, 3
405, 3
1035964, 3
1201663, 3
1099094, 3
1020637, 3
985558, 3
1078737, 3
559010, 3
1223142, 3
27402, 3
777295, 3
1196164, 3
1196455, 3
1207558, 3
1093643, 3
687088, 3
1023155, 3
1035599, 3
600051, 3
1194823, 3
1033867, 3
1034618, 3
1199363, 3
997088, 3
14802, 3
561325, 3
1345209, 3
1235462, 3
1200779, 3
1190482, 3
1210642, 3
1105906, 3
1227141, 3
1208272, 3
1202653, 3
1211876, 3
1220426, 3
541249, 3
777541, 3
1105703, 3
1226628, 3
1028101, 3
9186, 3
755485, 3
1023263, 3
1214167, 3
623590, 3
568812, 3
1096323, 3
2231510, 3
1096373, 3
1208906, 3
1192923, 3
158, 3
1104210, 3
1225926, 3
755965, 3
1207428, 3
707987, 3
27252, 3
1246294, 3
1179474, 3
1228929, 3
1218344, 3
644506, 3
1521122, 3
39938, 3
1214384, 3
7007, 3
672186, 3
1026695, 3
541332, 3
1017347, 3
758891, 3
3372, 3
1093559, 3
8573, 3
1173193, 3
2225002, 3
554240, 3
582983, 3
1093550, 3
1091387, 3
1264151, 3
1208885, 3
1220648, 3
28135, 3
1199691, 3
1080066, 3
1102424, 3
504498, 3
1190274, 3
19968, 3
1172875, 3
1096375, 3
556978, 3
1188762, 3
769232, 3
1292799, 3
1193486, 3
559427, 3
557190, 3
1204485, 3
1199306, 4
1007823, 4
1025274, 4
1208650, 4
1223310, 4
864647, 4
1080691, 4
17265, 4
654105, 4
1080372, 4
11507, 4
1215633, 4
1208337, 4
769210, 4
567375, 4
5459, 4
18734, 4
1173100, 4
728614, 4
1178173, 4
1223920, 4
5682, 4
6289, 4
1188977, 4
699554, 4
2221664, 4
1220157, 4
1196306, 4
1220192, 4
1094065, 4
1245607, 4
4402, 4
7582, 4
2120, 4
1206250, 4
777650, 4
1072729, 4
28423, 4
1078755, 4
1178350, 4
1068387, 4
18863, 4
1222794, 4
1227630, 4
2232092, 4
1080634, 4
1206335, 4
1228285, 4
17728, 4
1101671, 4
982664, 4
1206198, 4
1227376, 4
1217602, 4
675740, 4
2210609, 4
1207305, 4
1043525, 4
1224671, 4
1224257, 4
1217930, 4
1183714, 4
1079250, 4
1217651, 4
1190545, 4
36234, 4
1100959, 4
542197, 4
5267, 4
936219, 4
1245835, 4
2666, 4
1078518, 4
1227232, 4
1210052, 4
1035146, 4
568661, 4
1186150, 4
1002080, 4
11919, 4
1196220, 4
767240, 4
1216665, 4
1217157, 4
1218247, 4
1024960, 4
34735, 4
1209084, 4
640045, 4
1213264, 4
1247242, 4
1096790, 4
1225401, 4
1032994, 4
505042, 4
1187881, 4
1183095, 4
8058, 4
1033438, 4
865213, 4
12597, 4
42599, 4
978969, 4
6963, 4
8654, 4
613652, 4
1217849, 4
20110, 4
1184760, 4
569167, 4
19750, 4
15016, 4
1228258, 4
1215181, 4
16421, 4
982448, 4
4985, 4
1179092, 4
761608, 4
33533, 4
1033645, 4
1103397, 4
974769, 4
570940, 4
560131, 4
2231478, 4
1217047, 4
861952, 4
1220875, 4
17240, 4
1214362, 4
772991, 4
1208434, 4
1205721, 4
2232102, 4
10857, 4
1202795, 4
634430, 4
1042181, 4
6258, 4
1032546, 4
6576, 4
850222, 4
1029938, 4
1031523, 4
555845, 4
1098541, 4
1178762, 4
1092222, 4
1210372, 4
1221497, 4
977264, 4
1226701, 4
1220741, 4
1096815, 4
1199127, 4
1186497, 4
1079416, 4
1226795, 4
1207984, 4
13452, 4
1105487, 4
1210526, 4
571406, 4
1034067, 4
1041414, 4
753848, 4
3346843, 4
1187408, 4
1120719, 4
1033839, 4
22485, 4
1868908, 4
673697, 4
1441, 4
10453, 4
510248, 4
620364, 4
1025220, 4
24500, 4
1069041, 4
1206867, 4
1025253, 4
1285355, 4
23105, 4
2647097, 4
1046045, 4
1222305, 4
22169, 4
34260, 4
1207836, 4
1205073, 4
16577, 4
1211998, 4
654374, 4
12863, 4
1047822, 4
1212502, 4
1518841, 4
1029656, 4
1195872, 4
1228386, 4
674459, 4
1206652, 4
1098353, 4
756132, 4
2225354, 4
31154, 4
556117, 4
2210618, 4
1187406, 4
642659, 4
569081, 4
542281, 4
1188772, 4
1178391, 4
1201527, 4
3772, 4
1205577, 4
1215888, 4
1203269, 4
1209544, 4
1033256, 4
1094098, 4
567814, 4
999142, 4
768305, 4
1224265, 4
1198712, 4
1248448, 4
2230542, 4
1078949, 4
1442875, 4
5238, 4
1103120, 4
1796, 4
1227041, 4
1080805, 4
1192584, 4
1239078, 4
2719, 4
22400, 4
1208840, 4
557692, 4
1046389, 4
21526, 4
1208204, 4
2697, 4
1206316, 4
1179447, 4
1098637, 4
1217760, 4
1181427, 4
972088, 4
1568601, 4
556848, 4
1209707, 4
1190935, 4
16521, 4
37334, 4
696597, 4
1025315, 4
1401686, 4
582055, 4
760382, 4
649729, 4
568598, 4
23025, 4
998366, 4
1104254, 4
5394, 4
778604, 4
21240, 4
2222919, 4
6227, 4
1079429, 4
777466, 4
568137, 4
1813048, 4
1221795, 4
1203614, 4
1104474, 4
22939, 4
1518887, 4
1184438, 4
1079288, 4
714904, 4
9934, 4
1217022, 4
1147760, 4
769953, 4
24286, 4
1195596, 4
1034328, 4
505332, 4
12079, 4
19295, 4
1222275, 4
1218743, 4
5720, 4
1211150, 4
21358, 4
567961, 4
12750, 4
1034659, 4
974616, 4
1224529, 4
1188413, 4
2218912, 4
38152, 4
1224681, 4
3097, 4
13405, 4
1018735, 4
984772, 4
680426, 4
6081, 4
760402, 4
699261, 4
776027, 4
1226400, 4
913, 4
1183382, 4
755805, 4
1224437, 4
1189246, 4
38077, 4
1080131, 4
1025321, 4
1229081, 4
1219730, 4
980811, 4
1078335, 4
2803876, 4
17319, 4
567826, 4
1245703, 4
755357, 4
1226642, 4
1183735, 4
973181, 4
1417640, 4
1183253, 4
1223309, 4
1208837, 4
1079080, 4
21964, 4
1202529, 4
2851, 4
1184704, 4
1032271, 4
1209011, 4
8676, 4
19162, 4
568912, 4
567719, 4
19023, 4
981385, 4
1067937, 4
560754, 4
2940, 4
4035, 4
19389, 4
1206868, 4
1025377, 4
1095083, 4
1079501, 4
1209265, 4
1033608, 4
982635, 4
1195597, 4
1197073, 4
1203755, 4
1031159, 4
1030980, 4
504617, 4
752606, 4
1215430, 4
766505, 4
1031642, 4
1222369, 4
5532, 4
1211444, 4
2228130, 4
20954, 4
7725, 4
582357, 4
19794, 4
4539, 4
1190476, 4
16084, 4
1025348, 4
556377, 4
867568, 4
30004, 4
1101862, 4
1214594, 4
1219970, 4
1212823, 4
2218267, 4
752512, 4
3301, 4
561291, 4
1205315, 4
756743, 4
1228938, 4
1183954, 4
1222130, 4
1198931, 4
17724, 4
1516706, 4
1208186, 4
570558, 4
1206294, 4
1030977, 4
574060, 4
1189126, 4
1226471, 4
1032629, 4
20627, 4
1200742, 4
753617, 4
2232241, 4
650814, 4
1032930, 4
755347, 4
1087496, 4
1208286, 4
1183097, 4
1094801, 4
1208581, 4
1187819, 4
1078261, 4
1019253, 4
1070735, 4
1219269, 4
1217435, 4
16370, 4
867347, 4
1222371, 4
27982, 4
1221798, 4
1193206, 4
754349, 4
640051, 4
1048461, 4
10931, 4
600072, 4
1222952, 4
545788, 4
1205948, 4
1080696, 4
20292, 4
1018677, 4
978569, 4
16652, 4
1147663, 4
768225, 4
1203982, 4
9913, 4
1214413, 4
1190178, 4
707373, 4
569512, 4
1196393, 4
974982, 4
556357, 4
11144, 4
632172, 4
1224331, 4
1520438, 4
1033032, 4
1179224, 4
1222413, 4
1046053, 4
10960, 4
1225046, 4
1031292, 4
1204046, 4
1080135, 4
1095521, 4
19068, 4
1183332, 4
1199530, 4
12015, 4
1034059, 4
556437, 4
510557, 4
1516548, 4
1076510, 4
1206409, 4
1225286, 4
1147569, 4
1068348, 4
1105469, 4
1187474, 4
23947, 4
1225387, 4
39033, 4
1229029, 4
557320, 4
1186036, 4
1019544, 4
5105, 4
1197286, 4
760396, 4
975519, 4
1032690, 4
632402, 4
675835, 4
638590, 4
600109, 4
1219281, 4
667448, 4
1034473, 4
19970, 4
1147624, 4
1190456, 4
1214673, 4
1105536, 4
557090, 4
1206173, 4
1193425, 4
975044, 4
1217573, 4
555021, 4
1223229, 4
982378, 4
759378, 4
1247876, 4
2866, 4
978039, 4
1223479, 4
768074, 4
1227337, 4
1246123, 4
30359, 4
1190013, 4
11769, 4
720721, 4
676143, 4
1342094, 4
1225161, 4
20086, 4
1031971, 4
1017551, 4
1206897, 4
541433, 4
1079070, 4
567646, 4
560004, 4
1181496, 4
27824, 4
1021499, 4
974966, 4
16842, 4
1407835, 4
1227068, 4
1208570, 4
1172871, 4
641281, 4
1100381, 4
28907, 4
504754, 4
1228777, 4
4297, 4
1069790, 4
16223, 4
1221579, 4
706910, 4
1173125, 4
1078600, 4
1104221, 4
1187637, 4
1031131, 4
557200, 4
1207530, 4
1032645, 4
1187295, 4
753751, 4
1210968, 4
1221883, 4
355, 4
1223871, 4
778079, 4
27649, 4
680339, 4
974420, 4
1226889, 4
1235811, 4
1078314, 4
20165, 4
1186590, 4
976357, 4
1214428, 4
1095700, 4
1227269, 4
1056366, 4
1516633, 4
570108, 4
555556, 4
20098, 4
1019108, 4
776319, 4
1055994, 4
1185461, 4
675230, 4
1245692, 4
23384, 4
1225483, 4
569996, 4
639892, 4
676083, 4
10964, 4
5925, 4
753753, 4
1078191, 4
887127, 4
567752, 4
1208324, 4
1247092, 4
32755, 4
1094159, 4
1517706, 4
569577, 4
1229010, 4
9596, 4
5268, 4
974307, 4
1070613, 4
1225570, 4
22760, 4
862, 4
676665, 4
9490, 4
1207214, 4
549869, 4
1201140, 4
1223172, 4
1224961, 4
1003635, 4
1209307, 4
1046815, 4
1094061, 4
1072327, 4
1217615, 4
1187236, 4
1211279, 4
1048112, 4
1225305, 4
1147657, 4
1211813, 4
1520442, 4
1183658, 4
1212170, 4
1097889, 4
755633, 4
1071675, 4
21224, 4
1041407, 4
13415, 4
1032337, 4
1032714, 4
1225731, 4
1019362, 4
1206813, 4
1225268, 4
571215, 4
1221882, 4
29577, 4
1213645, 4
867940, 4
1185026, 4
2614, 4
675336, 4
1208887, 4
1096751, 4
1043698, 4
1215329, 4
1200698, 4
1187414, 4
1034096, 4
545404, 4
1095453, 4
1651542, 4
568244, 4
1120736, 4
37449, 4
1208414, 4
570554, 4
623108, 4
761082, 4
1031621, 4
704718, 4
1223568, 4
1102197, 4
551244, 4
557761, 4
1218629, 4
22648, 4
570452, 4
643712, 4
1208605, 4
980193, 4
22265, 4
1180961, 4
38931, 4
675893, 4
1218460, 4
864616, 4
7363, 4
554411, 4
1206349, 4
2394167, 4
21951, 4
1186025, 4
12244, 4
974591, 4
1228579, 4
1025212, 4
1008557, 4
29740, 4
19897, 4
1370177, 4
1220250, 4
3208, 4
570907, 4
753377, 4
698210, 4
2230747, 4
984614, 4
1217372, 4
1217078, 4
1183408, 4
22863, 4
1033406, 4
736330, 4
1185188, 4
5508, 4
553082, 4
1279004, 4
1223609, 4
20092, 4
29359, 4
1412163, 4
1219477, 4
1226625, 4
684894, 4
1068775, 4
581754, 4
1183713, 4
1024951, 4
541771, 4
551403, 4
20048, 4
1106048, 4
1216986, 4
20959, 4
1223447, 4
35404, 4
1035324, 4
771894, 4
1068734, 4
637263, 4
32578, 4
979274, 4
1209869, 4
1173836, 4
1217227, 4
1079648, 4
1392959, 4
4177, 4
1216808, 4
1104527, 4
1200753, 4
1077893, 4
1187123, 4
1078469, 4
92, 4
1080335, 4
1194717, 4
1644, 4
1025340, 4
1080332, 4
1031886, 4
1207280, 4
1246102, 4
1120800, 4
28340, 4
768915, 4
1032284, 4
1184268, 4
1025358, 4
1147588, 4
9304, 4
1186879, 4
1216199, 4
1187177, 4
1206920, 4
773667, 4
571665, 4
1187451, 4
1219837, 4
1183748, 4
1227739, 4
1188264, 4
30682, 4
1518420, 4
1147690, 4
20350, 4
1186263, 4
1384340, 4
1226959, 4
1032578, 4
34009, 4
1018177, 4
639910, 4
6969, 4
33406, 4
1245602, 4
30269, 4
1206210, 4
1219240, 4
1206529, 4
567828, 4
1227299, 4
1032987, 4
556500, 4
982871, 4
570778, 4
1283531, 4
2218226, 4
768611, 4
1222661, 4
639511, 4
1205346, 4
1189897, 4
1195298, 4
1224456, 4
1197371, 4
1048153, 4
1197841, 4
756640, 4
1186382, 4
1079644, 4
1031857, 4
1224013, 4
1009583, 4
1078679, 4
1019579, 4
2646986, 4
1098349, 4
554564, 4
35031, 4
36946, 4
1033542, 4
1040892, 4
1186437, 4
643702, 4
28995, 4
1207045, 4
696125, 4
1219854, 4
1025191, 4
558986, 4
979271, 4
758890, 4
1202258, 4
1148, 4
12940, 4
1104766, 4
1226545, 4
759525, 4
18876, 4
1106338, 4
1206770, 4
1195524, 4
572283, 4
1216744, 4
2227836, 4
1207970, 4
1247537, 4
1523256, 4
1080363, 4
1210048, 4
1208859, 4
1206277, 4
1104609, 4
1189576, 4
1217888, 4
973308, 4
1215747, 4
25261, 4
542293, 4
1211605, 4
1213526, 4
1032752, 4
1071453, 4
556056, 4
1247005, 4
1094124, 4
23085, 4
1215257, 4
754238, 4
1206979, 4
1180541, 4
774164, 4
1189582, 4
559885, 4
1206654, 4
1030658, 4
5031, 4
977145, 4
19060, 4
1213407, 4
1038790, 4
510482, 4
505009, 4
582134, 4
1204377, 4
1228500, 4
1080001, 4
1105134, 4
1206329, 4
1096995, 4
1215535, 4
1206112, 4
28789, 4
1219973, 4
7723, 4
684065, 4
21890, 4
1048631, 4
30427, 4
1025222, 4
1221085, 4
4689, 4
1522014, 4
1032218, 4
1518584, 4
1227997, 4
1067925, 4
1245465, 4
1077991, 4
1018747, 4
1208938, 4
1216876, 4
1023124, 4
1218406, 4
755781, 4
504768, 4
1275970, 4
2215981, 4
1033120, 4
680356, 4
1213771, 4
1205944, 4
559539, 4
1068559, 4
541460, 4
1222337, 4
1033407, 4
1095065, 4
1187010, 4
1201761, 4
1245651, 4
10421, 4
1102442, 4
1228913, 4
629443, 4
1211378, 4
1068588, 4
1077297, 4
2241251, 4
1104494, 4
1223376, 4
1207287, 4
10854, 4
1210521, 4
10347, 4
850204, 4
27731, 4
22097, 4
1218640, 4
1207097, 4
10126, 4
863021, 4
1221606, 4
754334, 4
567308, 4
759583, 4
11181, 4
1211878, 4
972411, 4
560954, 4
38170, 4
1517360, 4
30037, 4
20505, 4
1232144, 4
555997, 4
32642, 4
865900, 4
1246581, 4
1225083, 4
1031104, 4
6140, 4
562809, 4
1095339, 4
1212335, 4
1070806, 4
1218714, 4
1247550, 4
1025410, 4
561448, 4
4633, 4
555896, 4
1214765, 4
1103666, 4
1025218, 4
314, 4
1048549, 4
974467, 4
971724, 4
542465, 4
1218751, 4
1212882, 4
556041, 4
1033216, 4
753712, 4
1210387, 4
1217699, 4
1221548, 4
780259, 4
1105793, 4
1048172, 4
1214489, 4
675643, 4
1218746, 4
13758, 4
1232332, 4
1211109, 4
1195143, 4
1211899, 4
510315, 4
680728, 4
867500, 4
36100, 4
13588, 4
1198327, 4
1103543, 4
1086666, 4
1200912, 4
1249, 4
636383, 4
1094320, 4
13955, 4
22647, 4
1009083, 4
1521346, 4
5173, 4
610787, 4
1235439, 4
975795, 4
542328, 4
4998, 4
505186, 4
14873, 4
18861, 4
5553, 4
33753, 4
1035604, 4
606338, 4
1213499, 4
646420, 4
973585, 4
8976, 4
570051, 4
1206890, 4
1189595, 4
20872, 4
625950, 4
1225338, 4
977155, 4
39542, 4
19926, 4
30341, 4
696752, 4
1206080, 4
1010136, 4
1098202, 4
1190599, 4
27138, 4
1225842, 4
1019093, 4
3106, 4
5908, 4
1195122, 4
28838, 4
753581, 4
984872, 4
1194379, 4
1047819, 4
23313, 4
1103838, 4
38442, 4
1205723, 4
1147552, 4
1184810, 4
1203372, 4
676424, 4
1095708, 4
1208413, 4
2705, 4
1019893, 4
1188477, 4
29993, 4
1221115, 4
555973, 4
1042075, 4
1186842, 4
11340, 4
1209296, 4
1207640, 4
1213940, 4
1069825, 4
1223892, 4
1206833, 4
1227967, 4
1221857, 4
1197279, 4
680293, 4
1035217, 4
1209000, 4
1208117, 4
32688, 4
1180462, 4
5239, 4
1199091, 4
1185866, 4
1202598, 4
1189767, 4
4579, 4
1098346, 4
978985, 4
12515, 4
1214598, 4
755596, 4
2218962, 4
1031639, 4
1208257, 4
505130, 4
1223073, 4
13986, 4
1071272, 4
546665, 4
2210625, 4
669555, 4
10165, 4
971767, 4
1226942, 4
1031456, 4
1147625, 4
1225700, 4
1198950, 4
1173046, 4
1032377, 4
1033474, 4
556888, 4
505016, 4
1211162, 4
21508, 4
1033062, 4
1094185, 4
1223286, 4
2752910, 4
3854, 4
1214394, 4
1207273, 4
1208679, 4
1208180, 4
1079498, 4
10852, 4
1018740, 4
1314508, 4
1202708, 4
3442, 4
684697, 4
1223127, 4
1189845, 4
1247366, 4
1228921, 4
775259, 4
9306, 4
21931, 4
1214752, 4
1206301, 4
1226123, 4
1218348, 4
20002, 4
1048023, 4
1223210, 4
1223108, 4
1185067, 4
27797, 4
1184317, 4
1278534, 4
616166, 4
2222270, 4
1070146, 4
1078142, 4
1030830, 4
23417, 4
2226941, 4
569200, 4
754839, 4
1278937, 4
1184882, 4
2232721, 4
1179682, 4
1031722, 4
1184019, 4
1061691, 4
1208355, 4
1069937, 4
1072167, 4
546625, 4
1183365, 4
4096, 4
21000, 4
975056, 4
34081, 4
770533, 4
37091, 4
1173110, 4
8310, 4
1235581, 4
12240, 4
1190078, 4
1221312, 4
1228025, 4
1210906, 4
1077034, 4
1079993, 4
1523138, 4
1184498, 4
1187076, 4
540728, 4
504425, 4
1033806, 4
1228649, 4
1222455, 4
1213879, 4
1032122, 4
1030649, 4
1219557, 4
1189131, 4
35591, 4
1196183, 4
1032697, 4
1207119, 4
1018156, 4
573196, 4
20617, 4
567408, 4
975912, 4
28921, 4
655085, 4
1105063, 4
1031859, 4
1187683, 4
1104000, 4
15617, 4
1218959, 4
675892, 4
2228484, 4
21810, 4
1222626, 4
1218386, 4
754360, 4
1222828, 4
999200, 4
1217876, 4
698446, 4
1209223, 4
1205991, 4
20400, 4
1205834, 4
1216590, 4
1038594, 4
1206325, 4
2228460, 4
22397, 4
2233146, 4
556048, 4
559638, 4
1210047, 4
1207248, 4
850026, 4
1234946, 4
756428, 4
1620, 4
505143, 4
1210594, 4
755756, 4
1220731, 4
667372, 4
27809, 4
22446, 4
9421, 4
1209388, 4
971835, 4
1212550, 4
549687, 4
557950, 4
28660, 4
1188079, 4
1258362, 4
1184925, 4
1226600, 4
1217252, 4
977548, 4
55, 4
11873, 4
1207378, 4
1219808, 4
2239834, 4
636565, 4
1216402, 4
677392, 4
1237686, 4
1224163, 4
1033138, 4
20345, 4
1104488, 4
1206351, 4
1197545, 4
13122, 4
1032860, 4
1069204, 4
555, 4
15355, 4
13182, 4
27483, 4
11965, 4
7720, 4
1215127, 4
766083, 4
4888, 4
2242142, 4
1619, 4
2227285, 4
2225385, 4
1045356, 4
983565, 4
1212691, 4
637427, 4
4596, 4
1043634, 4
2218122, 4
1078202, 4
643659, 4
15624, 4
603128, 4
1194592, 4
23539, 4
1104984, 4
753573, 4
1210033, 4
1209933, 4
10455, 4
2081, 4
29764, 4
1232230, 4
5486, 4
2217258, 4
1206181, 4
1257684, 4
1213120, 4
10259, 4
1519181, 4
1186012, 4
1221105, 4
1077316, 4
1048116, 4
1206447, 4
3412, 4
1217914, 4
1193531, 4
19917, 4
1207666, 4
758053, 4
1199143, 4
690542, 4
1384673, 4
604254, 4
546621, 4
1247467, 4
19276, 4
2091, 4
21891, 4
22433, 4
1184452, 4
1518538, 4
551740, 4
1220313, 4
1522247, 4
2367, 4
780625, 4
554355, 4
1032523, 4
757768, 4
1182804, 4
550433, 4
27144, 4
978987, 4
33363, 4
1223671, 4
545481, 4
1068398, 4
29842, 4
1224837, 4
1227055, 4
972658, 4
32308, 4
1025439, 4
1189858, 4
727776, 4
1031414, 4
1199385, 4
560146, 4
1216857, 4
28177, 4
1982, 4
1223550, 4
1247511, 4
1517195, 4
849260, 4
774479, 4
1079761, 4
1197093, 4
9517, 4
1041690, 4
1504124, 4
1195765, 4
1208772, 4
1217766, 4
1203899, 4
1095701, 4
568725, 4
1217288, 4
27942, 4
21468, 4
1032529, 4
1520555, 4
646008, 4
36912, 4
862329, 4
1247563, 4
1214059, 4
7726, 4
1048083, 4
1519357, 4
771976, 4
1218184, 4
1031823, 4
22753, 4
27087, 4
1031383, 4
1069461, 4
21428, 4
1224797, 4
1207770, 4
1218162, 4
1522852, 4
2230362, 4
1217330, 4
1147636, 4
12855, 4
1018675, 4
1520554, 4
1187554, 4
1206554, 4
22828, 4
1183245, 4
1201859, 4
1247334, 4
560188, 4
1189157, 4
1188325, 4
5182, 4
28517, 4
2219305, 4
755244, 4
1222260, 4
1200756, 4
1016, 4
18759, 4
321, 4
30140, 4
1216274, 4
568890, 4
1033359, 4
7022, 4
694876, 4
774837, 4
1196760, 4
1095026, 4
6983, 4
31204, 4
1206232, 4
571407, 4
1099219, 4
1206256, 4
1246034, 4
1279341, 4
1019089, 4
569565, 4
1216309, 4
505138, 4
18857, 4
7618, 4
1214750, 4
1223320, 4
1191370, 4
1031258, 4
30339, 4
5135, 4
1523351, 4
568148, 4
1214245, 4
672260, 4
19197, 4
1034435, 4
1211539, 4
2217445, 4
1186847, 4
1223089, 4
20757, 4
722557, 4
1215331, 4
42, 4
1080176, 4
1227227, 4
10213, 4
1221097, 4
1229099, 4
1103808, 4
1227700, 4
769881, 4
1219250, 4
1104693, 4
19786, 4
884, 4
759367, 4
2971, 4
1208521, 4
1045414, 4
1043306, 4
1221565, 4
603276, 4
1179835, 4
18345, 4
1215970, 4
1219014, 4
1206091, 4
1836, 4
1219169, 4
662556, 4
1045690, 4
1033591, 4
505315, 4
22491, 4
643062, 4
1189988, 4
1218911, 4
862565, 4
1221656, 4
1016650, 4
977128, 4
1225132, 4
559065, 4
21823, 4
570058, 4
541849, 4
18129, 4
4796, 4
18288, 4
623006, 4
1181193, 4
1186891, 4
1522289, 4
13052, 4
568497, 4
604915, 4
554793, 4
570747, 4
1039347, 4
1188501, 4
1213899, 4
1218159, 4
1147572, 4
1103021, 4
1225422, 4
6138, 4
18812, 4
634859, 4
18628, 4
1245628, 4
18738, 4
1214479, 4
3165, 4
1216732, 4
2235359, 4
754736, 4
1070063, 4
639228, 4
1094106, 4
1031027, 4
1190769, 4
1225416, 4
1025025, 4
1099237, 4
15051, 4
1430841, 4
28586, 4
21284, 4
1216993, 4
1518091, 4
1188485, 4
21450, 4
1206353, 4
510484, 4
2217420, 4
6992, 4
569532, 4
1245905, 4
7298, 4
3931, 4
9637, 4
1227044, 4
1218748, 4
1226494, 4
6191, 4
1078720, 4
1207242, 4
9918, 4
34145, 4
1202367, 4
1032949, 4
8312, 4
733506, 4
1147757, 4
12927, 4
1224457, 4
1184904, 4
1032165, 4
667295, 4
763098, 4
1227995, 4
1220578, 4
1033590, 4
1077994, 4
775811, 4
1025356, 4
757720, 4
3346593, 4
1210524, 4
560711, 4
1184918, 4
1214726, 4
557724, 4
18771, 4
1019898, 4
1205881, 4
8462, 4
6416, 4
504677, 4
1196532, 4
1042127, 4
974432, 4
754662, 4
1219943, 4
22391, 4
30308, 4
1215681, 4
1219304, 4
1232323, 4
2232323, 4
1033739, 4
1207241, 4
685386, 4
1047437, 4
23697, 4
34932, 4
1093995, 4
1186708, 4
1205197, 4
1218341, 4
1072181, 4
1228469, 4
22897, 4
1228328, 4
753505, 4
33320, 4
1077789, 4
546033, 4
1386967, 4
20242, 4
1218175, 4
20356, 4
1393719, 4
1210043, 4
554688, 4
1214613, 4
722193, 4
11771, 4
1215485, 4
1031055, 4
1211271, 4
4513, 4
3524, 4
1079778, 4
1096808, 4
1216654, 4
1205647, 4
11142, 4
27754, 4
23565, 4
29653, 4
974738, 4
2228629, 4
493, 4
8959, 4
5000, 4
976421, 4
1208726, 4
1214579, 4
1215913, 4
1187229, 4
7567, 4
1147555, 4
1186856, 4
1188488, 4
1222351, 4
1843918, 4
1063016, 4
28573, 4
1147646, 4
1214821, 4
1223991, 4
1207260, 4
1048601, 4
2227170, 4
1206758, 4
10003, 4
1078587, 4
1226100, 4
1221934, 4
238, 4
1219931, 4
541643, 4
976423, 4
644533, 4
13997, 4
1203636, 4
1206306, 4
726132, 4
1025353, 4
1209087, 4
1147707, 4
13859, 4
1087238, 4
6916, 4
29629, 4
1095058, 4
1220162, 4
1219019, 4
1032032, 4
1226710, 4
1209123, 4
1188856, 4
680640, 4
1208990, 4
1033684, 4
1041560, 4
1104243, 4
570286, 4
1223793, 4
1192771, 4
1203286, 4
1223943, 4
1025519, 4
1033075, 4
1077953, 4
571224, 4
989191, 4
15900, 4
1204585, 4
1220544, 4
1198624, 4
1200769, 4
19857, 4
1212527, 4
1031524, 4
1191958, 4
2225834, 4
755895, 4
1201464, 4
1228075, 4
2218170, 4
1189496, 4
726332, 4
1184311, 4
16260, 4
1189780, 4
1070301, 4
1024963, 4
1227882, 4
1232106, 4
30959, 4
1196663, 4
1225751, 4
9759, 4
1087531, 4
556502, 4
1207015, 4
1218387, 4
690555, 4
30909, 4
672241, 4
1032565, 4
771705, 4
1228046, 4
978829, 4
1198948, 4
1206193, 4
1035521, 4
1220245, 4
1065697, 4
1195138, 4
20761, 4
1185120, 4
723036, 4
583684, 4
1211410, 4
1182518, 4
1216552, 4
1228615, 4
1227965, 4
1032597, 4
1219845, 4
20146, 4
1095071, 4
30811, 4
8751, 4
672187, 4
780777, 4
676409, 4
696127, 4
1031755, 4
1222965, 4
1516333, 4
556163, 4
1222285, 4
567996, 4
999264, 4
1225503, 4
1031351, 4
1184875, 4
865403, 4
1186633, 4
1105740, 4
21130, 4
1206740, 4
1223264, 4
1202487, 4
29325, 4
18786, 4
1208972, 4
1202500, 4
675100, 4
15604, 4
1215429, 4
5036, 4
7783, 4
23003, 4
13466, 4
1206747, 4
10853, 4
1106252, 4
1213871, 4
1232119, 4
23520, 4
1032871, 4
1219768, 4
28505, 4
1223216, 4
1936, 4
505438, 4
1183345, 4
1218737, 4
1104839, 4
640108, 4
1368253, 4
555015, 4
1025299, 4
1227303, 4
1184710, 4
19722, 4
1245531, 4
1232042, 4
1246584, 4
1031872, 4
1225374, 4
1212222, 4
1195868, 4
2643, 4
1218398, 4
3224, 4
1212030, 4
4752, 4
1101796, 4
1214589, 4
11132, 4
29929, 4
1224877, 4
1173683, 4
2223038, 4
731306, 4
505093, 4
1197684, 4
1080061, 4
1187230, 4
1030758, 4
1206428, 4
634965, 4
1185969, 4
1095633, 4
1223281, 4
973464, 4
1206523, 4
1184011, 4
683983, 4
761282, 4
1025510, 4
1196763, 4
2232233, 4
38994, 4
1183850, 4
1521735, 4
2071, 4
542024, 4
1206406, 4
1183336, 4
1207259, 4
1105078, 4
1186726, 4
15837, 4
3997, 4
505311, 4
30962, 4
1211287, 4
1187886, 4
568100, 4
15608, 4
675741, 4
4692, 4
11736, 4
1517172, 4
560551, 4
2242058, 4
1187114, 4
1182332, 4
1228619, 4
1031396, 4
4520, 4
1033445, 4
1197738, 4
569188, 4
1225028, 4
973498, 4
2017191, 4
9925, 4
1070912, 4
1827, 4
1216507, 4
35717, 4
10086, 4
1187966, 4
637436, 4
568008, 4
2739, 4
552738, 4
21882, 4
985280, 4
1189727, 4
1036838, 4
1225313, 4
8804, 4
1519959, 4
28025, 4
567769, 4
756339, 4
1180520, 4
1104541, 4
1245342, 4
1041114, 4
1218139, 4
1196590, 4
756722, 4
1105839, 4
622621, 4
552292, 4
1217929, 4
558786, 4
1031799, 4
554531, 4
8346, 4
31216, 4
1103631, 4
1077147, 4
1057320, 4
1206766, 4
21229, 4
643446, 4
1035588, 4
29170, 4
1213707, 4
20320, 4
2848, 4
568885, 4
10006, 4
1189226, 4
1207122, 4
568774, 4
1216644, 4
1226480, 4
610530, 4
1842, 4
865747, 4
1277787, 4
561254, 4
22772, 4
1219422, 4
1187742, 4
755609, 4
1184664, 4
1226805, 4
568953, 4
1278519, 4
1105464, 4
1042111, 4
642660, 4
1079418, 4
1219732, 4
1217673, 4
1187247, 4
1068422, 4
19753, 4
21388, 4
19842, 4
36539, 4
582799, 4
2272172, 4
1198675, 4
1031988, 4
1227076, 4
552963, 4
1178505, 4
9986, 4
1247239, 4
1223245, 4
570197, 4
1080746, 4
7791, 4
2226153, 4
2218118, 4
770481, 4
569274, 4
778387, 4
1212227, 4
16060, 4
1223150, 4
30274, 4
555972, 4
763546, 4
27689, 4
753864, 4
14089, 4
14175, 4
1227236, 4
1025532, 4
10697, 4
1025206, 4
1251539, 4
1186393, 4
1218137, 4
1208652, 4
570034, 4
1187756, 4
15901, 4
642831, 4
1223174, 4
7754, 4
563025, 4
1216541, 4
1187973, 4
1221943, 4
971859, 4
1218230, 4
1207309, 4
1223048, 4
7192, 4
1287570, 4
540812, 4
1185119, 4
1180013, 4
568184, 4
1033197, 4
1080702, 4
1400159, 4
21116, 4
1215488, 4
22690, 4
754757, 4
721582, 4
1201758, 4
23541, 4
1080739, 4
1201161, 4
864913, 4
1225406, 4
17216, 4
5544, 4
1179236, 4
1223339, 4
1025319, 4
1104741, 4
9247, 4
21417, 4
1186366, 4
11964, 4
1246323, 4
1228186, 4
1219023, 4
5861, 4
1219797, 4
2227887, 4
2228464, 4
975337, 4
1031846, 4
1223088, 4
1227415, 4
555908, 4
1031483, 4
1101351, 4
1186724, 4
1211099, 4
1035238, 4
7188, 4
570456, 4
21140, 4
20091, 4
1188453, 4
1206665, 4
571147, 4
2574, 4
867166, 4
981366, 4
1186130, 4
1187787, 4
1219795, 4
1183870, 4
557233, 4
18956, 4
1407867, 4
5606, 4
1185519, 4
1019138, 4
1080037, 4
19140, 4
976272, 4
1995, 4
1223072, 4
542187, 4
1200608, 4
753092, 4
1025162, 4
567657, 4
20307, 4
1195423, 4
1221870, 4
866482, 4
1186871, 4
1076671, 4
675010, 4
976150, 4
20588, 4
35269, 4
758426, 4
569118, 4
2924, 4
1213034, 4
1189261, 4
865129, 4
646110, 4
1209025, 4
19007, 4
606604, 4
3992, 4
1077797, 4
19792, 4
21356, 4
1221996, 4
2217326, 4
1032466, 4
31379, 4
762371, 4
1198689, 4
18782, 4
760419, 4
571434, 4
1208808, 4
1032864, 4
1193913, 4
1025229, 4
1520124, 4
1517117, 4
1010048, 4
1398106, 4
1246772, 4
1217494, 4
1034573, 4
985286, 4
1103031, 4
5425, 4
971941, 4
766679, 4
1228788, 4
1518822, 4
1033199, 4
1225113, 4
20890, 4
27743, 4
1216637, 4
1228312, 4
1104519, 4
1096939, 4
1033568, 4
1078978, 4
32590, 4
1726, 4
1196352, 4
1221353, 4
1033209, 4
706455, 4
1223904, 4
1207110, 4
18142, 4
2240456, 4
1183765, 4
1224410, 4
571164, 4
989497, 4
1200150, 4
865177, 4
850083, 4
1222298, 4
1033019, 4
1184018, 4
1078366, 4
1070238, 4
1222853, 4
13151, 4
1103803, 4
1207943, 4
753333, 4
1187753, 4
672257, 4
1031388, 4
1047292, 4
1225602, 4
1035459, 4
1201168, 4
1222331, 4
1080664, 4
1228868, 4
4690, 4
1950, 4
1446611, 4
1224329, 4
1218682, 4
7911, 4
557777, 4
754106, 4
1195951, 4
652101, 4
1030667, 4
560152, 4
568673, 4
861975, 4
1206793, 4
1195855, 4
604996, 4
1032623, 4
1211356, 4
1186250, 4
1228482, 4
1207250, 4
1079055, 4
29230, 4
1246812, 4
23102, 4
1030982, 4
2237, 4
1226194, 4
1105466, 4
1224366, 4
976410, 4
1247785, 4
972479, 4
1078713, 4
1224964, 4
10877, 4
1212195, 4
1225610, 4
19360, 4
862716, 4
1185471, 4
1042115, 4
29908, 4
1223196, 4
753011, 4
34175, 4
558203, 4
1207043, 4
40143, 4
35739, 4
1228793, 4
1198715, 4
570469, 4
1030819, 4
28855, 4
756024, 4
1220519, 4
1036378, 4
690372, 4
11846, 4
13910, 4
1215896, 4
2740809, 4
4924, 4
1184177, 4
1101329, 4
1220161, 4
1207961, 4
1046027, 4
1205853, 4
3829, 4
540652, 4
698287, 4
6208, 4
20239, 4
12666, 4
648072, 4
1518402, 4
30536, 4
23023, 4
1219564, 4
16564, 4
1213287, 4
1227331, 4
11269, 4
541103, 4
3292, 4
1213941, 4
1200226, 4
15968, 4
1033383, 4
1521374, 4
1228350, 4
1018798, 4
1104451, 4
1245773, 4
5091, 4
20264, 4
21020, 4
1209624, 4
1257615, 4
23116, 4
551675, 4
759897, 4
638841, 4
1041926, 4
1205312, 4
1201794, 4
1034187, 4
505198, 4
1147654, 4
757050, 4
1225152, 4
738635, 4
7767, 4
1219846, 4
677238, 4
1915, 4
32565, 4
561808, 4
1079133, 4
643010, 4
1206242, 4
1205916, 4
735567, 4
1184674, 4
3545, 4
1095533, 4
567093, 4
669320, 4
19027, 4
1222784, 4
2228333, 4
1191071, 4
1206271, 4
3531, 4
1048047, 4
7486, 4
752483, 4
1025329, 4
1207750, 4
776438, 4
1190679, 4
19395, 4
1178042, 4
560528, 4
1184536, 4
725, 4
1212671, 4
555105, 4
772156, 4
2043365, 4
19979, 4
1219156, 4
1191660, 4
1019105, 4
1227917, 4
1195689, 4
1094063, 4
972793, 4
1186864, 4
765593, 4
644385, 4
1042500, 4
1226791, 4
1209725, 4
16454, 4
1030892, 4
755591, 4
1214324, 4
1079698, 4
6223, 4
10162, 4
6252, 4
1185112, 4
1184048, 4
12737, 4
1034856, 4
615682, 4
30572, 4
1196667, 4
1521375, 4
3346409, 4
1228914, 4
1386275, 4
8320, 4
979924, 4
1078332, 4
1222282, 4
675106, 4
1205710, 4
1223511, 4
570293, 4
31381, 4
1227072, 4
641018, 4
1187054, 4
978524, 4
1029498, 4
1041400, 4
1194233, 4
573240, 4
1209154, 4
1031345, 4
1208407, 4
1102172, 4
15704, 4
1222299, 4
15702, 4
21133, 4
1188215, 4
9908, 4
1042504, 4
600002, 4
686086, 4
1435683, 4
1199056, 4
19824, 4
1383115, 4
1423472, 4
1009834, 4
1194714, 4
1223664, 4
28687, 4
1205657, 4
1031931, 4
38505, 4
1216351, 4
1205681, 4
11051, 4
3551, 4
1523005, 4
29310, 4
752398, 4
1197725, 4
1202815, 4
1247637, 4
1206079, 4
2207782, 4
773510, 4
554055, 4
1213627, 4
707105, 4
1232121, 4
1033065, 4
12764, 4
5339, 4
1224988, 4
1034882, 4
1096959, 4
20575, 4
1227206, 4
1032324, 4
1018817, 4
532680, 4
973508, 4
1232311, 4
1095094, 4
5683, 4
1224922, 4
15697, 4
2767, 4
1227332, 4
1023193, 4
7347, 4
18924, 4
12137, 4
28497, 4
771962, 4
1206924, 4
774782, 4
1101871, 4
2222834, 4
5632, 4
1190732, 4
1186972, 4
1224714, 4
776321, 4
1209300, 4
6879, 4
1096992, 4
653248, 4
559308, 4
1517741, 4
1033561, 4
1212955, 4
1245407, 4
1197847, 4
12119, 4
557147, 4
2223648, 4
1245870, 4
29136, 4
1102008, 4
2017654, 4
1200584, 4
1186163, 4
1030908, 4
1187946, 4
510494, 4
22458, 4
972285, 4
21671, 4
1068869, 4
1043519, 4
18567, 4
20913, 4
1226576, 4
5295, 4
1218980, 4
760447, 4
1223451, 4
1208903, 4
1192696, 4
3605, 4
1095309, 4
1098345, 4
1226654, 4
1884, 4
1206328, 4
973839, 4
1247686, 4
720103, 4
505259, 4
1238796, 4
1079500, 4
2228187, 4
562920, 4
1192665, 4
1206388, 4
1217561, 4
22119, 4
1186090, 4
728329, 4
504566, 4
1048138, 4
1032207, 4
699570, 4
759, 4
1033343, 4
1199952, 4
699498, 4
1224861, 4
1007664, 4
1251946, 4
1178520, 4
1229077, 4
1209973, 4
1078420, 4
1199734, 4
2740066, 4
1227669, 4
18167, 4
1208055, 4
2226766, 4
1186537, 4
5934, 4
2228989, 4
555417, 4
1224993, 4
568703, 4
1191832, 4
1221100, 4
1206892, 4
22969, 4
16261, 4
1033791, 4
1035986, 4
1071293, 4
1034141, 4
1215022, 4
607111, 4
625103, 4
1208352, 4
1030883, 4
5898, 4
36252, 4
752760, 4
1006277, 4
1208168, 4
1079997, 4
978828, 4
30748, 4
1228016, 4
1218856, 4
1186699, 4
1018941, 4
1105805, 4
2225837, 4
21542, 4
767525, 4
1216906, 4
2230547, 4
1208510, 4
865362, 4
1064484, 4
752397, 4
1193778, 4
1099242, 4
1187350, 4
1205022, 4
1216567, 4
1224702, 4
3895, 4
7707, 4
1211909, 4
13660, 4
1105296, 4
1211906, 4
7950, 4
9978, 4
2790, 4
20422, 4
1018149, 4
709066, 4
982008, 4
9785, 4
850099, 4
1147750, 4
1221225, 4
1183217, 4
1191368, 4
1079040, 4
1030850, 4
1223321, 4
552802, 4
22077, 4
1176488, 4
1080179, 4
978798, 4
1032929, 4
755480, 4
1034, 4
20271, 4
1031365, 4
1102482, 4
1034177, 4
5561, 4
675640, 4
1222145, 4
1232392, 4
974068, 4
1217451, 4
7089, 4
1220621, 4
1079938, 4
1227098, 4
541958, 4
1215274, 4
1192543, 4
1033378, 4
976267, 4
1223257, 4
754213, 4
568517, 4
1187309, 4
569055, 4
1019099, 4
1212218, 4
867932, 4
1217670, 4
579209, 4
1219706, 4
1035948, 4
6785, 4
1033681, 4
1226949, 4
1076751, 4
1208853, 4
542986, 4
1222217, 4
1033386, 4
17362, 4
647579, 4
1076224, 4
557, 4
2225329, 4
694896, 4
1210598, 4
1224192, 4
1105942, 4
1222681, 4
1223987, 4
1245334, 4
861727, 4
11841, 4
1208032, 4
1223077, 4
1031144, 4
1224442, 4
971906, 4
1104954, 4
1099217, 4
1029565, 4
2015720, 4
1033679, 4
1228411, 4
1225221, 4
956, 4
1209431, 4
1033565, 4
1205544, 4
754966, 4
10896, 4
1025311, 4
16695, 4
1206175, 4
978825, 4
1203719, 4
866662, 4
547517, 4
30208, 4
1271079, 4
20700, 4
1223332, 4
1019086, 4
637918, 4
1209831, 4
1178916, 4
13123, 4
1069604, 4
27660, 4
22736, 4
1211926, 4
1247488, 4
1078721, 4
573995, 4
1183278, 4
760439, 4
23043, 4
1030985, 4
1045998, 4
4439, 4
1080453, 4
723629, 4
559899, 4
1229018, 4
1184897, 4
7859, 4
1063522, 4
30402, 4
5487, 4
28824, 4
1219105, 4
1030893, 4
1102536, 4
1226611, 4
570634, 4
22256, 4
21870, 4
542044, 4
1018880, 4
1034501, 4
569548, 4
23485, 4
1226135, 4
753682, 4
15748, 4
1078625, 4
1077197, 4
1520368, 4
862845, 4
2466, 4
1219327, 4
1209923, 4
4597, 4
603326, 4
1209400, 4
1186365, 4
1078947, 4
1223026, 4
1217560, 4
1225169, 4
20250, 4
1517111, 4
557398, 4
989515, 4
1229109, 4
7434, 4
756490, 4
505381, 4
1206632, 4
1100325, 4
560902, 4
29475, 4
4521, 4
1212213, 4
1222802, 4
756235, 4
19196, 4
11359, 4
1185464, 4
1304562, 4
1205534, 4
1227961, 4
1212317, 4
1953, 4
1215335, 4
866538, 4
1227264, 4
23194, 4
770883, 4
4404, 4
776409, 4
21277, 4
1226947, 4
645303, 4
1383701, 4
567859, 4
1033835, 4
1245760, 4
1003736, 4
1032276, 4
6166, 4
618991, 4
1219651, 4
1079800, 4
1043700, 4
12746, 4
20689, 4
626182, 4
1104542, 4
1196631, 4
1178044, 4
1215366, 4
1104579, 4
1246299, 4
20807, 4
552857, 4
1079634, 4
1079430, 4
974861, 4
1206840, 4
1223164, 4
979953, 4
1205925, 4
1198135, 4
1097013, 4
5241, 4
1229005, 4
1069044, 4
1232334, 4
1095411, 4
1517187, 4
1414188, 4
1222743, 4
753768, 4
1208525, 4
34993, 4
21860, 4
1209940, 4
21355, 4
973250, 4
755493, 4
581471, 4
1852, 4
1018739, 4
2228954, 4
21908, 4
29033, 4
1217955, 4
34293, 4
568049, 4
1400963, 4
570175, 4
1031011, 4
530725, 4
978548, 4
1186711, 4
1203070, 4
1187675, 4
759806, 4
1078792, 4
1219902, 4
1033432, 4
561827, 4
1250522, 4
1218424, 4
19165, 4
1018786, 4
1218692, 4
1206780, 4
1273331, 4
1372, 4
1191074, 4
571457, 4
759342, 4
600016, 4
1031824, 4
1187322, 4
1096811, 4
1227671, 4
1213742, 4
12944, 4
1220010, 4
556382, 4
1214663, 4
1210949, 4
28924, 4
1032236, 4
1207024, 4
756784, 4
1218164, 4
1218234, 4
1206596, 4
28041, 4
984523, 4
1217968, 4
1189385, 4
1206649, 4
7571, 4
1025272, 4
1224851, 4
16995, 4
1105140, 4
1206521, 4
1223418, 4
1208533, 4
569837, 4
552008, 4
1078224, 4
1030989, 4
1225377, 4
1080646, 4
20230, 4
1094266, 4
23550, 4
1214887, 4
1185757, 4
861968, 4
11567, 4
1228851, 4
1218294, 4
16531, 4
23081, 4
1519064, 4
1035756, 4
1226769, 4
1213, 4
1043424, 4
3585, 4
1033488, 4
1017541, 4
1229089, 4
867348, 4
1212535, 4
2210644, 4
1095068, 4
1214866, 4
1203891, 4
1069603, 4
2239932, 4
31059, 4
1104873, 4
32838, 4
1180608, 4
1224706, 4
14866, 4
1185864, 4
1078938, 4
29816, 4
1080828, 4
557498, 4
42190, 4
1014339, 4
19848, 4
510084, 4
1203776, 4
1211085, 4
1219172, 4
1223456, 4
1217071, 4
1204600, 4
13400, 4
1087242, 4
672676, 4
1043411, 4
772552, 4
1080306, 4
1062597, 4
1212660, 4
865864, 4
643912, 4
1034079, 4
28849, 4
1196815, 4
1187941, 4
1043629, 4
1190827, 4
1197692, 4
9929, 4
38125, 4
984550, 4
28066, 4
1228048, 4
540653, 4
2229235, 4
13650, 4
2239950, 4
1219939, 4
19084, 4
1197734, 4
1200418, 4
1220212, 4
1183660, 4
1031588, 4
1226493, 4
1103861, 4
555332, 4
1103149, 4
1207317, 4
1184671, 4
1209617, 4
12101, 4
1031469, 4
16532, 4
1013726, 4
759580, 4
1183892, 4
1214107, 4
1218255, 4
2239961, 4
705341, 4
601285, 4
1224492, 4
699464, 4
510032, 4
1220021, 4
693857, 4
8375, 4
1221904, 4
644, 4
1197612, 4
9845, 4
29731, 4
1207548, 4
1209113, 4
1220066, 4
1185196, 4
557323, 4
12872, 4
1229199, 4
22152, 4
1228076, 4
1209281, 4
1211731, 4
1217345, 4
1206324, 4
555026, 4
1079656, 4
22813, 4
972486, 4
4207, 4
1203118, 4
1215947, 4
1247695, 4
1147644, 4
978974, 4
1187652, 4
759179, 4
22539, 4
5342, 4
1195396, 4
2707, 4
567243, 4
1207472, 4
975652, 4
1232036, 4
2967, 4
1228888, 4
1018030, 4
7947, 4
1233794, 4
19771, 4
1213180, 4
22346, 4
1208627, 4
37496, 4
1224363, 4
1227393, 4
30368, 4
1189046, 4
10956, 4
1217067, 4
1207210, 4
1187759, 4
1199331, 4
12902, 4
1204182, 4
546672, 4
1223525, 4
698483, 4
22817, 4
22034, 4
1206005, 4
27205, 4
635469, 4
2062, 4
1809443, 4
1525745, 4
20639, 4
1197583, 4
1206937, 4
1147574, 4
5628, 4
1095703, 4
1223826, 4
1080079, 4
2218884, 4
1033139, 4
1032411, 4
3680, 4
1198027, 4
4181, 4
2045437, 4
21221, 4
732277, 4
9298, 4
695815, 4
1226734, 4
1007862, 4
93, 4
1069147, 4
1077716, 4
1216320, 4
776200, 4
676416, 4
21415, 4
21203, 4
1226657, 4
650715, 4
1232309, 4
1071818, 4
1033430, 4
755160, 4
975106, 4
1219643, 4
21241, 4
1180386, 4
1207863, 4
2225882, 4
1033714, 4
2021192, 4
27727, 4
802523, 4
1205913, 4
695511, 4
1184160, 4
1219984, 4
1183189, 4
1521537, 4
1032822, 4
1222039, 4
1094045, 4
1519305, 4
28453, 4
607298, 4
1228973, 4
1220206, 4
33683, 4
1078640, 4
780033, 4
1517422, 4
2782, 4
14625, 4
4675, 4
1029347, 4
1183657, 4
23215, 4
1025437, 4
1209735, 4
1207867, 4
1001605, 4
8231, 4
1247651, 4
568095, 4
937836, 4
38971, 4
568280, 4
1329, 4
36395, 4
1192119, 4
776255, 4
1063239, 4
2218863, 4
1379871, 4
1186087, 4
36800, 4
975909, 4
1184266, 4
505498, 4
1043537, 4
22261, 4
16486, 4
570262, 4
1214778, 4
570287, 4
1181635, 4
754592, 4
571608, 4
1031226, 4
1524991, 4
1200866, 4
1077280, 4
752424, 4
1228757, 4
27673, 4
1183226, 4
19094, 4
1224448, 4
1279320, 4
3217104, 4
23859, 4
1187288, 4
557737, 4
1220834, 4
1867, 4
1226266, 4
763482, 4
1228343, 4
684000, 4
1185118, 4
1079232, 4
1209930, 4
23364, 4
1221383, 4
1184336, 4
1214232, 4
1025280, 4
567788, 4
1365819, 4
1227355, 4
12112, 4
20599, 4
1197673, 4
1232075, 4
2723, 4
573563, 4
1206939, 4
19133, 4
982205, 4
7935, 4
6000, 4
1224540, 4
1196845, 4
766351, 4
562912, 4
1042194, 4
1017220, 4
556546, 4
771570, 4
24515, 4
555562, 4
2554, 4
1222977, 4
1095733, 4
1185455, 4
568556, 4
2598, 4
1517238, 4
1190061, 4
1203760, 4
1227694, 4
1220479, 4
10489, 4
1106120, 4
622848, 4
8236, 4
1189804, 4
1068789, 4
1048447, 4
1540904, 4
29289, 4
1215978, 4
632802, 4
1079680, 4
1218754, 4
1190412, 4
505262, 4
2844, 4
1223433, 4
569881, 4
1206488, 4
8300, 4
4195, 4
1232168, 4
1219411, 4
1184708, 4
29456, 4
1046349, 4
1245390, 4
540618, 4
1217224, 4
975043, 4
1218780, 4
1210400, 4
21109, 4
8453, 4
34371, 4
11511, 4
1079822, 4
1245466, 4
266, 4
1182284, 4
1032957, 4
1185148, 4
8937, 4
1218217, 4
1228893, 4
1147680, 4
28719, 4
1219710, 4
754222, 4
1032105, 4
3868, 4
1199490, 4
8866, 4
18494, 4
571438, 4
1232335, 4
1212647, 4
1222747, 4
2232123, 4
862794, 4
1032675, 4
31517, 4
542493, 4
1813181, 4
724470, 4
1226621, 4
1212471, 4
1211139, 4
1211934, 4
1080173, 4
1216075, 4
973022, 4
569111, 4
1246872, 4
675013, 4
1187545, 4
1187084, 4
972405, 4
3359, 4
1202157, 4
570187, 4
30500, 4
1211653, 4
1389170, 4
600059, 4
1216105, 4
1222276, 4
1087511, 4
1207870, 4
1211802, 4
7283, 4
1216824, 4
1200485, 4
866849, 4
1069160, 4
559484, 4
1016136, 4
30593, 4
1220193, 4
1104796, 4
1217036, 4
1002063, 4
2119, 4
866809, 4
22385, 4
8799, 4
2230224, 4
1031488, 4
995226, 4
19004, 4
1207202, 4
5564, 4
1225249, 4
1065359, 4
1213887, 4
567203, 4
571041, 4
754588, 4
1245742, 4
1212676, 4
636056, 4
1215308, 4
754648, 4
2657, 4
20794, 4
579963, 4
4104, 4
1206757, 4
979254, 4
755154, 4
1221877, 4
760376, 4
4984, 4
9600, 4
570141, 4
571580, 4
568135, 4
1219995, 4
976765, 4
22425, 4
10128, 4
1201367, 4
1100841, 4
1197098, 4
1224798, 4
1206260, 4
6088, 4
2226157, 4
1032908, 4
1045325, 4
756134, 4
1183081, 4
696123, 4
1080419, 4
7698, 4
1203853, 4
550722, 4
10430, 4
1214908, 4
1059552, 4
758521, 4
974603, 4
7426, 4
1217677, 4
1208702, 4
1184132, 4
2228344, 4
1033614, 4
1407385, 4
1185110, 4
1216092, 4
1048339, 4
557748, 4
4419, 4
1019596, 4
1104540, 4
1184016, 4
1104966, 4
1184186, 4
22395, 4
27350, 4
1006099, 4
1102778, 4
1037905, 4
974972, 4
20804, 4
2647012, 4
1206586, 4
1223054, 4
1205561, 4
1206958, 4
11415, 4
6885, 4
606393, 4
571439, 4
615833, 4
27335, 4
31909, 4
1206454, 4
2230401, 4
1246396, 4
560760, 4
1183649, 4
9583, 4
1095578, 4
568646, 4
1222678, 4
4896, 4
1185123, 4
1207270, 4
1079824, 4
645688, 4
2228618, 4
1214780, 4
2232915, 4
3387, 4
1031535, 4
1207151, 4
1211474, 4
551798, 4
1182243, 4
1208383, 4
1186523, 4
21251, 4
568599, 4
5350, 4
1206807, 4
1196326, 4
29138, 4
1206502, 4
1207826, 4
1185298, 4
1219965, 4
29532, 4
1205744, 4
9656, 4
1212423, 4
695799, 4
1214733, 4
646507, 4
1651, 4
31063, 4
1032102, 4
1217925, 4
1222499, 4
754217, 4
1414602, 4
676646, 4
1067587, 4
1187951, 4
8582, 4
1224523, 4
1030934, 4
1072340, 4
1039029, 4
1018736, 4
1032216, 4
2225309, 4
1078445, 4
1206395, 4
1032583, 4
1213117, 4
1042435, 4
1212690, 4
984766, 4
1225510, 4
1196530, 4
1224987, 4
1070369, 4
23410, 4
1229102, 4
1032012, 4
1032334, 4
1206213, 4
1186706, 4
556871, 4
567431, 4
1033646, 4
1228825, 4
5760, 4
30065, 4
1191317, 4
3191, 4
567692, 4
24174, 4
18596, 4
28599, 4
675143, 4
1228841, 4
1079491, 4
1232326, 4
601846, 4
1069707, 4
1183645, 4
18799, 4
1192521, 4
1518518, 4
1219804, 4
1208372, 4
1087483, 4
21318, 4
1177857, 4
15845, 4
2013315, 4
1222108, 4
1225840, 4
22304, 4
1078315, 4
1245615, 4
1207365, 4
1189538, 4
1205454, 4
547125, 4
755073, 4
1196193, 4
1224000, 4
1204317, 4
1020107, 4
1032029, 4
980938, 4
850195, 4
1200586, 4
761004, 4
1228200, 4
1031596, 4
676498, 4
974430, 4
1198388, 4
754589, 4
9033, 4
2647061, 4
5981, 4
1220315, 4
5461, 4
672345, 4
1223179, 4
1147752, 4
1179009, 4
1032010, 4
1218256, 4
1043607, 4
1214495, 4
1217564, 4
1042098, 4
7263, 4
1147538, 4
1220152, 4
1070267, 4
1214744, 4
7599, 4
16456, 4
1539667, 4
639682, 4
540763, 4
1173831, 4
1209590, 4
1205552, 4
14091, 4
27393, 4
31051, 4
1041433, 4
24517, 4
1208588, 4
5068, 4
1216850, 4
2949, 4
1222694, 4
1079433, 4
1105062, 4
19765, 4
510085, 4
1031034, 4
1223497, 4
772840, 4
1206934, 4
691129, 4
1227390, 4
976291, 4
1204595, 4
703684, 4
673656, 4
698605, 4
1079007, 4
1048628, 4
23983, 4
40677, 4
1034998, 4
1227071, 4
37199, 4
1213298, 4
1030747, 4
1211218, 4
570232, 4
976184, 4
1037800, 4
674382, 4
1080327, 4
1825, 4
698032, 4
2273987, 4
1025365, 4
10532, 4
1008284, 4
974386, 4
1094735, 4
20032, 4
1120753, 4
555188, 4
1218736, 4
1025306, 4
757326, 4
1205613, 4
1201293, 4
1207524, 4
1033070, 4
569697, 4
569698, 4
22438, 4
2226548, 4
1188181, 4
1105769, 4
1228212, 4
13546, 4
4169, 4
2215802, 4
1223176, 4
21751, 4
1232295, 4
1041518, 4
2227623, 4
1223477, 4
753278, 4
1232348, 4
1217240, 4
17357, 4
754928, 4
1217380, 4
1276652, 4
2828768, 4
1226732, 4
7374, 4
29964, 4
1032403, 4
22993, 4
2232401, 4
554245, 4
19791, 4
12922, 4
21134, 4
1210716, 4
696136, 4
1076424, 4
569477, 4
2218174, 4
43134, 4
1185204, 4
574235, 4
1204439, 4
754220, 4
1098350, 4
1039672, 4
754027, 4
1104946, 4
21273, 4
1229120, 4
1041381, 4
21869, 4
758741, 4
15123, 4
4006, 4
1212381, 4
3153, 4
36194, 4
1225277, 4
1206707, 4
1221871, 4
1217660, 4
1221067, 4
1517148, 4
1522963, 4
13843, 4
1147759, 4
675037, 4
24423, 4
1205180, 4
2227876, 4
1187148, 4
14970, 4
1238777, 4
33975, 4
1188468, 4
4233, 4
1213493, 4
1221361, 4
1225915, 4
759790, 4
1033029, 4
755253, 4
1247881, 4
1080448, 4
1394093, 4
1195176, 4
559264, 4
1227345, 4
1219176, 4
978090, 4
2217276, 4
1222737, 4
1184679, 4
1211348, 4
980659, 4
1188821, 4
1194928, 4
1218503, 4
974584, 4
1192509, 4
3595, 4
1187294, 4
1205889, 4
2740865, 4
1246713, 4
9219, 4
1226758, 4
1205655, 4
5497, 4
18960, 4
1218007, 4
1205021, 4
1217989, 4
1095100, 4
1078833, 4
22758, 4
10437, 4
1217886, 4
1031271, 4
1212864, 4
1113, 4
3427, 4
1172831, 4
2828744, 4
5176, 4
771411, 4
1208983, 4
38901, 4
1183643, 4
12929, 4
573069, 4
1069613, 4
1961, 4
1077365, 4
1184412, 4
2647039, 4
1029726, 4
1030662, 4
1188622, 4
20906, 4
1031827, 4
1246577, 4
542390, 4
4856, 4
1208872, 4
1207910, 4
1219689, 4
1102450, 4
1196549, 4
1218330, 4
774749, 4
677272, 4
1077144, 4
1191563, 4
1224970, 4
726248, 4
979028, 4
1147765, 4
1227957, 4
505814, 4
1228665, 4
1246008, 4
20215, 4
21298, 4
1219408, 4
1228659, 4
22482, 4
583213, 4
1223307, 4
759169, 4
3678, 4
1070789, 4
1184118, 4
1183104, 4
1039124, 4
1236076, 4
1219966, 4
1184729, 4
1228962, 4
1008527, 4
1207238, 4
1218828, 4
3104, 4
12088, 4
696129, 4
754204, 4
1199974, 4
1173260, 4
1031798, 4
27985, 4
567723, 4
1228022, 4
1247377, 4
1219969, 4
1978391, 4
1030677, 4
20950, 4
637308, 4
23571, 4
639805, 4
1031606, 4
1079782, 4
978846, 4
33322, 4
636264, 4
1201307, 4
1105959, 4
640073, 4
1190872, 4
2210710, 4
2226434, 4
9250, 4
10312, 4
557018, 4
23008, 4
976418, 4
753936, 4
1105764, 4
973627, 4
567900, 4
1245526, 4
16086, 4
1022724, 4
1033141, 4
1213409, 4
1211623, 4
1025034, 4
1214906, 4
1043509, 4
1213208, 4
13444, 4
1518554, 4
1079269, 4
2232246, 4
1223902, 4
1209715, 4
1215852, 4
571339, 4
42897, 4
1206312, 4
1224792, 4
1198939, 4
1191803, 4
1181327, 4
1097030, 4
20030, 4
1224406, 4
560407, 4
1104214, 4
18805, 4
1147566, 4
1203945, 4
1034307, 4
22957, 4
1191312, 4
1185836, 4
978499, 4
643378, 4
20322, 4
1206359, 4
1521245, 4
1103784, 4
1219474, 4
30670, 4
1232030, 4
1106121, 4
733729, 4
754998, 4
1225322, 4
28474, 4
1216068, 4
753306, 4
1033361, 4
1217462, 4
1034729, 4
1201034, 4
16475, 4
1301323, 4
2227732, 4
14420, 4
19819, 4
723002, 4
1031664, 4
9937, 4
16786, 4
1048633, 4
1035053, 4
1206579, 4
2227364, 4
1226257, 4
1032686, 4
1105564, 4
1078868, 4
866032, 4
1218834, 4
1225309, 4
1220476, 4
1208767, 4
1184035, 4
974445, 4
1215797, 4
2219011, 4
1080859, 4
7917, 4
1173638, 4
1207543, 4
685041, 4
1203103, 4
25887, 4
1078907, 4
1035962, 4
557954, 4
1226337, 4
35663, 4
1009087, 4
1210104, 4
37183, 4
1225076, 4
755658, 4
395, 4
778602, 4
1221538, 4
1209233, 4
1209548, 4
1106139, 4
1100766, 4
776022, 4
754808, 4
1233322, 4
1183096, 4
1032742, 4
1031541, 4
1080062, 4
1103387, 4
1036714, 4
1208087, 4
2536, 4
568326, 4
1025288, 4
1185904, 4
1522876, 4
1206195, 4
1210182, 4
753911, 4
1227431, 4
1189753, 4
1031256, 4
1187227, 4
1178203, 4
20908, 4
20946, 4
1104848, 4
1211253, 4
4323, 4
12077, 4
30665, 4
1209782, 4
1186777, 4
1601, 4
1207294, 4
1216777, 4
1119132, 4
600067, 4
1226818, 4
1280283, 4
1079570, 4
556400, 4
1192958, 4
3363, 4
1189414, 4
1207288, 4
1223799, 4
1519646, 4
1221689, 4
1195820, 4
1226066, 4
752917, 4
567749, 4
1200169, 4
1220027, 4
16687, 4
1024051, 4
2362466, 4
623066, 4
1191916, 4
1064119, 4
1188194, 4
754019, 4
29727, 4
1215448, 4
777386, 4
551830, 4
12266, 4
1224834, 4
1079053, 4
11145, 4
1228571, 4
974371, 4
13162, 4
1274535, 4
1056027, 4
971928, 4
1245416, 4
1185117, 4
1198331, 4
644739, 4
1223170, 4
1217065, 4
1185211, 4
35327, 4
867221, 4
5556, 4
1223988, 4
2646981, 4
1032839, 4
862993, 4
1226109, 4
1094376, 4
31081, 4
567948, 4
1103303, 4
30805, 4
4075, 4
975887, 4
1219585, 4
1187268, 4
680235, 4
1184375, 4
8046, 4
706913, 4
1217286, 4
1207340, 4
973064, 4
1211773, 4
510531, 4
34765, 4
998972, 4
6316, 4
1186867, 4
1042482, 4
1209263, 4
2227355, 4
1034594, 4
753287, 4
1071360, 4
5884, 4
1391774, 4
22902, 4
673650, 4
628616, 4
1225166, 4
1226583, 4
1103214, 4
1226831, 4
10558, 4
20683, 4
1043669, 4
1187668, 4
1232184, 4
642844, 4
1202522, 4
1030894, 4
540921, 4
753940, 4
1223602, 4
1218753, 4
9587, 4
1070583, 4
21079, 4
1215076, 4
1516447, 4
1206152, 4
1025351, 4
1068782, 4
600054, 4
12523, 4
1193817, 4
1078567, 4
27519, 4
1223781, 4
23412, 4
557403, 4
1522661, 4
1222818, 4
558846, 4
759317, 4
239, 4
1184326, 4
29206, 4
573909, 4
1180767, 4
18784, 4
1034178, 4
568501, 4
1200585, 4
1214303, 4
1104534, 4
567623, 4
1046350, 4
11870, 4
1031682, 4
864757, 4
1211794, 4
1228342, 4
1261307, 4
1040416, 4
1030738, 4
1185951, 4
1220168, 4
1032174, 4
1105540, 4
1201298, 4
2230282, 4
1207286, 4
1032803, 4
1183203, 4
1235194, 4
1224138, 4
1195421, 4
16033, 4
998945, 4
772941, 4
551219, 4
752976, 4
574369, 4
680502, 4
1225365, 4
864641, 4
1033845, 4
1246309, 4
1224932, 4
1281, 4
1217665, 4
1226609, 4
2706, 4
1220735, 4
17677, 4
1208753, 4
646609, 4
1079294, 4
1043728, 4
10335, 4
1304, 4
1030967, 4
1212513, 4
32640, 4
1079792, 4
22435, 4
1214818, 4
1079785, 4
1221149, 4
2241579, 4
15644, 4
1521123, 4
22165, 4
1033703, 4
541840, 4
864765, 4
1288, 4
1207022, 4
1181437, 4
1222348, 4
862373, 4
553242, 4
32536, 4
23556, 4
15706, 4
1105256, 4
1226650, 4
1218293, 4
1198376, 4
2226814, 4
556646, 4
1203801, 4
709352, 4
1031243, 4
753853, 4
672335, 4
1033258, 4
1018954, 4
1031979, 4
1208795, 4
2761457, 4
1183718, 4
9473, 4
15955, 4
4999, 4
4105, 4
972529, 4
1048020, 4
1226722, 4
2230127, 4
22621, 4
640470, 4
3325, 4
1033427, 4
1183230, 4
675668, 4
24144, 4
1216920, 4
557373, 4
1208135, 4
1214654, 4
5078, 4
760339, 4
1103380, 4
677074, 4
1218426, 4
1208923, 4
31054, 4
542484, 4
973981, 4
849798, 4
974959, 4
41057, 4
554352, 4
1025313, 4
1218351, 4
1208297, 4
549127, 4
1225009, 4
14415, 4
1216306, 4
720526, 4
2017836, 4
10166, 4
1208930, 4
1211922, 4
1215940, 4
4466, 4
1186790, 4
1176566, 4
1034607, 4
1063174, 4
1205581, 4
17522, 4
5840, 4
555508, 4
1185574, 4
1206126, 4
1084801, 4
1197527, 4
1190573, 4
1103591, 4
1032806, 4
1235402, 4
1025241, 4
5932, 4
1014332, 4
1106036, 4
1048622, 4
756450, 4
2230624, 4
1226631, 4
1103472, 4
505278, 4
1228056, 4
1206916, 4
2241474, 4
558314, 4
1217550, 4
34292, 4
1206672, 4
1223830, 4
1227975, 4
22026, 4
1224091, 4
1087497, 4
1208376, 4
1196886, 4
1078539, 4
1224737, 4
4899, 4
1018102, 4
1223235, 4
1072191, 4
1227696, 4
555999, 4
510558, 4
1201586, 4
1336, 4
1218768, 4
1066029, 4
1216537, 4
1207218, 4
1225210, 4
32959, 4
1218589, 4
698640, 4
554433, 4
1222774, 4
1104393, 4
1206950, 4
2861134, 4
1008927, 4
640458, 4
1018097, 4
1188266, 4
1207971, 4
765962, 4
29628, 4
1226911, 4
1222318, 4
1220780, 4
21287, 4
1181940, 4
1189206, 4
1223024, 4
998918, 4
1080354, 4
548691, 4
1206942, 4
1225717, 4
1211065, 4
1222504, 4
1204055, 4
1206125, 4
1221811, 4
978596, 4
569349, 4
13020, 4
567143, 4
13570, 4
23704, 4
32994, 4
30792, 4
569428, 4
1215696, 4
2231096, 4
1079507, 4
1199595, 4
1207368, 4
1212863, 4
1185047, 4
1033673, 4
672256, 4
2224825, 4
773844, 4
541669, 4
21195, 4
1212352, 4
1009088, 4
1522724, 4
1226485, 4
3455, 4
1187829, 4
1218375, 4
1223453, 4
3985, 4
1216803, 4
1068742, 4
34121, 4
1226980, 4
3216986, 4
1206755, 4
23151, 4
1219919, 4
5046, 4
1212462, 4
1225492, 4
1202173, 4
1102006, 4
1215707, 4
569711, 4
999086, 4
1264900, 4
1226848, 4
32906, 4
30704, 4
754694, 4
1048100, 4
1045705, 4
974690, 4
675989, 4
976017, 4
1211479, 4
754403, 4
1042556, 4
1187936, 4
1032273, 4
1203368, 4
1043416, 4
1199591, 4
2459069, 4
1224054, 4
2230280, 4
559798, 4
1221733, 4
971960, 4
1197741, 4
1095188, 4
29537, 4
1078722, 4
1206100, 4
1217761, 4
1215845, 4
1042220, 4
756619, 4
641778, 4
1045389, 4
1210457, 4
31252, 4
21596, 4
625502, 4
1048180, 4
7621, 4
1078718, 4
6468, 4
23114, 4
1233372, 4
698470, 4
4997, 4
30673, 4
14716, 4
1070135, 4
1196632, 4
1031942, 4
1102385, 4
22066, 4
1207307, 4
37537, 4
1078002, 4
1041273, 4
1008556, 4
1183327, 4
770635, 4
1181700, 4
4175, 4
20401, 4
1214056, 4
1184397, 4
4653, 4
1047851, 4
4973, 4
1216699, 4
1208014, 4
557057, 4
22534, 4
861, 4
1018664, 4
1186736, 4
1232068, 4
973792, 4
676880, 4
1120779, 4
1206859, 4
2965, 4
667315, 4
772510, 4
1079540, 4
1224484, 4
757186, 4
1019266, 4
685956, 4
1223984, 4
1102381, 4
505342, 4
1034664, 4
1079603, 4
1078815, 4
757661, 4
1217208, 4
1217194, 4
1221648, 4
1025324, 4
1246820, 4
979014, 4
793, 4
1102374, 4
2240590, 4
1025070, 4
30684, 4
1186518, 4
10087, 4
1046608, 4
1539038, 4
1214738, 4
1228437, 4
1104104, 4
1229287, 4
1025370, 4
21479, 4
1147764, 4
3018, 4
12986, 4
1213889, 4
37514, 4
1078898, 4
22956, 4
22951, 4
5386, 4
34232, 4
35787, 4
8335, 4
1222287, 4
1209164, 4
1699, 4
22423, 4
752844, 4
1235441, 4
1191148, 4
1223495, 4
5400, 4
3074, 4
1147532, 4
1223893, 4
1218818, 4
20723, 4
10105, 4
1187273, 4
17968, 4
752853, 4
1208668, 4
861268, 4
541863, 4
1190972, 4
1200835, 4
1104067, 4
1048194, 4
30666, 4
1198478, 4
3406, 4
1186299, 4
1030964, 4
971779, 4
505803, 4
1009085, 4
1183361, 4
732207, 4
1216542, 4
1034805, 4
1193573, 4
1008498, 4
1215855, 4
972607, 4
14005, 4
1021950, 4
1205375, 4
20106, 4
1033691, 4
1210266, 4
10311, 4
669918, 4
1207070, 4
1207986, 4
568944, 4
4073, 4
8926, 4
1219112, 4
19275, 4
1219053, 4
1034728, 4
1206004, 4
707104, 4
19298, 4
4023, 4
1517417, 4
568225, 4
1182662, 4
18212, 4
1185791, 4
1079959, 4
38240, 4
1213701, 4
679985, 4
1210839, 4
4487, 4
1210280, 4
725218, 4
1222332, 4
4450, 4
505528, 4
545369, 4
34508, 4
676629, 4
4452, 4
676360, 4
1103360, 4
754910, 4
766948, 4
978920, 4
1217737, 4
1417269, 4
1211991, 4
4609, 4
1227813, 4
6254, 4
1191679, 4
760104, 4
1519251, 4
1232351, 4
1018049, 4
1206222, 4
1228424, 4
628665, 4
1104191, 4
558443, 4
34770, 4
1192641, 4
1094567, 4
1031564, 4
14785, 4
1223499, 4
1208673, 4
561377, 4
626307, 4
698357, 4
1018124, 4
505145, 4
762454, 4
5288, 4
4790, 4
1079967, 4
973175, 4
33526, 4
756889, 4
1184608, 4
1031817, 4
1031430, 4
40830, 4
1224129, 4
1186244, 4
1186083, 4
1206465, 4
1047145, 4
1205867, 4
10993, 4
778259, 4
2226713, 4
10322, 4
974925, 4
2047136, 4
569282, 4
1225314, 4
629397, 4
1225155, 4
1180211, 4
1035892, 4
20006, 4
547271, 4
1743, 4
1207198, 4
1223274, 4
1095457, 4
1203068, 4
1226614, 4
866819, 4
1201452, 4
1221644, 4
1246276, 4
552651, 4
1203513, 4
19518, 4
2048, 4
1215354, 4
9353, 4
1018897, 4
505153, 4
1218502, 4
1092291, 4
1188153, 4
1246330, 4
8858, 4
1220167, 4
1102001, 4
1186883, 4
976824, 4
1048672, 4
1225172, 4
1032600, 4
1200030, 4
1192618, 4
632812, 4
1206475, 4
1069561, 4
1223046, 4
2764466, 4
2232641, 4
21880, 4
1226737, 4
570560, 4
1079426, 4
1033567, 4
1207981, 4
981336, 4
1210707, 4
1246688, 4
1079954, 4
570022, 4
1202777, 4
1177837, 4
1227645, 4
28020, 4
1101018, 4
1198971, 4
6962, 4
1206832, 4
1228979, 4
1221746, 4
33449, 4
11300, 4
1018665, 4
21443, 4
1226872, 4
1517084, 4
1214691, 4
1590, 4
1186540, 4
1032451, 4
510488, 4
1226462, 4
1247306, 4
573974, 4
2881, 4
10048, 4
20732, 4
19076, 4
1105702, 4
1080567, 4
39412, 4
32933, 4
1099073, 4
29890, 4
1224745, 4
1196279, 4
22607, 4
1224083, 4
1188930, 4
764354, 4
1045706, 4
690684, 4
1217308, 4
1032440, 4
22639, 4
7591, 4
20664, 4
1147530, 4
669594, 4
38103, 4
532537, 4
2226884, 4
1225885, 4
1046345, 4
6655, 4
1030787, 4
1340768, 4
1220684, 4
1236222, 4
1212605, 4
1191355, 4
1220665, 4
1205633, 4
1032002, 4
1031691, 4
1210916, 4
1106078, 4
4881, 4
1034467, 4
1223460, 4
758070, 4
1104923, 4
1025490, 4
1222832, 4
2226121, 4
1220387, 4
567807, 4
1206904, 4
1222880, 4
1522465, 4
1063133, 4
1031405, 4
1223699, 4
1001023, 4
1232115, 4
1220403, 4
1038483, 4
413, 4
1652, 4
20260, 4
34380, 4
34185, 4
1186189, 4
653811, 4
1206571, 4
1207942, 4
1186520, 4
1019719, 4
2217316, 4
1098707, 4
760327, 4
1225136, 4
1031048, 4
1227841, 4
2215960, 4
2241898, 4
1043526, 4
1176598, 4
1245523, 4
2078, 4
2222863, 4
1179789, 4
1031997, 4
669393, 4
2210607, 4
1222522, 4
29685, 4
1207303, 4
542943, 4
1079508, 4
1200760, 4
505598, 4
571296, 4
2232505, 4
1216534, 4
30993, 4
559270, 4
639755, 4
1205709, 4
1032532, 4
1227061, 4
608254, 4
1200812, 4
1214747, 4
1207987, 4
540951, 4
1205588, 4
32652, 4
2374583, 4
696128, 4
1078049, 4
1216526, 4
19787, 4
5725, 4
1187223, 4
865357, 4
1185606, 4
780217, 4
989195, 4
1443952, 4
9289, 4
34656, 4
672217, 4
1035709, 4
582433, 4
1206565, 4
1068587, 4
1025077, 4
549490, 4
32586, 4
1079703, 4
975647, 4
1225323, 4
1034739, 4
4735, 4
8615, 4
1229006, 4
1185124, 4
796324, 4
1068807, 4
1221440, 4
1217432, 4
1317973, 4
2764696, 4
1032818, 4
1179529, 4
695514, 4
656880, 4
23097, 4
1025385, 4
1018089, 4
1226515, 4
707097, 4
1278738, 4
23597, 4
1219859, 4
1212026, 4
1204352, 4
978508, 4
557726, 4
703316, 4
774424, 4
37605, 4
22271, 4
2226111, 4
1019729, 4
510366, 4
560133, 4
1218243, 4
12073, 4
14748, 4
1394584, 4
1199943, 4
1080723, 4
1185257, 4
755692, 4
754520, 4
545728, 4
775910, 4
1102021, 4
769253, 4
1211135, 4
1016197, 4
29809, 4
12059, 4
1032311, 4
7457, 4
1215728, 4
1002069, 4
18757, 4
1031127, 4
1104273, 4
7394, 4
1793, 4
1042137, 4
1214553, 4
552016, 4
1185258, 4
1014287, 4
1048457, 4
1224489, 4
1101893, 4
22657, 4
1184903, 4
1220477, 4
569124, 4
28978, 4
1147562, 4
643656, 4
1215933, 4
2646994, 4
1105426, 4
675146, 4
6544, 4
1219254, 4
1147536, 4
1221036, 4
1204608, 4
974856, 4
1196054, 4
1219397, 4
759601, 4
1178553, 4
558990, 4
1212858, 4
978272, 4
1095395, 4
4210, 4
3277, 4
1218142, 4
1366251, 4
2647006, 4
976277, 4
1031332, 4
1197504, 4
1173221, 4
1048584, 4
510041, 4
1235778, 4
1228597, 4
1194382, 4
1225038, 4
1227338, 4
1218101, 4
567914, 4
1078778, 4
1106188, 4
1250467, 4
1186728, 4
8159, 4
18882, 4
1216746, 4
1213207, 4
1191416, 4
1219894, 4
1209821, 4
2230430, 4
17094, 4
1211130, 4
755435, 4
1219289, 4
642834, 4
1204335, 4
570502, 4
1225226, 4
1246222, 4
2217553, 4
1031251, 4
10858, 4
1186925, 4
1228222, 4
34477, 4
978280, 4
11262, 4
2232910, 4
1009223, 4
3108, 4
570140, 4
1247660, 4
1071889, 4
1096810, 4
1225561, 4
776104, 4
7060, 4
1077929, 4
1030841, 4
20800, 4
15323, 4
1273532, 4
574199, 4
554710, 4
1220889, 4
1068246, 4
3297, 4
2227436, 4
1032862, 4
28122, 4
40286, 4
849358, 4
1183824, 4
1224421, 4
1223082, 4
754909, 4
647275, 4
976762, 4
1225319, 4
1106087, 4
1214235, 4
1018752, 4
7364, 4
20233, 4
7661, 4
1235536, 4
982637, 4
1215421, 4
22859, 4
1206726, 4
561045, 4
18839, 4
13473, 4
754149, 4
647347, 4
2219084, 4
42264, 4
10572, 4
998610, 4
1178366, 4
1103986, 4
1071468, 4
3148, 4
756878, 4
16967, 4
38725, 4
1206941, 4
1229127, 4
1147763, 4
1094171, 4
628, 4
21907, 4
1046613, 4
1216050, 4
1185264, 4
18825, 4
1198882, 4
1120780, 4
11464, 4
1033338, 4
1215791, 4
632219, 4
30387, 4
7875, 4
1232080, 4
1098545, 4
1216038, 4
1207102, 4
1025261, 4
1032336, 4
1186671, 4
4371, 4
760012, 4
1223633, 4
1210207, 4
864986, 4
1206461, 4
1025294, 4
1096987, 4
10350, 4
11239, 4
5109, 4
1033410, 4
10866, 4
635471, 4
1019599, 4
977054, 4
1226508, 4
1221388, 4
1184425, 4
1193718, 4
1228809, 4
1209067, 4
10201, 4
21057, 4
1206853, 4
1215459, 4
1104060, 4
1030927, 4
7090, 4
17006, 4
1186545, 4
23856, 4
13920, 4
1211205, 4
1220557, 4
1217358, 4
1030909, 4
1038744, 4
764417, 4
1177868, 4
761078, 4
569147, 4
1202174, 4
770950, 4
1103995, 4
698375, 4
1183435, 4
1033923, 4
1106175, 4
20341, 4
754364, 4
757953, 4
1098251, 4
1186350, 4
697715, 4
1173513, 4
1101990, 4
9886, 4
2230291, 4
1033656, 4
1031661, 4
1224829, 4
7801, 4
608239, 4
1094476, 4
1105960, 4
1072580, 4
1033028, 4
1211861, 4
20970, 4
1218425, 4
558965, 4
1245895, 4
1086665, 4
2218200, 4
1228426, 4
12084, 4
772899, 4
6625, 4
1035445, 4
1227032, 4
1229041, 4
2685, 4
1031860, 4
1217290, 4
677468, 4
1521987, 4
558364, 4
1078860, 4
1043605, 4
1035605, 4
675638, 4
1178498, 4
849092, 4
973974, 4
14092, 4
1031233, 4
1056351, 4
1217431, 4
1080205, 4
27077, 4
554144, 4
1205976, 4
1228189, 4
571624, 4
20318, 4
1048352, 4
1186072, 4
2232202, 4
558827, 4
2237174, 4
1032698, 4
1209282, 4
1206946, 4
2533, 4
628617, 4
1239142, 4
976047, 4
1031577, 4
1177955, 4
1035862, 4
543031, 4
1069658, 4
980420, 4
1216599, 4
1232330, 4
1185792, 4
1221130, 4
1030818, 4
1330795, 4
1208305, 4
557073, 4
1245818, 4
1519541, 4
1229087, 4
10930, 4
36538, 4
1219632, 4
981391, 4
1210262, 4
1235027, 4
3808, 4
2901810, 4
614918, 4
33397, 4
1223855, 4
1218471, 4
1035029, 4
20980, 4
174, 4
1217111, 4
1183495, 4
1214334, 4
1033375, 4
27962, 4
1031499, 4
1359, 4
1188030, 4
1202772, 4
559549, 4
1228413, 4
1213102, 4
140, 4
1048012, 4
1205321, 4
1220104, 4
18993, 4
753717, 4
982195, 4
973092, 4
1068446, 4
21463, 4
1118943, 4
1225392, 4
971966, 4
2459381, 4
1247500, 4
2230303, 4
1518582, 4
1209037, 4
1228003, 4
1067935, 4
1212486, 4
31491, 4
622190, 4
2227518, 4
21070, 4
1216677, 4
20038, 4
1220743, 4
2227057, 4
1034688, 4
11086, 4
23562, 4
569289, 4
1084815, 4
557296, 4
552098, 4
1046397, 4
1207046, 4
27385, 4
1199358, 4
1219733, 4
675458, 4
1018936, 4
7568, 4
21326, 4
1213836, 4
1173029, 4
1206847, 4
1177954, 4
759035, 4
571297, 4
755451, 4
1035527, 4
558947, 4
3388, 4
4200, 4
1078439, 4
16538, 4
554682, 4
1214137, 4
684732, 4
28130, 4
754572, 4
18422, 4
1212228, 4
758596, 4
1217033, 4
1043973, 4
1183108, 4
21194, 4
1031129, 4
1032845, 4
1078286, 4
1197716, 4
1226486, 4
1147589, 4
1032151, 4
567325, 4
1191338, 4
1079347, 4
1186182, 4
1045986, 4
1199905, 4
1272303, 4
1207643, 4
1008395, 4
1222294, 4
754345, 4
1218188, 4
1008528, 4
19214, 4
1205589, 4
1214453, 4
569696, 4
32244, 4
1223066, 4
697677, 4
1042189, 4
1183083, 4
1393408, 4
1211300, 4
1210227, 4
6945, 4
581281, 4
36150, 4
555165, 4
1205812, 4
1033387, 4
555212, 4
28768, 4
7590, 4
1207257, 4
1207956, 4
4064, 4
22481, 4
1213995, 4
1212895, 4
541381, 4
1227259, 4
23710, 4
1177916, 4
556920, 4
1071768, 4
1220156, 4
568032, 4
4742, 4
684003, 4
1215010, 4
630641, 4
1200331, 4
1207360, 4
753703, 4
1208617, 4
1222755, 4
705284, 4
1220947, 4
1228548, 4
1187158, 4
1225825, 4
1206733, 4
1173060, 4
1216630, 4
8234, 4
19945, 4
27211, 4
985296, 4
1042519, 4
20918, 4
10965, 4
22386, 4
1218122, 4
28067, 4
504524, 4
1924816, 4
27496, 4
36029, 4
1247016, 4
759591, 4
1032499, 4
1223056, 4
15703, 4
22374, 4
1031545, 4
1223756, 4
1183438, 4
1030755, 4
1222905, 4
2229523, 4
21080, 4
1025301, 4
1035030, 4
1187450, 4
1102174, 4
1030743, 4
637599, 4
1033014, 4
3207, 4
1221916, 4
1232214, 4
1094089, 4
42981, 4
1186493, 4
995219, 4
622020, 4
1236302, 4
1219174, 4
1035885, 4
1228755, 4
1033159, 4
615537, 4
1029845, 4
1033061, 4
13339, 4
2228261, 4
1025467, 4
20494, 4
29403, 4
1519705, 4
2763279, 4
1018812, 4
1190133, 4
1029312, 4
1094514, 4
350, 4
755001, 4
1018892, 4
643941, 4
1209860, 4
1353217, 4
1222990, 4
1209807, 4
605809, 4
27274, 4
1520433, 4
1103872, 4
1219175, 4
1031871, 4
1224169, 4
1275541, 4
1666361, 4
1102211, 4
1032333, 4
7109, 4
1071032, 4
1225911, 4
2232453, 4
1225000, 4
554151, 4
1095707, 4
1095117, 4
1224848, 4
676497, 4
3286, 4
1032879, 4
1521402, 4
20629, 4
1201747, 4
1186702, 4
570149, 4
1078698, 4
1220712, 4
1019324, 4
1227484, 4
1183423, 4
1222432, 4
20278, 4
1207225, 4
1032625, 4
982381, 4
1190025, 4
1195366, 4
559904, 4
11879, 4
18881, 4
754501, 4
1047736, 4
1077954, 4
4674, 4
1226954, 4
982982, 4
1226134, 4
4340, 4
721094, 4
1142841, 4
1227361, 4
5129, 4
1217604, 4
1216293, 4
2229504, 4
1521873, 4
1236794, 4
1210958, 4
1210543, 4
753353, 4
754716, 4
1218888, 4
1206470, 4
1031708, 4
1078053, 4
1400415, 4
2226747, 4
1032654, 4
4660, 4
28650, 4
1016153, 4
1095149, 4
1200057, 4
542114, 4
1077267, 4
4743, 4
2041196, 4
1208768, 4
7790, 4
1187323, 4
2232178, 4
754809, 4
1181438, 4
693284, 4
1206165, 4
1189870, 4
1202088, 4
1216798, 4
1225275, 4
31440, 4
1147631, 4
1179197, 4
1032382, 4
1032918, 4
775311, 4
1194589, 4
567513, 4
1409276, 4
1223874, 4
1963, 4
1235834, 4
1008523, 4
1147585, 4
1032615, 4
637220, 4
1197005, 4
866505, 4
1077378, 4
1025302, 4
5104, 4
4800, 4
36088, 4
1223730, 4
755190, 4
1245429, 4
1207291, 4
1216374, 4
1222301, 4
1216882, 4
556415, 4
1035414, 4
1193657, 4
560631, 4
1032469, 4
1223813, 4
1079195, 4
1065309, 4
1020592, 4
19906, 4
1187446, 4
31209, 4
557862, 4
1213789, 4
1032915, 4
1205313, 4
1188363, 4
569650, 4
12063, 4
1008802, 4
696155, 4
850999, 4
1394893, 4
13357, 4
4050, 4
570578, 4
33618, 4
37741, 4
19503, 4
1522423, 4
1213932, 4
1019601, 4
643706, 4
24204, 4
1221985, 4
1031808, 4
1187386, 4
22209, 4
1025360, 4
21055, 4
1188393, 4
6671, 4
1201421, 4
10092, 4
764642, 4
24103, 4
27102, 4
31411, 4
549776, 4
1212589, 4
1031455, 4
1227593, 4
2901572, 4
555458, 4
1214785, 4
1039208, 4
1223223, 4
1080591, 4
1033223, 4
560045, 4
18963, 4
1186093, 4
5160, 4
1025531, 4
1173065, 4
1032741, 4
1208607, 4
773600, 4
979010, 4
30278, 4
755748, 4
1031907, 4
772090, 4
1223237, 4
1202869, 4
1196957, 4
1246307, 4
1182875, 4
1182183, 4
1008601, 4
1101261, 4
1206948, 4
1184487, 4
1104462, 4
1185793, 4
1013911, 4
1226513, 4
569674, 4
560511, 4
20824, 4
1206533, 4
1207343, 4
1232380, 4
30411, 4
1034199, 4
1220977, 4
1033263, 4
1226782, 4
35421, 4
1232324, 4
31284, 4
1183597, 4
1226918, 4
1213741, 4
1181673, 4
504941, 4
1095072, 4
1185097, 4
1046001, 4
505249, 4
1203781, 4
1193609, 4
1220305, 4
1183333, 4
1106203, 4
1207189, 4
603888, 4
21794, 4
1196241, 4
1212680, 4
19330, 4
1080288, 4
9939, 4
731813, 4
1208725, 4
1222277, 4
1105253, 4
1224944, 4
30164, 4
2678, 4
980084, 4
2232429, 4
26477, 4
1216602, 4
30594, 4
3497, 4
1229095, 4
1221595, 4
865342, 4
7361, 4
1199172, 4
570837, 4
774239, 4
1078666, 4
19796, 4
2229265, 4
643006, 4
1223852, 4
1224262, 4
754515, 4
1147662, 4
705890, 4
1078602, 4
1215422, 4
1195308, 4
1221640, 4
4488, 4
1520451, 4
1225528, 4
1221720, 4
1043369, 4
1029446, 4
1214100, 4
1209014, 4
1186151, 4
1522156, 4
561172, 4
1209675, 4
567240, 4
1217629, 4
1095234, 4
1031806, 4
1031185, 4
1187528, 4
5167, 4
1072082, 4
1217556, 4
621928, 4
1043550, 4
669431, 4
1194363, 4
1222334, 4
776961, 4
863764, 4
1227840, 4
1522623, 4
20404, 4
1222579, 4
1031369, 4
1226259, 4
1183010, 4
23752, 4
35281, 4
1202244, 4
542021, 4
567776, 4
1213089, 4
1203767, 4
1031920, 4
10488, 4
555322, 4
1218320, 4
642735, 4
643523, 4
1217767, 4
1214003, 4
1222172, 4
1101408, 4
1216177, 4
1186176, 4
697179, 4
1223424, 4
1183080, 4
1183387, 4
1228910, 4
1228819, 4
644923, 4
569869, 4
1218240, 4
27794, 4
818655, 4
1228646, 4
8447, 4
35714, 4
685220, 4
675620, 4
1232248, 4
1211933, 4
1227177, 4
1233449, 4
565434, 4
6680, 4
1226175, 4
19412, 4
776026, 4
37693, 4
604717, 4
1227313, 4
9406, 4
1520816, 4
1186815, 4
1224080, 4
23996, 4
21408, 4
1078671, 4
861653, 4
759389, 4
1205484, 4
1189294, 4
1273949, 4
1402859, 4
1183214, 4
19756, 4
560515, 4
1079886, 4
505078, 4
639160, 4
13429, 4
1218709, 4
1201838, 4
978993, 4
1210741, 4
1208732, 4
1208877, 4
1183427, 4
30358, 4
1033208, 4
568798, 4
1183912, 4
1034847, 4
1106195, 4
15186, 4
765258, 4
1189201, 4
1031694, 4
1104815, 4
4908, 4
1206255, 4
10845, 4
1207997, 4
1226102, 4
554935, 4
642821, 4
1200777, 4
4730, 4
23177, 4
1198337, 4
1228041, 4
1213110, 4
863435, 4
1105077, 4
1031245, 4
862855, 4
1212566, 4
505720, 4
29201, 4
1200371, 4
1208583, 4
29754, 4
1096927, 4
774428, 4
569302, 4
604773, 4
567872, 4
1078793, 4
1208811, 4
1035013, 4
1214946, 4
1180489, 4
1070321, 4
1519956, 4
1178842, 4
15472, 4
1226985, 4
1192660, 4
1203655, 4
1033981, 4
29826, 4
1147777, 4
26512, 4
13399, 4
1031939, 4
1218049, 4
605860, 4
12243, 4
1215895, 4
1205946, 4
621926, 4
978849, 4
1200466, 4
1104680, 4
1035140, 4
675328, 4
30685, 4
12770, 4
1245897, 4
30273, 4
510436, 4
7906, 4
2350391, 4
1227047, 4
862664, 4
1235221, 4
675925, 4
1177894, 4
4952, 4
1079647, 4
1225459, 4
554181, 4
11029, 4
1410270, 4
35777, 4
18285, 4
2242179, 4
36536, 4
12975, 4
581206, 4
2059, 4
753467, 4
7714, 4
1205746, 4
1218954, 4
1105500, 4
9757, 4
987595, 4
556733, 4
1246922, 4
21538, 4
1002081, 4
1228890, 4
1227058, 4
752948, 4
1176614, 4
1188090, 4
1031438, 4
36052, 4
870, 4
13497, 4
1102237, 4
1200173, 4
867963, 4
1033060, 4
999295, 4
1180435, 4
1105068, 4
772861, 4
1227084, 4
772439, 4
675479, 4
1094961, 4
1103568, 4
1079211, 4
19900, 4
1220300, 4
1032166, 4
703559, 4
1080352, 4
1211805, 4
2230196, 4
1071541, 4
1841, 4
1014303, 4
21433, 4
1517119, 4
1206363, 4
581747, 4
555007, 4
1193322, 4
1018738, 4
1080122, 4
1216652, 4
1100, 4
504727, 4
1228370, 4
976055, 4
19743, 4
639876, 4
1258129, 4
1204213, 4
684638, 4
1214454, 4
1033472, 4
1218897, 4
1214106, 4
571586, 4
12773, 4
2217390, 4
10909, 4
1212619, 4
1080773, 4
19272, 4
1188087, 4
1098011, 4
4903, 4
1093993, 4
1227069, 4
1545458, 4
761128, 4
1032928, 4
1213863, 4
2228633, 4
1181812, 4
1216968, 4
1396980, 4
3329, 4
1222402, 4
1206792, 4
1080507, 4
1207729, 4
1192545, 4
1120817, 4
1214514, 4
1218216, 4
1246863, 4
643431, 4
1224061, 4
22612, 4
6123, 4
1056579, 4
28843, 4
1218699, 4
7916, 4
1033030, 4
1184695, 4
1203444, 4
1014265, 4
1208995, 4
1219483, 4
9117, 4
17450, 4
1222545, 4
4854, 4
6847, 4
9579, 4
1200793, 4
1033179, 4
1217367, 4
1220704, 4
1219847, 4
1203959, 4
1187360, 4
1193970, 4
1213069, 4
1203373, 4
1227710, 4
1080469, 4
1032034, 4
1214951, 4
1206225, 4
18830, 4
1234467, 4
1210114, 4
29593, 4
27468, 4
649084, 4
568431, 4
1224503, 4
37108, 4
760851, 4
10101, 4
774907, 4
1185172, 4
1227179, 4
1299, 4
1187142, 4
3382, 4
2230486, 4
1194563, 4
778404, 4
1099223, 4
1202833, 4
600001, 4
1079764, 4
1181522, 4
1220326, 4
1190662, 4
1198165, 4
1078580, 4
1080722, 4
6947, 4
1103919, 4
1048660, 4
559347, 4
38771, 4
753741, 4
862806, 4
725294, 4
17004, 4
1208577, 4
1034931, 4
1016240, 4
569931, 4
22633, 4
5605, 4
7523, 4
23611, 4
1178032, 4
560861, 4
1102278, 4
582282, 4
1104493, 4
725945, 4
1224170, 4
1147722, 4
1120757, 4
1222806, 4
11770, 4
20982, 4
1224733, 4
1183353, 4
1034283, 4
1208746, 4
1184916, 4
17861, 4
1206061, 4
10676, 4
776770, 4
1103635, 4
11025, 4
4624, 4
1201454, 4
1147546, 4
1223727, 4
1006322, 4
12780, 4
865534, 4
14090, 4
7108, 4
1078616, 4
1031074, 4
1219237, 4
21187, 4
2232673, 4
551900, 4
1209884, 4
1383064, 4
558172, 4
1216738, 4
1194639, 4
1218981, 4
1031339, 4
27355, 4
1199093, 4
11387, 4
2228917, 4
630866, 4
1197875, 4
759023, 4
1218549, 4
1217135, 4
758740, 4
1033911, 4
1210686, 4
14865, 4
567808, 4
1207144, 4
1185179, 4
17652, 4
1189777, 4
30789, 4
1282288, 4
1205302, 4
522, 4
974970, 4
1214200, 4
1222798, 4
2232270, 4
1070253, 4
861868, 4
1226503, 4
1203456, 4
5479, 4
753506, 4
1223106, 4
1206870, 4
1104719, 4
1226675, 4
1209569, 4
1068664, 4
1078562, 4
4164, 4
1384628, 4
1247620, 4
16648, 4
1187275, 4
1212211, 4
1017511, 4
1021659, 4
698491, 4
505611, 4
642736, 4
759399, 4
1222326, 4
1215945, 4
1209703, 4
1223952, 4
1018153, 4
22904, 4
761035, 4
620290, 4
20311, 4
10422, 4
1186195, 4
1185266, 4
1071504, 4
1185858, 4
1206876, 4
19293, 4
1226829, 4
600006, 4
1323, 4
1187110, 4
1101024, 4
1202615, 4
1208744, 4
755084, 4
1200617, 4
505531, 4
862901, 4
1220068, 4
721006, 4
1245529, 4
1188099, 4
610738, 4
16124, 4
1018140, 4
14613, 4
752884, 4
1521076, 4
1183855, 4
999133, 4
1218156, 4
1215371, 4
1031943, 4
1235154, 4
1080105, 4
1048044, 4
1030690, 4
1069379, 4
568718, 4
1208173, 4
979282, 4
979273, 4
20102, 4
1225555, 4
1096312, 4
1211969, 4
1221886, 4
546679, 4
1213201, 4
30836, 4
1025176, 4
1210998, 4
1103016, 4
571191, 4
1048636, 4
1221697, 4
1228570, 4
33615, 4
1033880, 4
2378, 4
756155, 4
1218925, 4
1217081, 4
862748, 4
2226848, 4
849462, 4
1095201, 4
1214731, 4
1225609, 4
1038412, 4
772261, 4
10698, 4
12621, 4
22447, 4
7094, 4
1247513, 4
1208261, 4
1229046, 4
1215890, 4
4853, 4
1210719, 4
758680, 4
1025193, 4
1031276, 4
1190042, 4
7072, 4
1206209, 4
1184440, 4
605867, 4
2038625, 4
972507, 4
568402, 4
28639, 4
1043408, 4
7548, 4
1025108, 4
1196911, 4
38394, 4
1080767, 4
1220874, 4
976742, 4
36819, 4
1202414, 4
1208492, 4
14495, 4
21033, 4
1207419, 4
20055, 4
1078507, 4
2222877, 4
1147568, 4
990436, 4
1222890, 4
1183827, 4
9453, 4
1031039, 4
9338, 4
19119, 4
1187301, 4
7248, 4
2227249, 4
1218155, 4
1183477, 4
884085, 4
20626, 4
19441, 4
647604, 4
1213470, 4
1245684, 4
2225352, 4
20488, 4
1032679, 4
30228, 4
12769, 4
558689, 4
1232063, 4
1206526, 4
1096988, 4
615138, 4
568902, 4
1186826, 4
38292, 4
1213784, 4
754983, 4
1147623, 4
5666, 4
1031259, 4
1247656, 4
727994, 4
1214529, 4
1043372, 4
2847, 4
1235925, 4
1185103, 4
1250278, 4
1206417, 4
1245655, 4
1186109, 4
862773, 4
1206585, 4
778748, 4
1047016, 4
12884, 4
761281, 4
2221, 4
1210965, 4
1233759, 4
37179, 4
1215228, 4
1018814, 4
1099241, 4
1031821, 4
1220350, 4
1223360, 4
1207245, 4
1207113, 4
1185200, 4
1210079, 4
1245708, 4
1228091, 4
1104269, 4
1411498, 4
19045, 4
1103819, 4
1216521, 4
1046652, 4
758873, 4
1223667, 4
642845, 4
1094248, 4
552454, 4
1211035, 4
20942, 4
1245856, 4
1183424, 4
546629, 4
27854, 4
10500, 4
557929, 4
1101251, 4
1207127, 4
1183341, 4
6793, 4
1209111, 4
615314, 4
1207732, 4
5982, 4
22687, 4
1104173, 4
10564, 4
765665, 4
622570, 4
1181094, 4
849800, 4
34141, 4
19860, 4
1196648, 4
2227467, 4
28520, 4
1032272, 4
974795, 4
1192163, 4
1194552, 4
30371, 4
568173, 4
766938, 4
1077029, 4
5831, 4
1217973, 4
571244, 4
1226577, 4
1035182, 4
22392, 4
985637, 4
755354, 4
1218397, 4
1078771, 4
1071036, 4
27810, 4
1077558, 4
570384, 4
1188548, 4
1216751, 4
1190949, 4
1214022, 4
1094883, 4
1196036, 4
1105049, 4
753010, 4
20752, 4
752395, 4
1520355, 4
1019797, 4
1031114, 4
1031643, 4
1106361, 4
43055, 4
28212, 4
1215542, 4
1228508, 4
1232321, 4
996959, 4
863749, 4
1195593, 4
1217773, 4
1025095, 4
1179401, 4
733822, 4
20707, 4
1223851, 4
1218874, 4
20907, 4
1222323, 4
1190530, 4
1186629, 4
1518829, 4
542170, 4
1032374, 4
18972, 4
13156, 4
3507, 4
1194777, 4
755390, 4
1018152, 4
17848, 4
1018667, 4
2228257, 4
1072248, 4
757842, 4
1523095, 4
15318, 4
1217801, 4
8666, 4
12359, 4
1095337, 4
1218403, 4
1256151, 4
1034033, 4
1180746, 4
1176413, 4
775679, 4
1211149, 4
4223, 4
540900, 4
33218, 4
1224823, 4
1183195, 4
1185042, 4
977314, 4
1094998, 4
1247247, 4
1031681, 4
1199840, 4
21660, 4
1217105, 4
1223485, 4
1099236, 4
2661453, 4
1190463, 5
1272971, 5
752852, 5
768529, 5
694855, 5
1191835, 5
1314097, 5
2226820, 5
2231796, 5
2230683, 5
1229252, 5
768703, 5
779347, 5
1217721, 5
663506, 5
1076163, 5
759188, 5
773095, 5
2715152, 5
2714654, 5
729639, 5
1224116, 5
1181467, 5
706242, 5
2233117, 5
861257, 5
1175054, 5
1173584, 5
763805, 5
706847, 5
2231583, 5
1194607, 5
697089, 5
765742, 5
505260, 5
781957, 5
1234061, 5
2715021, 5
1181218, 5
1174517, 5
1303410, 5
1234618, 5
676724, 5
756882, 5
2232216, 5
756771, 5
1385378, 5
1199472, 5
1224204, 5
768782, 5
2716000, 5
1209730, 5
773157, 5
2226542, 5
757023, 5
2713720, 5
2714717, 5
1173911, 5
879362, 5
1244997, 5
759959, 5
1247573, 5
2716120, 5
1233417, 5
770824, 5
26379, 5
769037, 5
1173882, 5
1177065, 5
1223324, 5
1175653, 5
1228739, 5
759246, 5
1223588, 5
760136, 5
763943, 5
1042021, 5
2715392, 5
1175493, 5
2714967, 5
2220391, 5
1192918, 5
765768, 5
818409, 5
768594, 5
1181818, 5
38357, 5
1073916, 5
762517, 5
2713022, 5
753247, 5
531643, 5
1332851, 5
721238, 5
2713669, 5
625961, 5
2715396, 5
761216, 5
762679, 5
627114, 5
1519221, 5
1199353, 5
1235061, 5
1200776, 5
1245271, 5
772882, 5
1246681, 5
2715618, 5
1175960, 5
1236446, 5
2222923, 5
2226686, 5
1233961, 5
17823, 5
2713697, 5
1233949, 5
866480, 5
777405, 5
1104554, 5
765998, 5
1245283, 5
2217252, 5
2230074, 5
2228501, 5
2217099, 5
1206101, 5
1200547, 5
773053, 5
1185653, 5
1645522, 5
1177790, 5
1076606, 5
757606, 5
1046571, 5
2220247, 5
2229100, 5
849889, 5
745113, 5
2712528, 5
778253, 5
776968, 5
2214898, 5
1223507, 5
2716377, 5
1233920, 5
1217176, 5
1233675, 5
1173475, 5
1419857, 5
2714185, 5
867782, 5
1174932, 5
626275, 5
560342, 5
1209632, 5
1177063, 5
616215, 5
504811, 5
2716408, 5
2714916, 5
1246104, 5
773043, 5
674357, 5
1047109, 5
1046567, 5
1106270, 5
722960, 5
1175334, 5
1200510, 5
755773, 5
1174727, 5
759210, 5
776357, 5
658803, 5
1177299, 5
2230761, 5
28174, 5
1204596, 5
29320, 5
775262, 5
2714830, 5
1223563, 5
1182527, 5
776477, 5
2716437, 5
1233239, 5
2760749, 5
1045454, 5
1173258, 5
1193630, 5
1235055, 5
1367209, 5
1232079, 5
769486, 5
2220732, 5
759500, 5
2716234, 5
2218385, 5
759967, 5
2228405, 5
1248532, 5
2234152, 5
1176033, 5
2716465, 5
761274, 5
776764, 5
1233388, 5
18639, 5
32868, 5
1222213, 5
1235732, 5
772364, 5
755500, 5
1247600, 5
774252, 5
1246572, 5
626542, 5
1233921, 5
1174057, 5
1236347, 5
626104, 5
850281, 5
760203, 5
849466, 5
1046467, 5
1175225, 5
1247584, 5
2714428, 5
758205, 5
1175454, 5
1235564, 5
756022, 5
775072, 5
1192827, 5
2229153, 5
1245192, 5
1202291, 5
2714434, 5
2715138, 5
850980, 5
2716073, 5
2714799, 5
1182264, 5
555448, 5
2712532, 5
2231473, 5
850019, 5
1200968, 5
1278230, 5
1174212, 5
2713151, 5
2218708, 5
1244935, 5
2019727, 5
773099, 5
2230757, 5
2713700, 5
2230762, 5
2232101, 5
2715601, 5
1078750, 5
673706, 5
2715083, 5
1176918, 5
1175677, 5
1182637, 5
1073451, 5
772196, 5
1233196, 5
685615, 5
1784837, 5
1045913, 5
756805, 5
1237474, 5
2715747, 5
1975044, 5
2715195, 5
1314136, 5
1193541, 5
677203, 5
2220232, 5
2716083, 5
2229384, 5
1225868, 5
2714026, 5
1663191, 5
1100529, 5
27060, 5
1074700, 5
2220421, 5
2715150, 5
753502, 5
755172, 5
1192702, 5
1212559, 5
2714942, 5
2228632, 5
2230341, 5
1209207, 5
626572, 5
1235569, 5
1174686, 5
774312, 5
758556, 5
1233570, 5
1076513, 5
1204545, 5
1233055, 5
1278188, 5
2713218, 5
1189092, 5
765412, 5
721795, 5
2715008, 5
1216160, 5
1183924, 5
1228375, 5
1210988, 5
881629, 5
2230257, 5
1236161, 5
2714117, 5
2230350, 5
781055, 5
1939204, 5
627123, 5
756626, 5
695996, 5
2231353, 5
2713590, 5
757127, 5
1073665, 5
2715254, 5
769501, 5
1176886, 5
1425201, 5
778315, 5
780195, 5
19333, 5
760039, 5
37839, 5
1173783, 5
772134, 5
2767670, 5
23144, 5
2714211, 5
1245071, 5
849391, 5
677429, 5
1100969, 5
1354592, 5
1376631, 5
2232372, 5
759786, 5
774843, 5
1182668, 5
37501, 5
766128, 5
698164, 5
1234984, 5
1174149, 5
850340, 5
759668, 5
774777, 5
2713583, 5
684942, 5
1306705, 5
2229006, 5
1245274, 5
1245104, 5
1046536, 5
2714732, 5
1220070, 5
802021, 5
683937, 5
1239045, 5
831248, 5
1225960, 5
2715346, 5
756827, 5
779475, 5
2716343, 5
780417, 5
2714110, 5
1247617, 5
1338653, 5
801079, 5
2231580, 5
1076193, 5
1235676, 5
2230133, 5
1239244, 5
773194, 5
561174, 5
2716230, 5
1234723, 5
1234087, 5
781608, 5
753023, 5
851443, 5
672161, 5
769725, 5
1180115, 5
2716131, 5
1220140, 5
888651, 5
801887, 5
694926, 5
1174611, 5
1245262, 5
1196858, 5
1306929, 5
2716307, 5
2713422, 5
1344586, 5
764535, 5
1234391, 5
2715943, 5
1042016, 5
27168, 5
2715898, 5
777735, 5
1197142, 5
1227806, 5
36002, 5
26914, 5
2713793, 5
1307939, 5
1188309, 5
779470, 5
753470, 5
777886, 5
1227916, 5
2716078, 5
778203, 5
1233418, 5
1232991, 5
781014, 5
762980, 5
1073037, 5
1309309, 5
557644, 5
1236687, 5
1234148, 5
759944, 5
761143, 5
725054, 5
2714737, 5
1211624, 5
1302566, 5
626293, 5
1245118, 5
774398, 5
626305, 5
28623, 5
759829, 5
1174009, 5
752919, 5
1046702, 5
766019, 5
1244983, 5
2229662, 5
1073861, 5
1208787, 5
699378, 5
1101536, 5
759917, 5
756143, 5
1100469, 5
24104, 5
2219126, 5
1105275, 5
767707, 5
1101268, 5
1228000, 5
777877, 5
2229396, 5
754797, 5
2714908, 5
561342, 5
1095492, 5
1046379, 5
1075483, 5
2715648, 5
542058, 5
746820, 5
1173568, 5
762575, 5
1367446, 5
1173811, 5
1223331, 5
26884, 5
779309, 5
1103993, 5
866691, 5
1174809, 5
2714655, 5
1174749, 5
1176117, 5
768587, 5
2713601, 5
1078473, 5
2715091, 5
672315, 5
2228329, 5
1175045, 5
705563, 5
1173792, 5
769589, 5
1200614, 5
849546, 5
2223040, 5
850367, 5
1101650, 5
2716108, 5
727394, 5
2713836, 5
881290, 5
1232104, 5
985701, 5
673662, 5
2767175, 5
1653421, 5
10966, 5
2715802, 5
849563, 5
685351, 5
1174177, 5
1100447, 5
1197884, 5
19080, 5
2715073, 5
1374622, 5
2715449, 5
1666644, 5
532691, 5
673692, 5
2230223, 5
2716337, 5
1201449, 5
1247624, 5
562263, 5
1073545, 5
770368, 5
777795, 5
1176717, 5
2229250, 5
695554, 5
1174725, 5
541347, 5
757037, 5
759504, 5
627409, 5
2712995, 5
1232207, 5
695426, 5
1404938, 5
2228866, 5
1200454, 5
758400, 5
2712730, 5
1100533, 5
1233292, 5
753784, 5
2713852, 5
765712, 5
2716287, 5
1204876, 5
1180620, 5
675102, 5
1075744, 5
684799, 5
776360, 5
2712962, 5
645316, 5
1147733, 5
675305, 5
1235978, 5
1233721, 5
504236, 5
2713432, 5
1029869, 5
1209495, 5
720255, 5
1315117, 5
706661, 5
1244945, 5
2230402, 5
720519, 5
1073363, 5
2715426, 5
761027, 5
559159, 5
1358821, 5
698576, 5
2228672, 5
546953, 5
759335, 5
2716323, 5
2714089, 5
1227993, 5
2715598, 5
2714002, 5
1233272, 5
674436, 5
1075818, 5
25444, 5
2713627, 5
2713529, 5
2228330, 5
1180203, 5
1190046, 5
1245308, 5
26450, 5
735541, 5
585250, 5
1073298, 5
1076492, 5
2716556, 5
774421, 5
677054, 5
1827335, 5
1176120, 5
1186715, 5
2230214, 5
1204387, 5
778498, 5
29479, 5
2716441, 5
1411280, 5
908109, 5
807421, 5
1203733, 5
1343434, 5
1275612, 5
1225888, 5
2715647, 5
774217, 5
669465, 5
2714528, 5
763029, 5
1247714, 5
532315, 5
2218045, 5
768491, 5
2715956, 5
887906, 5
1206786, 5
2714857, 5
1210399, 5
2716394, 5
1190535, 5
2712936, 5
541827, 5
779023, 5
777482, 5
938535, 5
1234698, 5
887528, 5
1040979, 5
1041679, 5
776403, 5
1247270, 5
26435, 5
2230879, 5
2714369, 5
2713767, 5
1225056, 5
769477, 5
705472, 5
1174721, 5
1175886, 5
2716007, 5
1147604, 5
1210976, 5
1245073, 5
754453, 5
26922, 5
777576, 5
1176567, 5
1175171, 5
1221914, 5
1376868, 5
1193329, 5
2713251, 5
754975, 5
1178121, 5
1076862, 5
1340471, 5
2236590, 5
2231166, 5
1191673, 5
1046780, 5
1174745, 5
570693, 5
1236191, 5
2229195, 5
1103648, 5
1175507, 5
2713173, 5
760078, 5
2715584, 5
1176982, 5
722455, 5
705094, 5
556763, 5
765857, 5
756197, 5
695042, 5
1221180, 5
779276, 5
2240862, 5
1341790, 5
2715552, 5
849573, 5
764606, 5
1233937, 5
1244517, 5
531223, 5
859799, 5
1211829, 5
1218680, 5
2713681, 5
1209082, 5
1176145, 5
2716400, 5
1046171, 5
761147, 5
1202964, 5
556252, 5
771835, 5
761137, 5
2229091, 5
752583, 5
805897, 5
1224718, 5
1181360, 5
532676, 5
754519, 5
2713585, 5
1075045, 5
1194025, 5
780274, 5
1311311, 5
2713510, 5
753735, 5
1221826, 5
2714087, 5
556053, 5
530379, 5
1196966, 5
2233628, 5
772502, 5
849452, 5
867956, 5
1236396, 5
1175255, 5
849316, 5
1436582, 5
1235165, 5
695213, 5
776501, 5
1232134, 5
2228888, 5
2713999, 5
780329, 5
2713385, 5
1199993, 5
2230714, 5
626500, 5
1073940, 5
754167, 5
727249, 5
1075570, 5
2230167, 5
1191538, 5
818268, 5
26553, 5
1192430, 5
1345532, 5
1102176, 5
1213595, 5
1179167, 5
2714624, 5
541102, 5
1235110, 5
1235046, 5
2231932, 5
1175430, 5
2715363, 5
1174756, 5
1174494, 5
30938, 5
677391, 5
1174992, 5
2767141, 5
1221884, 5
1295198, 5
1182754, 5
531125, 5
1277255, 5
555484, 5
1100467, 5
2714223, 5
1233933, 5
1178349, 5
684007, 5
2713091, 5
1182247, 5
1212425, 5
1237388, 5
2713893, 5
2230001, 5
2231793, 5
1378345, 5
755173, 5
763328, 5
772119, 5
2715901, 5
1234561, 5
1175053, 5
1198220, 5
1389901, 5
2715397, 5
2712544, 5
765948, 5
849495, 5
1040816, 5
1228457, 5
1179212, 5
1181389, 5
2713228, 5
1189676, 5
2716427, 5
1233549, 5
761212, 5
555052, 5
2230708, 5
2221106, 5
1217448, 5
2228350, 5
2713032, 5
18518, 5
1304400, 5
761230, 5
2231888, 5
697834, 5
754178, 5
1079609, 5
2714265, 5
758857, 5
1174476, 5
1094131, 5
555407, 5
673820, 5
1247589, 5
772717, 5
1232043, 5
2713828, 5
2216298, 5
1518037, 5
1191497, 5
1235258, 5
778359, 5
776757, 5
1518167, 5
1177091, 5
1076724, 5
685663, 5
2713182, 5
1045558, 5
654202, 5
2713534, 5
2240423, 5
26163, 5
1233448, 5
761007, 5
1100546, 5
2714204, 5
1312267, 5
758474, 5
2229864, 5
1176841, 5
2713044, 5
1176045, 5
1204830, 5
2230930, 5
1175476, 5
1074668, 5
628817, 5
1229244, 5
1101504, 5
2716096, 5
1222859, 5
1045231, 5
936075, 5
1204917, 5
761969, 5
759723, 5
2217692, 5
1175989, 5
758559, 5
2231409, 5
1075645, 5
2225355, 5
2715202, 5
693503, 5
1174375, 5
1180134, 5
25391, 5
675742, 5
2215951, 5
757679, 5
1373205, 5
1175840, 5
1234974, 5
1182066, 5
755157, 5
1046474, 5
777344, 5
1233215, 5
17308, 5
1101703, 5
725936, 5
558191, 5
721067, 5
762165, 5
1284324, 5
1176768, 5
1175595, 5
760037, 5
1276248, 5
1273123, 5
1233991, 5
1247930, 5
2230241, 5
1217662, 5
1247663, 5
722485, 5
1205287, 5
1101544, 5
2712533, 5
1179588, 5
761932, 5
2716006, 5
781619, 5
2215892, 5
1223131, 5
1182383, 5
1311453, 5
1521197, 5
2714233, 5
1278455, 5
1196643, 5
2241254, 5
677563, 5
531066, 5
2228426, 5
1104128, 5
677248, 5
759486, 5
753542, 5
1177388, 5
1227639, 5
1194238, 5
540984, 5
1046307, 5
754810, 5
1234111, 5
1233052, 5
2713879, 5
2222888, 5
763192, 5
1195711, 5
2713011, 5
1226375, 5
1174939, 5
1367296, 5
781593, 5
1220943, 5
1029967, 5
770532, 5
2712924, 5
759938, 5
1233677, 5
2714048, 5
556076, 5
695608, 5
1228616, 5
1222103, 5
766793, 5
1074858, 5
2714517, 5
1178090, 5
753301, 5
1174271, 5
2713170, 5
1292609, 5
1247882, 5
758752, 5
1245043, 5
764743, 5
24345, 5
1247583, 5
1194642, 5
769552, 5
753352, 5
766409, 5
766168, 5
2712844, 5
2712931, 5
1176696, 5
1233607, 5
2715094, 5
1367805, 5
770811, 5
766660, 5
1373337, 5
1074189, 5
2230195, 5
1043066, 5
2712902, 5
1266342, 5
1218614, 5
1642906, 5
777054, 5
1211531, 5
1225843, 5
1233663, 5
1175830, 5
760888, 5
761656, 5
759463, 5
1226184, 5
1225371, 5
1195966, 5
2220500, 5
757877, 5
2713607, 5
778354, 5
1191892, 5
1354450, 5
776484, 5
771651, 5
1192170, 5
1222517, 5
1221113, 5
1047456, 5
1643829, 5
683320, 5
2713751, 5
1175557, 5
1245049, 5
1197821, 5
779241, 5
2714962, 5
1233946, 5
1346536, 5
531611, 5
757323, 5
1234022, 5
1368321, 5
2713986, 5
1177211, 5
2229538, 5
652220, 5
2226894, 5
505564, 5
1234267, 5
1076487, 5
1386711, 5
1210406, 5
1244979, 5
2713861, 5
752987, 5
2230521, 5
761254, 5
1179615, 5
1356023, 5
1216399, 5
690578, 5
2714023, 5
1275540, 5
756031, 5
1173940, 5
1075104, 5
1647269, 5
13361, 5
752846, 5
754688, 5
764295, 5
1233999, 5
2713505, 5
2228863, 5
779959, 5
1218538, 5
764792, 5
1175325, 5
1233870, 5
1046128, 5
556137, 5
765017, 5
761072, 5
2220692, 5
1194535, 5
760310, 5
1177181, 5
625641, 5
1178103, 5
1307881, 5
686382, 5
1410461, 5
2715706, 5
721988, 5
567146, 5
1173865, 5
720948, 5
776473, 5
1250351, 5
1215131, 5
1326565, 5
2715034, 5
1182178, 5
703302, 5
754561, 5
707392, 5
1250398, 5
1445089, 5
1173803, 5
757643, 5
1234882, 5
705040, 5
532759, 5
1227139, 5
1210388, 5
2714071, 5
758592, 5
849506, 5
1395186, 5
1219303, 5
777670, 5
1233477, 5
655001, 5
1180640, 5
672966, 5
1174394, 5
1233495, 5
694852, 5
2713857, 5
1364247, 5
2231318, 5
1174018, 5
780133, 5
1383748, 5
762265, 5
850196, 5
696019, 5
2217147, 5
1233439, 5
756473, 5
2715286, 5
1179209, 5
1295909, 5
1196144, 5
1075137, 5
801720, 5
757160, 5
1216835, 5
776392, 5
2220371, 5
1173765, 5
1246982, 5
1244894, 5
1075018, 5
1233531, 5
2716528, 5
2714751, 5
765044, 5
850943, 5
558429, 5
557785, 5
1246271, 5
2714524, 5
757033, 5
2715858, 5
2714364, 5
685477, 5
772464, 5
1245039, 5
757824, 5
1377469, 5
1173861, 5
1174285, 5
1642086, 5
2713038, 5
1232383, 5
2713380, 5
761222, 5
1194979, 5
676282, 5
777374, 5
1181156, 5
675519, 5
557784, 5
2713281, 5
1074382, 5
1232992, 5
778978, 5
2218956, 5
1182738, 5
530696, 5
1175970, 5
2714960, 5
2713076, 5
1046496, 5
770778, 5
27878, 5
2218290, 5
1228099, 5
1234465, 5
1234416, 5
569578, 5
2217119, 5
2230185, 5
1210687, 5
585266, 5
1280539, 5
1273488, 5
766417, 5
706258, 5
1100511, 5
743624, 5
758409, 5
1209141, 5
2714993, 5
1202311, 5
28848, 5
2713019, 5
765407, 5
2217005, 5
1042052, 5
1046012, 5
2235138, 5
2217827, 5
1366770, 5
1235317, 5
695616, 5
650532, 5
765137, 5
2713027, 5
2222875, 5
540998, 5
1179557, 5
1201685, 5
859111, 5
1233305, 5
1076545, 5
1099704, 5
1101006, 5
1236640, 5
1235138, 5
779448, 5
721650, 5
2230686, 5
769014, 5
1233041, 5
760123, 5
778226, 5
735808, 5
2228551, 5
1237236, 5
699041, 5
1075486, 5
1076208, 5
686742, 5
677056, 5
686618, 5
1400982, 5
695601, 5
1546049, 5
776102, 5
2714342, 5
1174468, 5
1576362, 5
1228456, 5
1104343, 5
2713356, 5
1406778, 5
2716264, 5
2214661, 5
1174539, 5
1260352, 5
1196398, 5
2228480, 5
2713384, 5
1076182, 5
1351834, 5
1222932, 5
1181836, 5
1233887, 5
772084, 5
1234343, 5
756912, 5
25426, 5
1215294, 5
760224, 5
768652, 5
2230332, 5
675353, 5
777694, 5
2239842, 5
1173857, 5
760832, 5
1523003, 5
1101107, 5
1194329, 5
698522, 5
1175518, 5
771053, 5
5572, 5
1079244, 5
3347018, 5
558875, 5
2715996, 5
760369, 5
753664, 5
2714801, 5
690919, 5
757389, 5
779833, 5
1180443, 5
1075015, 5
1180493, 5
752864, 5
2230765, 5
1666320, 5
768805, 5
1336298, 5
761986, 5
2716342, 5
1175870, 5
2715319, 5
758640, 5
675023, 5
2715177, 5
877684, 5
2713939, 5
1220603, 5
723145, 5
1390793, 5
753500, 5
1235031, 5
1201180, 5
1235197, 5
1247859, 5
2715391, 5
849692, 5
1235326, 5
545525, 5
764751, 5
1211921, 5
787252, 5
1198867, 5
772208, 5
1177290, 5
2217204, 5
758387, 5
760079, 5
974606, 5
1378229, 5
2241354, 5
1273431, 5
2230458, 5
2715557, 5
754906, 5
769596, 5
768477, 5
681165, 5
2715400, 5
2716268, 5
759754, 5
684654, 5
755400, 5
1218304, 5
2715407, 5
781683, 5
1097903, 5
759306, 5
757490, 5
1201698, 5
1291001, 5
677864, 5
1235459, 5
1234722, 5
2371615, 5
557482, 5
2226915, 5
685674, 5
753970, 5
759043, 5
2714941, 5
676536, 5
1233202, 5
1174672, 5
1236061, 5
726359, 5
773071, 5
2715302, 5
780850, 5
2712838, 5
2712974, 5
626317, 5
637600, 5
2713394, 5
2764889, 5
2229155, 5
2217764, 5
1069193, 5
1180039, 5
2220990, 5
1235764, 5
1310109, 5
1246221, 5
1247898, 5
756425, 5
1104648, 5
1175933, 5
2714850, 5
1075651, 5
2754190, 5
771214, 5
1247517, 5
2215797, 5
540878, 5
684698, 5
1176870, 5
1261382, 5
1345424, 5
723939, 5
1235585, 5
1246568, 5
757364, 5
1233224, 5
1245236, 5
753686, 5
671888, 5
1234663, 5
1360929, 5
1173582, 5
1221184, 5
2713206, 5
1205061, 5
1227969, 5
1175854, 5
760240, 5
2713683, 5
2229415, 5
807975, 5
882858, 5
760274, 5
860959, 5
754406, 5
1372695, 5
29592, 5
1247923, 5
1234379, 5
694629, 5
619064, 5
23718, 5
2012894, 5
1180439, 5
1217736, 5
1175621, 5
1074088, 5
1233513, 5
1245661, 5
2231912, 5
767372, 5
1245079, 5
2715630, 5
772206, 5
760082, 5
1211122, 5
1181651, 5
1173398, 5
1045992, 5
2715053, 5
1174052, 5
555761, 5
1045695, 5
2232190, 5
730082, 5
1283232, 5
1075589, 5
1237338, 5
719958, 5
2215969, 5
2712698, 5
690271, 5
696989, 5
755665, 5
1221053, 5
40573, 5
720106, 5
766433, 5
757408, 5
2233763, 5
754315, 5
2230285, 5
2715861, 5
1290242, 5
1074209, 5
1176099, 5
760969, 5
768686, 5
1224553, 5
851112, 5
27896, 5
2229455, 5
776213, 5
759172, 5
767972, 5
1175262, 5
1247841, 5
1076878, 5
780327, 5
1205047, 5
766314, 5
758210, 5
1213434, 5
2231502, 5
1181688, 5
1239225, 5
604368, 5
1222690, 5
2714958, 5
530695, 5
1221526, 5
672177, 5
754308, 5
1190505, 5
1192578, 5
23079, 5
1366652, 5
1983740, 5
675310, 5
557829, 5
1223504, 5
755786, 5
2713359, 5
2714456, 5
1106342, 5
1177696, 5
1176171, 5
1102846, 5
698670, 5
859122, 5
1175568, 5
2713622, 5
2715347, 5
1211493, 5
1175919, 5
1638820, 5
753655, 5
2714073, 5
758661, 5
2228428, 5
667198, 5
1209549, 5
17941, 5
1047748, 5
2714397, 5
767955, 5
1095055, 5
1233298, 5
1388676, 5
753420, 5
776591, 5
779105, 5
1106013, 5
1245575, 5
2230417, 5
1213059, 5
1227707, 5
2713105, 5
860880, 5
1204662, 5
753434, 5
2232110, 5
1177895, 5
555343, 5
686674, 5
778070, 5
1347745, 5
1212587, 5
757689, 5
1206115, 5
2715975, 5
1221306, 5
1177562, 5
1074475, 5
1174863, 5
2230040, 5
1374356, 5
1073929, 5
1375814, 5
772634, 5
1233810, 5
1229144, 5
2228631, 5
1193453, 5
1181150, 5
779627, 5
1305634, 5
685124, 5
1177038, 5
1221439, 5
1201409, 5
765349, 5
2230681, 5
2713017, 5
772507, 5
753532, 5
774192, 5
1175583, 5
856977, 5
2713854, 5
1100962, 5
1247634, 5
1218823, 5
755516, 5
26913, 5
804134, 5
706836, 5
1211812, 5
1072992, 5
753681, 5
726645, 5
780408, 5
1224453, 5
1235972, 5
1174949, 5
715333, 5
1176348, 5
766233, 5
685296, 5
2715610, 5
1099742, 5
1176394, 5
1175175, 5
2713392, 5
43114, 5
802479, 5
2712614, 5
769074, 5
1211822, 5
774673, 5
1306790, 5
37436, 5
1404407, 5
1247820, 5
1245593, 5
1317444, 5
1238453, 5
765223, 5
27380, 5
532552, 5
767433, 5
2716327, 5
2230529, 5
1200629, 5
772558, 5
850288, 5
32873, 5
680482, 5
653817, 5
1177383, 5
1349136, 5
626414, 5
1233346, 5
12315, 5
1181706, 5
698396, 5
773105, 5
758299, 5
753035, 5
16772, 5
779487, 5
677612, 5
1175397, 5
775411, 5
1181009, 5
1235111, 5
26054, 5
27314, 5
1177674, 5
2715626, 5
752916, 5
1173490, 5
807588, 5
753018, 5
849381, 5
26658, 5
2228408, 5
2715860, 5
1178099, 5
1173875, 5
1194509, 5
2716546, 5
1278251, 5
774410, 5
1233682, 5
1247601, 5
768085, 5
778670, 5
851254, 5
2230086, 5
1147611, 5
2714251, 5
2716476, 5
1648324, 5
28375, 5
1663218, 5
1048546, 5
759200, 5
2715183, 5
676229, 5
675693, 5
1267080, 5
1181164, 5
1201021, 5
725114, 5
2230236, 5
1195829, 5
1347196, 5
2231244, 5
1236190, 5
726695, 5
2716023, 5
2715622, 5
2713114, 5
758412, 5
759254, 5
1368120, 5
764502, 5
777836, 5
2215220, 5
1226402, 5
707535, 5
1244949, 5
1016063, 5
1177397, 5
1200459, 5
1196143, 5
1173829, 5
1179620, 5
760114, 5
1045871, 5
1175936, 5
2228465, 5
2716013, 5
1234152, 5
2715823, 5
850001, 5
777401, 5
1221537, 5
768697, 5
1234457, 5
2227761, 5
707955, 5
1075132, 5
1207697, 5
690550, 5
2214606, 5
2713051, 5
541582, 5
18698, 5
756814, 5
1046755, 5
1175790, 5
1075131, 5
1174768, 5
2712663, 5
1101553, 5
759176, 5
755409, 5
25436, 5
1275006, 5
1175708, 5
1288751, 5
676391, 5
1522133, 5
850394, 5
530539, 5
2216042, 5
2228150, 5
753547, 5
1233256, 5
1236597, 5
1387660, 5
2715484, 5
2713551, 5
1175904, 5
2716500, 5
1236658, 5
1517687, 5
2714768, 5
760919, 5
2232598, 5
2713098, 5
780299, 5
1192903, 5
1076884, 5
1099885, 5
759623, 5
1189259, 5
939242, 5
1105975, 5
770862, 5
2713174, 5
849655, 5
1047173, 5
675710, 5
2714141, 5
1178343, 5
2716128, 5
753359, 5
780977, 5
2712696, 5
1304288, 5
2715894, 5
570588, 5
1177208, 5
2229219, 5
1176224, 5
1174056, 5
761549, 5
1222248, 5
761000, 5
758678, 5
568572, 5
734399, 5
785425, 5
1349963, 5
1179469, 5
763975, 5
1226263, 5
1191856, 5
1175401, 5
1196038, 5
720417, 5
30942, 5
1173458, 5
2714595, 5
1019746, 5
1204957, 5
1977436, 5
1224171, 5
2217260, 5
778663, 5
1370295, 5
756326, 5
2713405, 5
2229225, 5
1245235, 5
1221365, 5
1246579, 5
760209, 5
760788, 5
759322, 5
676128, 5
2229987, 5
1221172, 5
32027, 5
1233358, 5
1203032, 5
797054, 5
773201, 5
2714329, 5
2712872, 5
1175076, 5
1521310, 5
780860, 5
1982622, 5
1190177, 5
557821, 5
558208, 5
1176341, 5
776013, 5
1180016, 5
1234673, 5
674947, 5
2223528, 5
2713670, 5
1079945, 5
1640489, 5
22974, 5
698712, 5
1177186, 5
2716491, 5
727262, 5
1203838, 5
1175861, 5
1198219, 5
1175388, 5
1346482, 5
2714663, 5
1101683, 5
1383360, 5
2232860, 5
756304, 5
2218869, 5
2713055, 5
557080, 5
1246617, 5
1235182, 5
2713805, 5
764865, 5
1208456, 5
640357, 5
2713759, 5
1179416, 5
766047, 5
2714290, 5
585332, 5
1305060, 5
1175688, 5
504194, 5
36890, 5
1046381, 5
697984, 5
850750, 5
2715123, 5
1174255, 5
1291670, 5
777302, 5
761196, 5
754833, 5
662523, 5
2714471, 5
1176152, 5
684733, 5
1211498, 5
696788, 5
1212431, 5
1180646, 5
2228970, 5
2220882, 5
1202092, 5
1174880, 5
1233351, 5
778531, 5
795689, 5
755126, 5
763959, 5
685089, 5
1075198, 5
1073065, 5
760770, 5
1372329, 5
1177021, 5
1075036, 5
2715946, 5
774232, 5
1193032, 5
1173645, 5
29081, 5
2713279, 5
1233662, 5
1235838, 5
17803, 5
2219184, 5
3346817, 5
690584, 5
1662988, 5
756032, 5
753016, 5
1221587, 5
778734, 5
2714907, 5
1403079, 5
24817, 5
1181808, 5
1175221, 5
2352131, 5
26902, 5
780196, 5
2712925, 5
1203585, 5
1073164, 5
1374313, 5
1219145, 5
1175978, 5
1220548, 5
1205163, 5
764589, 5
1173897, 5
2713458, 5
2713734, 5
1216478, 5
1006611, 5
1245078, 5
1044140, 5
756429, 5
2712540, 5
753770, 5
559828, 5
694898, 5
755469, 5
640189, 5
1218158, 5
850395, 5
772040, 5
1175408, 5
760821, 5
1227317, 5
778257, 5
1175335, 5
1074573, 5
2228493, 5
766238, 5
26609, 5
763177, 5
1228833, 5
753292, 5
1197636, 5
760512, 5
1342745, 5
1223921, 5
1181578, 5
557355, 5
1020657, 5
1236368, 5
1232990, 5
772435, 5
649632, 5
772575, 5
1175992, 5
554905, 5
1177400, 5
1233170, 5
776005, 5
1661840, 5
2714807, 5
757915, 5
1247199, 5
1206118, 5
2219795, 5
1192091, 5
1073405, 5
1247469, 5
1244883, 5
1222377, 5
2714287, 5
2230896, 5
1199321, 5
1029730, 5
1190941, 5
2713128, 5
626977, 5
762590, 5
2714074, 5
2240985, 5
942701, 5
1233953, 5
1173506, 5
759878, 5
758557, 5
777637, 5
758066, 5
1246332, 5
758004, 5
25468, 5
754277, 5
1312241, 5
1235786, 5
1830474, 5
1176215, 5
2219539, 5
1206139, 5
686487, 5
28470, 5
695545, 5
1175251, 5
776755, 5
774930, 5
772428, 5
767328, 5
757244, 5
1245072, 5
2230275, 5
757927, 5
2715055, 5
862839, 5
652326, 5
1640196, 5
758349, 5
730333, 5
1175066, 5
777824, 5
1647042, 5
1223058, 5
768407, 5
1223288, 5
1100996, 5
1179290, 5
1214216, 5
1173931, 5
849585, 5
766412, 5
1179531, 5
1272557, 5
1277050, 5
778004, 5
753090, 5
1247873, 5
2712950, 5
1195479, 5
1101496, 5
777750, 5
1223698, 5
849640, 5
2228936, 5
2712683, 5
1226568, 5
849665, 5
532510, 5
1073743, 5
2713966, 5
759373, 5
1227545, 5
1175601, 5
686745, 5
770779, 5
635393, 5
764507, 5
776437, 5
2715900, 5
1280737, 5
2230867, 5
759547, 5
1247599, 5
1520896, 5
768905, 5
2219388, 5
1177725, 5
754023, 5
559755, 5
1246840, 5
1204200, 5
1245183, 5
771110, 5
1197681, 5
1211060, 5
1221286, 5
2216946, 5
757488, 5
778991, 5
753873, 5
1305527, 5
1177764, 5
673700, 5
771275, 5
1295016, 5
1095514, 5
1214060, 5
2715104, 5
1315015, 5
2228619, 5
1200644, 5
675926, 5
694992, 5
1238101, 5
698602, 5
764837, 5
676545, 5
776359, 5
757112, 5
675472, 5
2240692, 5
656345, 5
1233998, 5
26247, 5
2714577, 5
1101197, 5
849243, 5
1233117, 5
530274, 5
2714355, 5
758165, 5
774261, 5
1235218, 5
1273731, 5
1099692, 5
1520602, 5
1235562, 5
695133, 5
677716, 5
767568, 5
1197297, 5
1233251, 5
504975, 5
849740, 5
1196209, 5
1195243, 5
1174208, 5
1205251, 5
1101725, 5
759913, 5
556566, 5
752503, 5
1245086, 5
1208322, 5
705373, 5
1181816, 5
1233385, 5
676628, 5
777461, 5
1192612, 5
2713834, 5
1264182, 5
680944, 5
1193842, 5
1175640, 5
2712911, 5
1198074, 5
2714150, 5
1233179, 5
2713521, 5
1370790, 5
2714079, 5
26027, 5
756874, 5
766375, 5
768071, 5
1102410, 5
757469, 5
2712893, 5
779341, 5
1202239, 5
1521269, 5
1286964, 5
1233266, 5
2715940, 5
1177479, 5
1234017, 5
866078, 5
675345, 5
1277232, 5
3217250, 5
1175545, 5
1222032, 5
1196902, 5
1106207, 5
1180606, 5
779445, 5
1194277, 5
2713298, 5
1006372, 5
2716167, 5
732160, 5
2715914, 5
1175530, 5
774922, 5
774640, 5
752909, 5
775982, 5
2716402, 5
1374068, 5
1147610, 5
1301741, 5
1407746, 5
768548, 5
1234900, 5
780675, 5
1234917, 5
697733, 5
25359, 5
754090, 5
777764, 5
2215839, 5
1176445, 5
1177049, 5
1199499, 5
673837, 5
753102, 5
2713246, 5
2713461, 5
698622, 5
726261, 5
766239, 5
1238298, 5
1174162, 5
2713006, 5
865272, 5
1174126, 5
1520798, 5
2713288, 5
801613, 5
2230570, 5
755045, 5
1175310, 5
1233867, 5
677371, 5
2230039, 5
778106, 5
1224868, 5
2714673, 5
776992, 5
1178613, 5
1175942, 5
2241116, 5
625578, 5
1295069, 5
2716001, 5
758169, 5
1227607, 5
779329, 5
2229628, 5
542522, 5
1204256, 5
849356, 5
765689, 5
787744, 5
760258, 5
776313, 5
1218515, 5
778984, 5
1174503, 5
1193691, 5
1073562, 5
1175664, 5
780230, 5
1661766, 5
1234668, 5
1215153, 5
752964, 5
1233805, 5
1214894, 5
780223, 5
1251151, 5
1206699, 5
761207, 5
26377, 5
2713806, 5
2218119, 5
1176943, 5
1214307, 5
695422, 5
1245046, 5
761049, 5
676752, 5
2218683, 5
677528, 5
753952, 5
771782, 5
1248407, 5
2714618, 5
1233626, 5
1287634, 5
532016, 5
22030, 5
1215150, 5
1206842, 5
767706, 5
1174770, 5
2712597, 5
768431, 5
1174714, 5
755032, 5
753379, 5
2714277, 5
2713452, 5
2219334, 5
1177200, 5
861720, 5
1199909, 5
2230587, 5
1245954, 5
1352759, 5
863411, 5
1372663, 5
1245264, 5
1176459, 5
1100534, 5
802184, 5
1073469, 5
1233734, 5
1340427, 5
1202454, 5
600347, 5
2215229, 5
1029799, 5
1245392, 5
1040970, 5
2229351, 5
1198767, 5
755719, 5
2715490, 5
1232067, 5
1220770, 5
558946, 5
765986, 5
2228567, 5
1212325, 5
558396, 5
769554, 5
28346, 5
1239260, 5
1245808, 5
767722, 5
2713042, 5
2715540, 5
1517593, 5
766808, 5
668113, 5
2218355, 5
2220249, 5
2714871, 5
1073859, 5
1192304, 5
2715060, 5
1518099, 5
1200032, 5
1233144, 5
2715009, 5
760221, 5
2715032, 5
694971, 5
1175853, 5
1176088, 5
766603, 5
1197753, 5
2714892, 5
775803, 5
1195586, 5
2713139, 5
1234730, 5
754609, 5
2716171, 5
541389, 5
680579, 5
769539, 5
768421, 5
676414, 5
2232688, 5
775166, 5
797419, 5
2716263, 5
760912, 5
2714467, 5
761030, 5
2714839, 5
674456, 5
757536, 5
1179874, 5
1233285, 5
1224558, 5
1235007, 5
1290836, 5
861533, 5
2228873, 5
1076893, 5
2216821, 5
26860, 5
774437, 5
603946, 5
772029, 5
752661, 5
1233463, 5
1174928, 5
2242227, 5
759153, 5
1175494, 5
2230322, 5
755531, 5
2228894, 5
626751, 5
776279, 5
1214236, 5
768738, 5
754095, 5
24705, 5
2231526, 5
777392, 5
1218141, 5
1176198, 5
807985, 5
774912, 5
677636, 5
26515, 5
755944, 5
772148, 5
759555, 5
1217509, 5
757340, 5
1046206, 5
755033, 5
1366149, 5
1105046, 5
1339913, 5
26561, 5
2715977, 5
1219350, 5
2715614, 5
1215730, 5
831254, 5
754445, 5
1245146, 5
1569263, 5
761256, 5
2714423, 5
1400737, 5
760046, 5
753133, 5
1219317, 5
2223886, 5
764738, 5
758649, 5
1176011, 5
1175573, 5
775699, 5
1173745, 5
1177947, 5
759684, 5
2230425, 5
752592, 5
849720, 5
755545, 5
2714769, 5
730197, 5
2232671, 5
849473, 5
2228930, 5
754565, 5
677152, 5
774554, 5
674366, 5
1221604, 5
1308768, 5
2716429, 5
1101096, 5
1372548, 5
1245587, 5
773078, 5
799539, 5
1175052, 5
2714574, 5
2754073, 5
1378757, 5
753099, 5
1520366, 5
1246124, 5
1190729, 5
1221062, 5
1075725, 5
759280, 5
725491, 5
1046302, 5
754102, 5
1101114, 5
1232078, 5
755502, 5
2240484, 5
2713562, 5
1377395, 5
2713502, 5
776609, 5
1074066, 5
1344714, 5
1232255, 5
2716056, 5
1290445, 5
2715198, 5
1344128, 5
1226456, 5
686717, 5
1176644, 5
1233395, 5
2713649, 5
2714260, 5
2713672, 5
1191944, 5
1176021, 5
1245166, 5
772709, 5
1174089, 5
759215, 5
1662795, 5
2712977, 5
767626, 5
555626, 5
2714051, 5
1233879, 5
2715876, 5
756775, 5
1245066, 5
706524, 5
2716306, 5
603633, 5
778677, 5
1220120, 5
2230129, 5
1196259, 5
1074062, 5
771081, 5
777372, 5
1227381, 5
2713118, 5
2712886, 5
683170, 5
560060, 5
1250263, 5
730460, 5
1228731, 5
1198611, 5
769870, 5
771985, 5
1224465, 5
1235421, 5
1277684, 5
557583, 5
686801, 5
721012, 5
1042597, 5
625860, 5
2232382, 5
778824, 5
801566, 5
2714463, 5
1223069, 5
1046126, 5
744188, 5
1177602, 5
781604, 5
849412, 5
760790, 5
1348419, 5
684997, 5
1178326, 5
560341, 5
764374, 5
755967, 5
2714253, 5
677325, 5
1233669, 5
1177675, 5
555967, 5
1180341, 5
1666754, 5
780096, 5
2218469, 5
754691, 5
2232925, 5
2217365, 5
561974, 5
1224760, 5
2714800, 5
2715857, 5
2232789, 5
556985, 5
645449, 5
1204718, 5
1234230, 5
2228985, 5
2712543, 5
1046046, 5
1236201, 5
1233175, 5
1314680, 5
1354576, 5
2716143, 5
1180100, 5
753258, 5
555974, 5
853176, 5
772500, 5
2219718, 5
753159, 5
771333, 5
2714710, 5
728943, 5
753789, 5
777570, 5
2712946, 5
771757, 5
1235632, 5
780619, 5
1363714, 5
1105135, 5
675428, 5
1235533, 5
1235024, 5
776823, 5
764514, 5
560699, 5
1272824, 5
1175032, 5
1076482, 5
1103927, 5
1013760, 5
1215068, 5
1174393, 5
754591, 5
1222854, 5
729119, 5
31268, 5
757557, 5
773059, 5
1104301, 5
1177446, 5
34457, 5
1202419, 5
1074562, 5
504946, 5
27590, 5
754448, 5
1174190, 5
1198063, 5
685952, 5
777312, 5
755153, 5
780939, 5
757213, 5
1194018, 5
776336, 5
1204428, 5
2713428, 5
761266, 5
2716336, 5
694085, 5
775323, 5
758654, 5
2714973, 5
2714227, 5
767604, 5
1249969, 5
775203, 5
1101540, 5
1203093, 5
1179613, 5
760317, 5
1076170, 5
2217375, 5
755495, 5
672212, 5
2715061, 5
2715753, 5
1244977, 5
9481, 5
755479, 5
1398557, 5
757311, 5
1245125, 5
774539, 5
683668, 5
1245254, 5
720216, 5
1211859, 5
722684, 5
1307408, 5
26248, 5
681911, 5
775267, 5
686722, 5
721347, 5
2713148, 5
2716463, 5
1176218, 5
2715970, 5
1233467, 5
2714929, 5
2716487, 5
1046410, 5
1220899, 5
2228945, 5
2715074, 5
683308, 5
2714314, 5
780606, 5
2231016, 5
775441, 5
2713414, 5
28804, 5
2715887, 5
1177040, 5
1205168, 5
2228377, 5
685444, 5
757435, 5
735596, 5
2714311, 5
572271, 5
2716280, 5
30162, 5
1232113, 5
1233630, 5
1179624, 5
821974, 5
1075385, 5
1177119, 5
758328, 5
759387, 5
562435, 5
2715693, 5
1662512, 5
684822, 5
558108, 5
707406, 5
2713895, 5
1209714, 5
531591, 5
1227744, 5
768714, 5
1073962, 5
1568124, 5
2714860, 5
2216965, 5
1232490, 5
2215933, 5
2231786, 5
2646932, 5
2713917, 5
1175769, 5
766014, 5
1234433, 5
1290773, 5
1076479, 5
1174279, 5
1177183, 5
1175718, 5
778791, 5
2714904, 5
1252316, 5
778930, 5
799788, 5
777349, 5
1274281, 5
2712899, 5
35986, 5
1351349, 5
1221297, 5
1281117, 5
2228997, 5
2713347, 5
753316, 5
1247621, 5
1177191, 5
1100555, 5
685430, 5
758358, 5
757623, 5
2713093, 5
648788, 5
1223314, 5
1234789, 5
678358, 5
1074356, 5
1176194, 5
1180602, 5
1247676, 5
531804, 5
645740, 5
753765, 5
505404, 5
776538, 5
2715168, 5
2217502, 5
757164, 5
675130, 5
1234352, 5
769635, 5
1306381, 5
1237137, 5
1372062, 5
532403, 5
1667122, 5
697855, 5
1236935, 5
1073721, 5
2220534, 5
1175344, 5
2230433, 5
1044820, 5
1235309, 5
1219293, 5
1210444, 5
805503, 5
2234081, 5
2233921, 5
1043626, 5
1326495, 5
2713208, 5
1207583, 5
29110, 5
28162, 5
757591, 5
1176144, 5
1233658, 5
780479, 5
756746, 5
1044751, 5
1378759, 5
1245265, 5
2220332, 5
2715962, 5
554419, 5
706335, 5
1227791, 5
1214842, 5
753439, 5
776574, 5
1196028, 5
2716552, 5
782821, 5
1987249, 5
2230955, 5
935710, 5
2230312, 5
2713274, 5
849557, 5
755791, 5
1176968, 5
722318, 5
1405211, 5
1645036, 5
657985, 5
1229285, 5
1247782, 5
756783, 5
505102, 5
636215, 5
1228293, 5
703521, 5
2220566, 5
758803, 5
555236, 5
780102, 5
850402, 5
1203833, 5
1233391, 5
1194514, 5
26496, 5
1247615, 5
2218163, 5
1176081, 5
1233559, 5
1225542, 5
1075793, 5
1399593, 5
2714656, 5
753451, 5
768185, 5
2234110, 5
2224257, 5
1244903, 5
1120824, 5
1175510, 5
2715642, 5
995236, 5
1219362, 5
2715871, 5
1235022, 5
1214353, 5
2713807, 5
626536, 5
1518395, 5
2715300, 5
2231728, 5
2230370, 5
1235314, 5
2716537, 5
1175797, 5
604964, 5
1391065, 5
2230006, 5
1229106, 5
746730, 5
763659, 5
1048499, 5
715517, 5
772781, 5
775101, 5
1224735, 5
774507, 5
850520, 5
1103512, 5
1074587, 5
554606, 5
733994, 5
2218348, 5
766580, 5
774042, 5
1247705, 5
1182326, 5
1042994, 5
1176013, 5
801915, 5
1175712, 5
1245153, 5
770504, 5
1196761, 5
754775, 5
1305509, 5
1192770, 5
675780, 5
1176932, 5
2217217, 5
2227542, 5
1233581, 5
776417, 5
2231009, 5
2716137, 5
2224270, 5
757550, 5
632723, 5
777400, 5
1079049, 5
734340, 5
1236033, 5
1227786, 5
675061, 5
754860, 5
17869, 5
1280871, 5
686476, 5
715212, 5
2716454, 5
1203101, 5
541933, 5
2713132, 5
626496, 5
2715735, 5
777187, 5
1226428, 5
2241324, 5
779060, 5
1221501, 5
694908, 5
2713511, 5
1100938, 5
1073672, 5
2713412, 5
1239081, 5
1177980, 5
754559, 5
1247294, 5
775382, 5
560314, 5
684821, 5
1235477, 5
1210396, 5
1217524, 5
1046700, 5
1355084, 5
780203, 5
1245171, 5
1233243, 5
769563, 5
2716081, 5
758026, 5
861685, 5
1201479, 5
2240659, 5
771838, 5
1236160, 5
766960, 5
1047602, 5
1223636, 5
1192021, 5
2230278, 5
787551, 5
1176017, 5
2714358, 5
2224770, 5
2714035, 5
1236085, 5
1074788, 5
1522436, 5
1177165, 5
626755, 5
2233693, 5
1219832, 5
1386496, 5
1226372, 5
1177269, 5
2713025, 5
766967, 5
676591, 5
1382564, 5
697726, 5
2715103, 5
1233780, 5
852714, 5
775103, 5
1285020, 5
684963, 5
1194623, 5
1223304, 5
1046610, 5
1216213, 5
2230426, 5
695396, 5
1306409, 5
1183022, 5
2716232, 5
2229419, 5
1355420, 5
2716243, 5
1247123, 5
757736, 5
861565, 5
1189572, 5
1228768, 5
753107, 5
2713029, 5
776260, 5
1048504, 5
2715050, 5
28771, 5
777850, 5
2227842, 5
1213549, 5
1652832, 5
693746, 5
1076204, 5
1177150, 5
759550, 5
1229263, 5
1366509, 5
2230833, 5
2715607, 5
1174964, 5
2716149, 5
1189325, 5
1103860, 5
1228736, 5
2714426, 5
706305, 5
2714925, 5
2229177, 5
705432, 5
777998, 5
1209336, 5
1666719, 5
755571, 5
1204818, 5
1174298, 5
753504, 5
1349884, 5
1641274, 5
625576, 5
2218859, 5
1229316, 5
530644, 5
746884, 5
2229085, 5
1200043, 5
1235302, 5
1233458, 5
2713120, 5
14726, 5
759194, 5
2714648, 5
778010, 5
675858, 5
1233300, 5
1211159, 5
2713517, 5
756055, 5
666011, 5
755131, 5
1147613, 5
759167, 5
674976, 5
1521785, 5
720529, 5
673570, 5
581775, 5
1175901, 5
757103, 5
779353, 5
1247451, 5
1176090, 5
1247681, 5
766001, 5
1176390, 5
760229, 5
1246289, 5
1404822, 5
2714582, 5
2716511, 5
2218509, 5
2215927, 5
753210, 5
759018, 5
849292, 5
729583, 5
679788, 5
2715312, 5
721300, 5
1192881, 5
1290584, 5
1173228, 5
2714635, 5
581609, 5
1198596, 5
780444, 5
680143, 5
1175544, 5
18884, 5
758854, 5
768089, 5
675435, 5
2716032, 5
720205, 5
768534, 5
758336, 5
943492, 5
1104795, 5
2715070, 5
1519531, 5
2230247, 5
2712874, 5
35769, 5
1101034, 5
752632, 5
2712827, 5
772666, 5
778813, 5
733782, 5
555940, 5
2230461, 5
756855, 5
2218311, 5
647342, 5
850913, 5
2220227, 5
1299461, 5
775480, 5
764445, 5
2716360, 5
1245167, 5
1178312, 5
765055, 5
1199388, 5
686458, 5
1176914, 5
861729, 5
2716294, 5
1176457, 5
849756, 5
29028, 5
1175407, 5
1100531, 5
644899, 5
1202461, 5
776315, 5
753638, 5
556661, 5
2715941, 5
1233044, 5
727831, 5
1040801, 5
775802, 5
1273561, 5
1195293, 5
2712938, 5
1233911, 5
1174180, 5
33652, 5
1378312, 5
2714559, 5
1233826, 5
2714721, 5
1290989, 5
1227202, 5
1074815, 5
1372681, 5
1205467, 5
1176030, 5
1176543, 5
686607, 5
764262, 5
760022, 5
675881, 5
1228621, 5
849701, 5
752982, 5
2714405, 5
2714304, 5
2215923, 5
1228295, 5
2231021, 5
1195867, 5
2230824, 5
554839, 5
1175083, 5
1173559, 5
755529, 5
2713657, 5
2712554, 5
674708, 5
684958, 5
1262187, 5
1302395, 5
730523, 5
675132, 5
2217693, 5
776546, 5
731939, 5
1222511, 5
772313, 5
26745, 5
1227507, 5
1177206, 5
1235461, 5
626555, 5
1200075, 5
1233846, 5
1519994, 5
1233592, 5
2713469, 5
759231, 5
818579, 5
756358, 5
2715895, 5
764882, 5
769492, 5
756129, 5
755158, 5
1041391, 5
1174406, 5
1194648, 5
752727, 5
631378, 5
1246378, 5
674506, 5
32854, 5
2230822, 5
2715176, 5
2715896, 5
766403, 5
1180145, 5
1245784, 5
777881, 5
1178298, 5
1227857, 5
2714497, 5
1210346, 5
1174090, 5
2715923, 5
1176383, 5
1279062, 5
1232978, 5
1218572, 5
1290831, 5
2713703, 5
1233899, 5
1207492, 5
1189013, 5
1210735, 5
2714917, 5
2714043, 5
759536, 5
1178455, 5
690516, 5
2714943, 5
2716458, 5
1234630, 5
1233896, 5
2225008, 5
771853, 5
1666339, 5
762067, 5
1224032, 5
1200155, 5
1367192, 5
1179614, 5
1182569, 5
2716535, 5
1174320, 5
1247577, 5
558855, 5
2715781, 5
766227, 5
1175929, 5
754461, 5
1003311, 5
1174940, 5
1190961, 5
991772, 5
766548, 5
1247602, 5
758599, 5
770524, 5
1217885, 5
1245212, 5
654906, 5
1417095, 5
560864, 5
1346483, 5
776433, 5
1266205, 5
1199389, 5
2715577, 5
2715293, 5
1193940, 5
673128, 5
648164, 5
1048350, 5
2714001, 5
759745, 5
1174963, 5
1181634, 5
675802, 5
696849, 5
504376, 5
557599, 5
753136, 5
729593, 5
2714070, 5
2716261, 5
987399, 5
1097019, 5
2714384, 5
1175376, 5
1046122, 5
26480, 5
765617, 5
2714906, 5
2231930, 5
850830, 5
1075363, 5
1176141, 5
1518907, 5
684876, 5
1173955, 5
1233564, 5
1407844, 5
760637, 5
2715370, 5
2712770, 5
2218001, 5
557416, 5
24263, 5
2219076, 5
759888, 5
571097, 5
2228835, 5
2714266, 5
569436, 5
758030, 5
684749, 5
2230138, 5
530870, 5
768862, 5
1176916, 5
849423, 5
1200028, 5
1247685, 5
755016, 5
1228532, 5
720204, 5
754127, 5
2715662, 5
570869, 5
2241183, 5
728819, 5
768699, 5
775829, 5
2217103, 5
1247545, 5
1274758, 5
1176845, 5
2228726, 5
1076186, 5
2220243, 5
2713613, 5
758971, 5
1046251, 5
757839, 5
2716122, 5
757348, 5
1073750, 5
1075719, 5
1234130, 5
2714968, 5
2716061, 5
2230095, 5
1178294, 5
2714728, 5
1215792, 5
1192167, 5
1236135, 5
2231896, 5
725609, 5
1212372, 5
1237060, 5
1188270, 5
1344934, 5
1235763, 5
1235299, 5
1223744, 5
1227983, 5
1234742, 5
1199634, 5
726838, 5
2714931, 5
1430113, 5
1228666, 5
1221269, 5
1235358, 5
735662, 5
3346492, 5
760004, 5
777838, 5
532666, 5
1247609, 5
733484, 5
991234, 5
1227178, 5
2231382, 5
1174475, 5
1046047, 5
1173971, 5
1244904, 5
561087, 5
675539, 5
762521, 5
1291385, 5
1375399, 5
2714474, 5
1100455, 5
759049, 5
673678, 5
1369460, 5
1074619, 5
558571, 5
1181274, 5
2713350, 5
693763, 5
2716485, 5
705842, 5
2716189, 5
694919, 5
1080334, 5
1403870, 5
775926, 5
777044, 5
752595, 5
685290, 5
773830, 5
1409449, 5
1226362, 5
850888, 5
1217487, 5
2716188, 5
850886, 5
661715, 5
2230504, 5
722316, 5
760157, 5
2713713, 5
1246026, 5
1073326, 5
1245091, 5
849272, 5
1178250, 5
724767, 5
752572, 5
1256211, 5
1233746, 5
684804, 5
1198701, 5
560578, 5
1203371, 5
1309291, 5
757737, 5
2715631, 5
2218000, 5
1229155, 5
1202933, 5
1235280, 5
753925, 5
2713516, 5
849555, 5
1197991, 5
2216736, 5
866812, 5
1234553, 5
2712949, 5
2716292, 5
1180930, 5
755729, 5
632815, 5
2715841, 5
1200076, 5
2231103, 5
1195797, 5
1175043, 5
1244913, 5
1104601, 5
759740, 5
1204888, 5
676050, 5
768858, 5
2714198, 5
1340838, 5
1222637, 5
1436789, 5
1220251, 5
1189937, 5
799417, 5
1233062, 5
755837, 5
1176927, 5
1403321, 5
1041750, 5
2715676, 5
561160, 5
685633, 5
1303638, 5
2715173, 5
1194780, 5
759860, 5
2715313, 5
754562, 5
1182556, 5
2714192, 5
743681, 5
1175046, 5
2232222, 5
861290, 5
1225867, 5
768871, 5
1100513, 5
1080255, 5
35040, 5
2240896, 5
1042577, 5
779491, 5
1176236, 5
2714494, 5
1368182, 5
1075582, 5
777516, 5
760281, 5
768443, 5
764753, 5
764991, 5
2227282, 5
1178071, 5
1175704, 5
2228910, 5
772672, 5
780774, 5
1073035, 5
1182481, 5
2714157, 5
1199236, 5
1105584, 5
2715604, 5
756906, 5
775445, 5
2230096, 5
1198771, 5
1100818, 5
2714217, 5
800320, 5
769474, 5
542266, 5
1234096, 5
675426, 5
760220, 5
2712990, 5
685031, 5
554430, 5
1247722, 5
768567, 5
744380, 5
554187, 5
626406, 5
1245032, 5
2230345, 5
2218297, 5
1190196, 5
1219592, 5
1174124, 5
2716420, 5
1073021, 5
726391, 5
541682, 5
1245199, 5
756613, 5
1284778, 5
540042, 5
1246241, 5
2229194, 5
781497, 5
1229054, 5
769271, 5
1233537, 5
1219404, 5
1211649, 5
1213086, 5
1074930, 5
850732, 5
2713732, 5
569330, 5
1204890, 5
1233976, 5
758512, 5
774280, 5
779260, 5
735910, 5
626337, 5
1233331, 5
1074009, 5
1233593, 5
1202345, 5
775960, 5
759205, 5
25403, 5
30304, 5
1333995, 5
2715920, 5
1233320, 5
1220201, 5
1220715, 5
1233333, 5
1227253, 5
1042009, 5
2231841, 5
849551, 5
1199365, 5
777797, 5
1210511, 5
2714817, 5
1046323, 5
2219975, 5
2716480, 5
2219358, 5
2713410, 5
771048, 5
643903, 5
22196, 5
761117, 5
1212021, 5
2228541, 5
1074178, 5
1247429, 5
776523, 5
1223372, 5
1199341, 5
2713527, 5
1193713, 5
559852, 5
1234938, 5
1233324, 5
560796, 5
1305320, 5
608398, 5
1173944, 5
773146, 5
2932665, 5
705847, 5
2224992, 5
1247669, 5
1245247, 5
1194543, 5
26564, 5
1198198, 5
777010, 5
753051, 5
1075196, 5
1295192, 5
765762, 5
800100, 5
1177737, 5
1239250, 5
1221177, 5
1075466, 5
1174835, 5
2713263, 5
722516, 5
759768, 5
1006613, 5
2241366, 5
32471, 5
1196504, 5
2714500, 5
626295, 5
1080299, 5
851256, 5
1178342, 5
21403, 5
779318, 5
849387, 5
560387, 5
18318, 5
768694, 5
2714291, 5
1173634, 5
723593, 5
2714270, 5
774717, 5
569070, 5
2716102, 5
560742, 5
1543276, 5
727221, 5
1182902, 5
2715549, 5
774377, 5
1211137, 5
1238781, 5
849606, 5
1340071, 5
1213607, 5
2716059, 5
778800, 5
1229180, 5
734266, 5
695254, 5
2228859, 5
1202459, 5
1235361, 5
1223750, 5
2715010, 5
568872, 5
2713224, 5
1662030, 5
1175691, 5
2713030, 5
2715147, 5
1174213, 5
1978268, 5
1195110, 5
728079, 5
556588, 5
1221268, 5
1073877, 5
559088, 5
1246315, 5
763324, 5
758686, 5
626103, 5
29190, 5
696588, 5
2229780, 5
652961, 5
2240226, 5
1518284, 5
2217357, 5
1233176, 5
2716186, 5
23986, 5
2714739, 5
1519152, 5
763216, 5
761161, 5
1247838, 5
2229097, 5
2716097, 5
781594, 5
1227133, 5
1234744, 5
1233296, 5
1245318, 5
753206, 5
1238661, 5
1189825, 5
763968, 5
757823, 5
1227826, 5
626308, 5
1222589, 5
770534, 5
775798, 5
1233915, 5
2712724, 5
850186, 5
759529, 5
767145, 5
2219203, 5
1073134, 5
1147616, 5
1077659, 5
1200188, 5
777792, 5
558552, 5
1046151, 5
757441, 5
2231131, 5
1244964, 5
850232, 5
1173800, 5
758915, 5
1233562, 5
1210156, 5
2229309, 5
2715567, 5
2714337, 5
2715972, 5
772462, 5
1203480, 5
2715258, 5
1074616, 5
2230770, 5
1175845, 5
1221605, 5
2714173, 5
2714239, 5
726133, 5
1289705, 5
753003, 5
744187, 5
2231540, 5
1100997, 5
2714296, 5
2237154, 5
1224293, 5
757723, 5
1396042, 5
2219464, 5
762671, 5
1335741, 5
1238891, 5
2228995, 5
1177033, 5
1075263, 5
1174292, 5
558663, 5
1647864, 5
2715688, 5
531111, 5
2646953, 5
1238911, 5
1227163, 5
2714072, 5
1348675, 5
761023, 5
2713123, 5
1221236, 5
1366228, 5
772980, 5
705870, 5
1076418, 5
1102544, 5
1402504, 5
1219351, 5
1177395, 5
1173620, 5
532626, 5
1245323, 5
2230573, 5
764048, 5
2713464, 5
1235150, 5
1176133, 5
1643980, 5
2231821, 5
1227800, 5
760679, 5
2714081, 5
771515, 5
559970, 5
1228299, 5
1046513, 5
1073130, 5
1178459, 5
1641416, 5
1212468, 5
2230549, 5
1245281, 5
2714680, 5
1309506, 5
776460, 5
1245134, 5
1176195, 5
1300873, 5
1200574, 5
752452, 5
556842, 5
1196121, 5
2231791, 5
850135, 5
1099912, 5
1191385, 5
2230488, 5
734377, 5
1073089, 5
1233704, 5
755961, 5
2229761, 5
2712810, 5
1226849, 5
1104990, 5
1173852, 5
1233376, 5
752692, 5
1223635, 5
1233874, 5
849294, 5
559532, 5
697924, 5
2715678, 5
752875, 5
1345097, 5
1180683, 5
2233909, 5
2715687, 5
1264059, 5
1175567, 5
2229032, 5
776317, 5
753903, 5
1196314, 5
768797, 5
754270, 5
764796, 5
695698, 5
685779, 5
1233159, 5
684868, 5
801858, 5
1175216, 5
1236870, 5
1105494, 5
1097047, 5
2712888, 5
1245130, 5
1189360, 5
1375159, 5
505402, 5
1256235, 5
1233931, 5
2713370, 5
1228874, 5
2762847, 5
2231000, 5
1193014, 5
757751, 5
802127, 5
1256846, 5
686541, 5
766682, 5
677097, 5
1233432, 5
1371409, 5
1206033, 5
2714221, 5
1074672, 5
1192455, 5
2712732, 5
1201032, 5
683041, 5
708038, 5
28107, 5
754376, 5
1176462, 5
1234531, 5
1174872, 5
2712849, 5
1365117, 5
1639470, 5
757698, 5
1246912, 5
1227858, 5
1176203, 5
1177189, 5
1282931, 5
1233396, 5
2750663, 5
2715197, 5
1173529, 5
1174865, 5
530194, 5
27589, 5
1247706, 5
1178812, 5
760947, 5
2715411, 5
1234074, 5
1234997, 5
759171, 5
1044571, 5
779059, 5
1229139, 5
1179137, 5
774660, 5
1218691, 5
1178074, 5
758735, 5
1234172, 5
675921, 5
2715303, 5
2716335, 5
757183, 5
672160, 5
1224625, 5
798760, 5
766502, 5
1214277, 5
2229273, 5
1177580, 5
1179984, 5
626216, 5
2712721, 5
780464, 5
1177888, 5
1074639, 5
2713321, 5
850360, 5
1272899, 5
2715832, 5
1204740, 5
746679, 5
1182772, 5
1177673, 5
1173360, 5
1176082, 5
1214901, 5
863767, 5
2714322, 5
2713439, 5
2715128, 5
1078478, 5
1246573, 5
770696, 5
746681, 5
2713352, 5
849652, 5
758709, 5
1245077, 5
2230193, 5
867594, 5
1234116, 5
755196, 5
1220761, 5
1176190, 5
907483, 5
2713442, 5
850795, 5
754793, 5
781598, 5
1395344, 5
1294540, 5
776518, 5
769504, 5
1074611, 5
772234, 5
685375, 5
759841, 5
770944, 5
774776, 5
2715697, 5
757882, 5
939764, 5
1196551, 5
1233022, 5
626431, 5
725837, 5
2229103, 5
770722, 5
1233102, 5
2216788, 5
1233831, 5
2230963, 5
2714049, 5
777729, 5
28003, 5
2232294, 5
777445, 5
2220880, 5
1234170, 5
1174204, 5
1201220, 5
779330, 5
1522506, 5
2716209, 5
2214704, 5
1244963, 5
1202939, 5
705154, 5
1217648, 5
1233398, 5
2218749, 5
1312304, 5
560849, 5
766037, 5
760791, 5
2713775, 5
666670, 5
764087, 5
760346, 5
1219829, 5
1245277, 5
1402254, 5
776604, 5
2228366, 5
24601, 5
780875, 5
2215939, 5
768493, 5
686635, 5
1215806, 5
556265, 5
780877, 5
1222870, 5
695157, 5
1443628, 5
1173743, 5
2230360, 5
1245229, 5
758747, 5
777427, 5
675476, 5
2714216, 5
1364133, 5
1234246, 5
2714128, 5
2240201, 5
2218986, 5
27122, 5
1216821, 5
995237, 5
1221785, 5
557652, 5
775784, 5
767825, 5
1311864, 5
1173236, 5
1196688, 5
1189850, 5
1196481, 5
1247279, 5
1289239, 5
2223077, 5
755878, 5
1225908, 5
763318, 5
2713948, 5
740930, 5
3346929, 5
754147, 5
1247313, 5
531358, 5
774189, 5
2228990, 5
1074613, 5
2712841, 5
1235259, 5
1190335, 5
2715024, 5
1235954, 5
1374732, 5
647680, 5
1176940, 5
2229060, 5
1218657, 5
1235671, 5
1188912, 5
1176035, 5
1177591, 5
2224767, 5
1177526, 5
2220750, 5
778739, 5
1175049, 5
773128, 5
675760, 5
781677, 5
2713010, 5
760223, 5
800300, 5
854023, 5
1390540, 5
675779, 5
1181667, 5
2231627, 5
2218194, 5
2715976, 5
850906, 5
2715068, 5
26744, 5
1233021, 5
1247430, 5
779588, 5
1227990, 5
2230454, 5
1181229, 5
2230309, 5
676840, 5
1640545, 5
1174118, 5
1210074, 5
2220386, 5
1147735, 5
2713187, 5
1173504, 5
779530, 5
752943, 5
2716255, 5
1214383, 5
1218615, 5
2231769, 5
1177494, 5
644103, 5
1229271, 5
766441, 5
1274523, 5
1176279, 5
1176202, 5
777622, 5
1101565, 5
2713577, 5
777884, 5
2231061, 5
764500, 5
1099606, 5
2229079, 5
1178076, 5
1049297, 5
807569, 5
757967, 5
1523233, 5
1393169, 5
1177616, 5
28293, 5
735953, 5
2227531, 5
27729, 5
1176012, 5
1367753, 5
779783, 5
1177129, 5
759920, 5
1233173, 5
2715850, 5
1233892, 5
781617, 5
1193969, 5
1198893, 5
1228704, 5
758366, 5
768498, 5
1179365, 5
2714520, 5
2713754, 5
763787, 5
686681, 5
29496, 5
752443, 5
697701, 5
777414, 5
1190736, 5
756793, 5
2714234, 5
1175047, 5
779974, 5
568788, 5
29144, 5
686677, 5
1209597, 5
2218958, 5
2712525, 5
2715856, 5
1521602, 5
2218284, 5
787745, 5
807992, 5
2714310, 5
667495, 5
1075731, 5
645299, 5
720222, 5
2224827, 5
1173760, 5
1239149, 5
2232231, 5
685863, 5
1178447, 5
1178699, 5
1278986, 5
849457, 5
653243, 5
766691, 5
2230035, 5
626554, 5
1247689, 5
1247368, 5
758275, 5
780499, 5
2217560, 5
2713377, 5
1176883, 5
18984, 5
753461, 5
759634, 5
722267, 5
2716172, 5
1223564, 5
530585, 5
1233758, 5
2716119, 5
1177403, 5
2713111, 5
755925, 5
2713225, 5
886491, 5
2714556, 5
1210856, 5
2716547, 5
1176930, 5
2716204, 5
1228743, 5
1663957, 5
2715834, 5
850942, 5
1205077, 5
1234570, 5
625547, 5
2231922, 5
686055, 5
1174233, 5
1074458, 5
1245182, 5
768875, 5
1103945, 5
2715412, 5
760938, 5
24065, 5
753233, 5
752857, 5
733871, 5
1198723, 5
1219272, 5
1247858, 5
768750, 5
1567236, 5
744690, 5
753454, 5
1191243, 5
768527, 5
2714508, 5
760138, 5
1099952, 5
1227884, 5
2715600, 5
1075035, 5
1101267, 5
2018366, 5
34982, 5
1238824, 5
1235582, 5
759244, 5
1661801, 5
1252733, 5
768924, 5
757922, 5
1380123, 5
778756, 5
24102, 5
2231003, 5
558070, 5
1176044, 5
752457, 5
1200196, 5
753549, 5
1224626, 5
1073316, 5
28318, 5
758791, 5
2715767, 5
1180955, 5
1234159, 5
2219150, 5
1245133, 5
2716068, 5
1020683, 5
19110, 5
2714848, 5
1245810, 5
772260, 5
2715719, 5
1075040, 5
557484, 5
1235528, 5
2230290, 5
1233212, 5
753077, 5
1045032, 5
757885, 5
757773, 5
2716410, 5
557002, 5
761014, 5
1246279, 5
754829, 5
20088, 5
1443513, 5
1245285, 5
1174323, 5
755979, 5
768392, 5
2230651, 5
1075962, 5
1047481, 5
2216570, 5
2716063, 5
1210459, 5
644369, 5
1179171, 5
694957, 5
1074546, 5
1342613, 5
752449, 5
758346, 5
774527, 5
2715869, 5
780237, 5
2714033, 5
1228582, 5
753197, 5
685980, 5
1200081, 5
863399, 5
1175724, 5
1174849, 5
758025, 5
2230232, 5
1174465, 5
2240808, 5
2713078, 5
642824, 5
780461, 5
2714899, 5
1216343, 5
2714170, 5
780717, 5
2714504, 5
768084, 5
2716047, 5
1179950, 5
1233342, 5
1233336, 5
1196394, 5
556278, 5
1188736, 5
1643248, 5
766137, 5
1386542, 5
2715263, 5
2716450, 5
1217597, 5
779009, 5
556014, 5
1245143, 5
2716383, 5
2225881, 5
1292671, 5
1247579, 5
2712823, 5
1246089, 5
685090, 5
1204058, 5
556212, 5
1100368, 5
2714431, 5
754170, 5
768726, 5
1100795, 5
755776, 5
1224103, 5
705409, 5
752458, 5
676213, 5
690658, 5
2714923, 5
626750, 5
777291, 5
1233987, 5
768841, 5
1379859, 5
756853, 5
2229044, 5
2714124, 5
716723, 5
1219381, 5
1210132, 5
767773, 5
2231808, 5
1075001, 5
1403302, 5
1075139, 5
1317675, 5
618807, 5
2715283, 5
1233650, 5
1174535, 5
1199960, 5
772658, 5
1049060, 5
1177405, 5
1234180, 5
1193942, 5
1245255, 5
735580, 5
2230474, 5
558178, 5
1245089, 5
778905, 5
768497, 5
2713872, 5
504313, 5
18637, 5
1207685, 5
1233543, 5
1234726, 5
2716575, 5
1101523, 5
756255, 5
2713706, 5
2714994, 5
756335, 5
754235, 5
731160, 5
1080195, 5
1234210, 5
1099889, 5
2229141, 5
1174457, 5
555948, 5
571054, 5
1041957, 5
2712592, 5
1212881, 5
2232486, 5
765417, 5
1176863, 5
540188, 5
1147738, 5
2224195, 5
821906, 5
1172932, 5
1344825, 5
1175444, 5
759237, 5
2715585, 5
766557, 5
2716340, 5
761201, 5
760064, 5
1245322, 5
768837, 5
2715986, 5
1213243, 5
1247850, 5
26051, 5
752981, 5
776420, 5
754511, 5
1214299, 5
2712882, 5
1202003, 5
1205573, 5
2217698, 5
1275173, 5
641754, 5
638002, 5
755727, 5
2713842, 5
1219605, 5
1228223, 5
1193519, 5
2716301, 5
2230327, 5
753019, 5
1101148, 5
2713722, 5
1235953, 5
2713059, 5
2229691, 5
1222599, 5
1047438, 5
805339, 5
1196319, 5
1192045, 5
1074538, 5
758816, 5
2714507, 5
1399051, 5
779863, 5
1097805, 5
1245145, 5
2231124, 5
1175461, 5
1195334, 5
673439, 5
1175835, 5
753488, 5
1651188, 5
1196382, 5
1175727, 5
1175777, 5
776806, 5
1234250, 5
764009, 5
2712917, 5
1311873, 5
743704, 5
721253, 5
1273218, 5
1219489, 5
768746, 5
571179, 5
1244926, 5
2716385, 5
731997, 5
1176343, 5
1347472, 5
531264, 5
1102514, 5
763524, 5
2714118, 5
775867, 5
1190152, 5
752959, 5
863430, 5
1237354, 5
1234863, 5
2714935, 5
2714222, 5
778071, 5
2228341, 5
746662, 5
2715569, 5
672976, 5
1232256, 5
23791, 5
1576319, 5
2715265, 5
1377654, 5
34015, 5
863944, 5
856175, 5
2714275, 5
2761342, 5
1222215, 5
1177028, 5
2715274, 5
780663, 5
1201226, 5
2228357, 5
1046454, 5
1521005, 5
1235062, 5
684534, 5
2231170, 5
504849, 5
1202241, 5
1193023, 5
1247650, 5
1236283, 5
2217802, 5
725908, 5
2714415, 5
2230505, 5
778884, 5
1227598, 5
2981, 5
1175611, 5
676329, 5
2228371, 5
2716105, 5
1195234, 5
638765, 5
2716201, 5
1212328, 5
1074388, 5
658943, 5
686328, 5
1235680, 5
761005, 5
689393, 5
1646328, 5
531333, 5
2229012, 5
1176760, 5
697078, 5
1218166, 5
1246866, 5
770929, 5
753182, 5
744710, 5
1566890, 5
555100, 5
1280534, 5
753387, 5
761819, 5
1174514, 5
1177768, 5
24528, 5
759567, 5
567975, 5
1191392, 5
1233121, 5
1227769, 5
531942, 5
1233696, 5
16679, 5
14345, 5
1177334, 5
1215087, 5
559902, 5
1249497, 5
1197072, 5
2223064, 5
1234713, 5
1318211, 5
2716217, 5
505697, 5
2713130, 5
1076675, 5
675301, 5
1191319, 5
1228512, 5
1177030, 5
1218319, 5
743603, 5
557618, 5
738741, 5
697827, 5
2714439, 5
1076502, 5
1076296, 5
1192667, 5
2222831, 5
1188535, 5
1292553, 5
1246383, 5
1200205, 5
778861, 5
778247, 5
850257, 5
1233706, 5
2714685, 5
1369374, 5
2716568, 5
667326, 5
1176962, 5
1245060, 5
2715931, 5
2714610, 5
760256, 5
1006617, 5
772112, 5
761283, 5
760974, 5
28700, 5
725613, 5
1174676, 5
780987, 5
1224299, 5
1367812, 5
41795, 5
39072, 5
758280, 5
1204794, 5
627944, 5
694913, 5
1188715, 5
1207831, 5
2713791, 5
755598, 5
1074832, 5
1103679, 5
1272828, 5
676169, 5
1217511, 5
1192404, 5
1100068, 5
1105718, 5
1337034, 5
685149, 5
2240255, 5
1175254, 5
1233019, 5
2714909, 5
620404, 5
1228717, 5
698218, 5
1399651, 5
730638, 5
720394, 5
1647692, 5
1312206, 5
28400, 5
2230995, 5
1247019, 5
759003, 5
785962, 5
2713837, 5
1234487, 5
764478, 5
778672, 5
1177088, 5
2716225, 5
729279, 5
1228193, 5
2713888, 5
2712887, 5
2715917, 5
1175161, 5
1235906, 5
1182089, 5
758195, 5
779367, 5
1234801, 5
1234609, 5
772209, 5
771044, 5
1346704, 5
729296, 5
1182739, 5
1044098, 5
1175210, 5
770842, 5
770496, 5
2229489, 5
2232351, 5
723406, 5
761083, 5
1291989, 5
1244957, 5
763560, 5
1194660, 5
755996, 5
776982, 5
2714413, 5
759091, 5
769500, 5
1234207, 5
766125, 5
2230029, 5
703865, 5
635425, 5
743745, 5
1234009, 5
673096, 5
1210140, 5
505610, 5
1226277, 5
1103007, 5
758158, 5
1233359, 5
1099871, 5
2716019, 5
1229078, 5
2231680, 5
675943, 5
1176771, 5
1220826, 5
1521621, 5
1337136, 5
2714784, 5
2233001, 5
754899, 5
1360299, 5
1075608, 5
2228992, 5
1182726, 5
1245117, 5
8313, 5
1392021, 5
2233548, 5
1192230, 5
849806, 5
1233465, 5
1233088, 5
762282, 5
1247613, 5
1214295, 5
2220484, 5
1314393, 5
1443384, 5
1387639, 5
1076473, 5
696512, 5
1188383, 5
676693, 5
1190682, 5
1226541, 5
2713628, 5
753723, 5
1199959, 5
556783, 5
1236902, 5
2716012, 5
568591, 5
765477, 5
860461, 5
694976, 5
1218781, 5
1219420, 5
2713816, 5
1100509, 5
778883, 5
1175639, 5
1201373, 5
1180008, 5
707160, 5
1212610, 5
2220515, 5
555994, 5
754284, 5
756863, 5
2713172, 5
2714886, 5
1519366, 5
1042280, 5
752918, 5
1177349, 5
1216141, 5
770907, 5
1020650, 5
1235479, 5
1175323, 5
1217051, 5
726167, 5
772639, 5
1200906, 5
1175321, 5
568146, 5
780421, 5
651406, 5
3530, 5
1212258, 5
2714619, 5
1176136, 5
771132, 5
2713782, 5
2715072, 5
1181556, 5
1224476, 5
1235290, 5
2231527, 5
2715191, 5
531484, 5
1176893, 5
1662321, 5
1202299, 5
1246155, 5
1373887, 5
2713840, 5
705884, 5
807965, 5
1235551, 5
2041583, 5
740750, 5
1225339, 5
1181392, 5
888265, 5
755204, 5
779579, 5
1228380, 5
1180654, 5
2715666, 5
1176008, 5
691076, 5
774793, 5
1391247, 5
685315, 5
553887, 5
2716538, 5
1235375, 5
851029, 5
27859, 5
1174606, 5
1371609, 5
2714708, 5
2714293, 5
1041748, 5
753560, 5
720825, 5
757919, 5
2712921, 5
2229877, 5
780313, 5
2715146, 5
685251, 5
782820, 5
767223, 5
1175198, 5
1173961, 5
2715983, 5
1210771, 5
1176648, 5
1235824, 5
2713466, 5
2714762, 5
1233082, 5
690546, 5
1273342, 5
1203115, 5
2712673, 5
2232689, 5
998298, 5
1196256, 5
1193229, 5
1174005, 5
2233253, 5
768700, 5
26173, 5
1244905, 5
2219511, 5
1046472, 5
696871, 5
757404, 5
605691, 5
1542038, 5
2712564, 5
1306185, 5
804103, 5
557873, 5
1194884, 5
2227292, 5
775807, 5
2218548, 5
1573955, 5
530883, 5
1020022, 5
2228940, 5
554313, 5
673657, 5
780843, 5
27907, 5
1074841, 5
2716382, 5
1236280, 5
651311, 5
1204857, 5
772515, 5
744554, 5
2715086, 5
14242, 5
720971, 5
2714954, 5
760171, 5
2216890, 5
2232419, 5
768106, 5
1196322, 5
1286819, 5
560624, 5
1245439, 5
625762, 5
2234874, 5
2232307, 5
1661403, 5
1073613, 5
2217041, 5
781503, 5
540257, 5
1076880, 5
757049, 5
1213368, 5
1235590, 5
753141, 5
2715105, 5
1234347, 5
1355860, 5
1209784, 5
849995, 5
2716285, 5
1073369, 5
1234893, 5
1234237, 5
2220570, 5
561400, 5
6775, 5
775766, 5
1175326, 5
561632, 5
1235619, 5
1666963, 5
1177029, 5
2713303, 5
1101482, 5
755871, 5
706543, 5
16600, 5
706872, 5
1234103, 5
758650, 5
2712761, 5
559143, 5
1176239, 5
675462, 5
2716403, 5
676291, 5
1233129, 5
849333, 5
2230266, 5
695044, 5
777579, 5
744274, 5
1205476, 5
1178904, 5
685291, 5
1366463, 5
2712530, 5
1218540, 5
1218693, 5
2715760, 5
1177051, 5
649754, 5
1213484, 5
768405, 5
1244991, 5
1075253, 5
768836, 5
850255, 5
2713561, 5
1228712, 5
1233498, 5
1218409, 5
1078605, 5
757336, 5
867892, 5
778397, 5
2229444, 5
2712526, 5
1232218, 5
758855, 5
776089, 5
1047347, 5
2231942, 5
2714388, 5
2763329, 5
2714690, 5
2224250, 5
780320, 5
32613, 5
765750, 5
2714190, 5
26326, 5
2712740, 5
2215908, 5
705680, 5
1177450, 5
2224434, 5
1247687, 5
1100950, 5
1223162, 5
2230882, 5
775924, 5
1235307, 5
1176226, 5
674969, 5
698703, 5
1100474, 5
1415265, 5
1190451, 5
1177599, 5
622591, 5
1233687, 5
2714972, 5
772710, 5
1175413, 5
762702, 5
765492, 5
2713662, 5
2228363, 5
1290530, 5
1666665, 5
726336, 5
764988, 5
1390750, 5
1181144, 5
559068, 5
773515, 5
1074041, 5
1224975, 5
1233289, 5
2713212, 5
1662701, 5
778825, 5
849507, 5
1234654, 5
2220288, 5
2716018, 5
1173592, 5
721789, 5
1180972, 5
2218220, 5
759719, 5
761342, 5
1029782, 5
1227644, 5
757965, 5
2714512, 5
760306, 5
757199, 5
1104761, 5
759553, 5
2231437, 5
676320, 5
2714086, 5
849415, 5
1348117, 5
2715000, 5
849612, 5
761043, 5
2715194, 5
677223, 5
2715421, 5
1173614, 5
1245241, 5
1247525, 5
1235603, 5
768547, 5
1174460, 5
1073623, 5
1192866, 5
2712920, 5
676121, 5
1202374, 5
1233288, 5
25809, 5
776050, 5
2229171, 5
1223407, 5
1029733, 5
2714143, 5
541112, 5
1223878, 5
1376661, 5
972106, 5
1235621, 5
1179159, 5
2240711, 5
1075191, 5
1210895, 5
818432, 5
1176835, 5
865606, 5
759995, 5
762840, 5
762633, 5
1247606, 5
1173962, 5
1205173, 5
562584, 5
1175533, 5
2716566, 5
1042154, 5
1348355, 5
2714976, 5
2715659, 5
1313407, 5
756325, 5
1226578, 5
1175317, 5
1212047, 5
1147594, 5
1225201, 5
2228971, 5
2230097, 5
2224238, 5
19125, 5
2713100, 5
1221231, 5
1234283, 5
584129, 5
1647971, 5
2713951, 5
1235338, 5
1174864, 5
778403, 5
1351940, 5
1233823, 5
755050, 5
2715548, 5
780467, 5
1223736, 5
755917, 5
1174785, 5
1076175, 5
734306, 5
673816, 5
1177360, 5
753344, 5
762292, 5
1207652, 5
1197939, 5
1192898, 5
2714920, 5
504830, 5
851809, 5
559417, 5
1518021, 5
1229300, 5
1233343, 5
28156, 5
1075302, 5
2218858, 5
2715933, 5
1175195, 5
2714726, 5
753987, 5
1233390, 5
777337, 5
1239123, 5
556319, 5
2714274, 5
694963, 5
774464, 5
1029660, 5
1235308, 5
2716548, 5
642890, 5
1234691, 5
1204564, 5
782047, 5
1245268, 5
2218839, 5
849511, 5
1175616, 5
29489, 5
1393942, 5
1182162, 5
1348422, 5
1182231, 5
1194420, 5
1225639, 5
780459, 5
2713763, 5
697308, 5
2715699, 5
1235802, 5
1234131, 5
1176201, 5
1075617, 5
37836, 5
676144, 5
1095321, 5
2219053, 5
1213473, 5
2222770, 5
766457, 5
1182572, 5
2713785, 5
2230258, 5
2227213, 5
2715107, 5
1221411, 5
759059, 5
505345, 5
23397, 5
573567, 5
1221220, 5
1246954, 5
770544, 5
2230269, 5
1244884, 5
695081, 5
780400, 5
2228987, 5
2232792, 5
2217544, 5
1174671, 5
555289, 5
1208114, 5
2228560, 5
1521109, 5
1233092, 5
1175409, 5
760161, 5
1193598, 5
697772, 5
2228433, 5
2715950, 5
2712701, 5
1190879, 5
760928, 5
774850, 5
765084, 5
2714292, 5
684736, 5
2715621, 5
2225985, 5
1245196, 5
637112, 5
1047199, 5
1420476, 5
2220000, 5
2223123, 5
1177176, 5
1173540, 5
2713058, 5
1105350, 5
684746, 5
1247371, 5
781502, 5
776517, 5
2236358, 5
2715713, 5
2713559, 5
727220, 5
863747, 5
758590, 5
1428949, 5
849708, 5
2714069, 5
2715272, 5
624009, 5
1216458, 5
1379330, 5
2237160, 5
1215775, 5
782009, 5
1074960, 5
1177687, 5
762493, 5
1178485, 5
39066, 5
1311067, 5
1247703, 5
775378, 5
1075761, 5
1233086, 5
2715143, 5
753980, 5
550898, 5
652711, 5
1221194, 5
624196, 5
1233688, 5
769567, 5
2220491, 5
540469, 5
2713646, 5
2714905, 5
776581, 5
1517918, 5
705376, 5
559163, 5
1394938, 5
1234306, 5
2227368, 5
2714922, 5
1182877, 5
1233995, 5
1195918, 5
2713926, 5
777687, 5
1195030, 5
756444, 5
1400697, 5
1215341, 5
769544, 5
1224617, 5
1341154, 5
758645, 5
2716440, 5
1202144, 5
1245839, 5
776355, 5
1174530, 5
18308, 5
1199244, 5
1245881, 5
31232, 5
2713718, 5
1235226, 5
768088, 5
9655, 5
1182619, 5
761271, 5
1102885, 5
766708, 5
1228327, 5
1235887, 5
1235654, 5
2712845, 5
998193, 5
1175763, 5
1179634, 5
2231608, 5
754747, 5
554421, 5
758874, 5
1175910, 5
1222830, 5
1045900, 5
504747, 5
1203047, 5
2230273, 5
16980, 5
673602, 5
645425, 5
29713, 5
1100921, 5
683940, 5
2716107, 5
2716425, 5
1177352, 5
752745, 5
1219546, 5
2231449, 5
2240119, 5
1074264, 5
560368, 5
755232, 5
1393933, 5
1074549, 5
1178375, 5
2716406, 5
1200473, 5
1244972, 5
31960, 5
1100543, 5
1175291, 5
1233504, 5
1638896, 5
1228207, 5
774105, 5
2713418, 5
760183, 5
765090, 5
850951, 5
2218531, 5
1176000, 5
756699, 5
2715944, 5
2230912, 5
1177216, 5
780785, 5
2713486, 5
1100542, 5
752805, 5
2234827, 5
1174876, 5
2712943, 5
1233290, 5
1224657, 5
2713761, 5
1217377, 5
1176846, 5
1175286, 5
2715436, 5
1174703, 5
753122, 5
553934, 5
1178781, 5
1344975, 5
2716279, 5
883022, 5
29697, 5
1221666, 5
2231739, 5
1194493, 5
1212879, 5
2713003, 5
2713349, 5
2218688, 5
722904, 5
2715116, 5
849483, 5
2229026, 5
2216238, 5
1219344, 5
2715884, 5
1046592, 5
772414, 5
2712852, 5
1522515, 5
2716352, 5
703276, 5
2716467, 5
1175339, 5
775171, 5
776613, 5
759811, 5
1074597, 5
850794, 5
1328759, 5
1521863, 5
1239265, 5
686615, 5
1247208, 5
1080324, 5
1246857, 5
2714665, 5
740764, 5
2714926, 5
1211923, 5
1076192, 5
2713388, 5
1182495, 5
2220477, 5
1644153, 5
2224730, 5
761077, 5
2230673, 5
752795, 5
510055, 5
699447, 5
2714527, 5
1174644, 5
766372, 5
699459, 5
2713569, 5
756896, 5
705541, 5
2712669, 5
563041, 5
2217606, 5
18271, 5
553962, 5
2220402, 5
1235123, 5
23315, 5
806962, 5
2713685, 5
755824, 5
573340, 5
1224487, 5
3346412, 5
1175443, 5
758772, 5
757662, 5
40668, 5
763729, 5
780768, 5
1279155, 5
605172, 5
734112, 5
1333484, 5
782720, 5
1224081, 5
1245178, 5
1235649, 5
2228208, 5
2716014, 5
1177210, 5
1220983, 5
1178719, 5
1205730, 5
2714643, 5
1192999, 5
29846, 5
643052, 5
675745, 5
772546, 5
1174516, 5
757863, 5
1266607, 5
2222778, 5
777802, 5
744651, 5
757552, 5
759226, 5
2714085, 5
1201503, 5
690817, 5
1174296, 5
1047052, 5
1193380, 5
683947, 5
1178822, 5
1200576, 5
728126, 5
757379, 5
778284, 5
849539, 5
1216315, 5
1245195, 5
753609, 5
1666380, 5
27273, 5
1233468, 5
773004, 5
1324942, 5
1204672, 5
1215736, 5
771975, 5
1247874, 5
988210, 5
769613, 5
2228474, 5
1080267, 5
774642, 5
2228444, 5
1076875, 5
1649964, 5
1248275, 5
695743, 5
1175786, 5
1234053, 5
694938, 5
1232439, 5
778965, 5
738637, 5
1238807, 5
1235349, 5
2714947, 5
663963, 5
775162, 5
1175746, 5
1219432, 5
776259, 5
1233786, 5
1099946, 5
1185277, 5
1233000, 5
722541, 5
1226255, 5
1195362, 5
2229658, 5
685942, 5
1573040, 5
1105934, 5
684921, 5
2220259, 5
779778, 5
768077, 5
1290720, 5
2716053, 5
28863, 5
706291, 5
2714123, 5
1176718, 5
1516204, 5
781610, 5
775695, 5
2219262, 5
2231472, 5
759397, 5
1044866, 5
2715761, 5
780862, 5
1073208, 5
1272753, 5
2229377, 5
705024, 5
2217620, 5
1277718, 5
849331, 5
2713911, 5
1247457, 5
1202491, 5
1211329, 5
2229029, 5
1192824, 5
680436, 5
1244929, 5
2231338, 5
2715190, 5
2220656, 5
760190, 5
1275523, 5
1233328, 5
2716479, 5
1174229, 5
1520398, 5
1195902, 5
759626, 5
2219702, 5
689312, 5
2714385, 5
1176392, 5
1216257, 5
2229130, 5
770529, 5
1100887, 5
627077, 5
796008, 5
2230664, 5
683760, 5
779464, 5
1345738, 5
1176378, 5
850991, 5
765630, 5
2219045, 5
5547, 5
1229146, 5
2714090, 5
677292, 5
1175844, 5
2219373, 5
1175488, 5
2714247, 5
1305882, 5
697523, 5
2219295, 5
774381, 5
1210822, 5
1175856, 5
2713210, 5
1047279, 5
2217314, 5
1174437, 5
1076891, 5
676874, 5
775976, 5
1176181, 5
1378195, 5
2716296, 5
1224420, 5
1573669, 5
988253, 5
1073592, 5
1228884, 5
2713060, 5
1233434, 5
2716401, 5
1074632, 5
727164, 5
1178286, 5
861563, 5
2714181, 5
755081, 5
706241, 5
2714094, 5
1235050, 5
2218660, 5
554919, 5
1175400, 5
753814, 5
1367479, 5
674831, 5
780162, 5
780216, 5
1194519, 5
1211413, 5
2230685, 5
1232190, 5
1202852, 5
1175947, 5
779058, 5
1244911, 5
1644889, 5
756964, 5
2713721, 5
2713964, 5
765043, 5
760968, 5
1046747, 5
2224829, 5
753729, 5
1420266, 5
768420, 5
676106, 5
1176016, 5
26548, 5
2712898, 5
768752, 5
2714845, 5
775890, 5
556168, 5
2715967, 5
722906, 5
1244999, 5
1225920, 5
2716481, 5
1214922, 5
675326, 5
759831, 5
2714349, 5
752480, 5
1176119, 5
705085, 5
1180869, 5
2228972, 5
1223144, 5
1100934, 5
1445762, 5
30248, 5
775260, 5
1177617, 5
2232526, 5
1233316, 5
2714700, 5
1196832, 5
2713753, 5
1196246, 5
1238838, 5
753526, 5
779764, 5
26281, 5
677611, 5
1235734, 5
1306070, 5
1203554, 5
2232163, 5
756353, 5
754593, 5
1174972, 5
764429, 5
780799, 5
780940, 5
1174728, 5
773980, 5
759581, 5
1234842, 5
2713798, 5
1190423, 5
1198140, 5
2713413, 5
758799, 5
1075418, 5
754013, 5
1215885, 5
2712589, 5
640416, 5
1238493, 5
2712915, 5
673118, 5
2716110, 5
758651, 5
757245, 5
771498, 5
1653394, 5
1236711, 5
1228596, 5
2228388, 5
1201750, 5
1214311, 5
1073910, 5
761322, 5
1235701, 5
2240925, 5
540204, 5
2715560, 5
1073903, 5
768515, 5
1178259, 5
25198, 5
2716252, 5
2219376, 5
777385, 5
1216228, 5
29427, 5
1201515, 5
990432, 5
28711, 5
1244920, 5
1221447, 5
1047490, 5
778765, 5
1475733, 5
1175204, 5
2715973, 5
29871, 5
760140, 5
2715939, 5
730154, 5
1173569, 5
1235198, 5
17738, 5
572871, 5
694960, 5
887424, 5
1245278, 5
766032, 5
1229190, 5
755518, 5
2715963, 5
1202839, 5
2713063, 5
769522, 5
1245062, 5
1177571, 5
1245064, 5
1223621, 5
1175075, 5
766279, 5
757307, 5
1177714, 5
557596, 5
769036, 5
2232633, 5
720807, 5
2712546, 5
2714669, 5
764484, 5
1195724, 5
2715089, 5
2713085, 5
1197992, 5
1234291, 5
2714919, 5
2714934, 5
2228844, 5
556765, 5
776216, 5
1197917, 5
532089, 5
2767167, 5
573030, 5
1213485, 5
616514, 5
1190367, 5
998712, 5
1234163, 5
758138, 5
1196668, 5
1233788, 5
2231107, 5
1214278, 5
2713265, 5
757166, 5
1393717, 5
1104261, 5
753358, 5
1191005, 5
2223054, 5
1267554, 5
2216927, 5
1233312, 5
1182337, 5
1397660, 5
1374293, 5
1177149, 5
1076207, 5
1234587, 5
753738, 5
756778, 5
505353, 5
1041634, 5
2715762, 5
1045238, 5
753885, 5
2240200, 5
2716318, 5
2230614, 5
1234089, 5
2716531, 5
1041340, 5
1043434, 5
1343548, 5
766388, 5
764573, 5
2220382, 5
1301584, 5
1175600, 5
753516, 5
8294, 5
2713493, 5
1244870, 5
1198862, 5
1247580, 5
1579081, 5
849622, 5
1205040, 5
689946, 5
1075644, 5
752697, 5
665901, 5
673645, 5
1234519, 5
2714470, 5
762505, 5
759352, 5
2232948, 5
2716543, 5
1247697, 5
1279953, 5
2716557, 5
35822, 5
1204180, 5
1176887, 5
1190452, 5
1178261, 5
2716351, 5
1174293, 5
777837, 5
2716265, 5
1104916, 5
1176966, 5
2714894, 5
1213973, 5
771364, 5
1235944, 5
1012835, 5
1105750, 5
1199171, 5
2714781, 5
683180, 5
554819, 5
768722, 5
1233638, 5
1192547, 5
1176298, 5
778904, 5
935791, 5
25413, 5
1234265, 5
675218, 5
2715644, 5
779301, 5
2715389, 5
1235121, 5
2714836, 5
21389, 5
2715999, 5
1182270, 5
556389, 5
1177573, 5
1245309, 5
559627, 5
1244914, 5
1147782, 5
780440, 5
2233162, 5
704637, 5
727393, 5
1176816, 5
1200362, 5
2712880, 5
1177275, 5
1199603, 5
1193838, 5
756683, 5
690848, 5
2232217, 5
1184796, 5
1233442, 5
774692, 5
995218, 5
974002, 5
768759, 5
2229136, 5
752682, 5
2218111, 5
2229831, 5
745203, 5
1521105, 5
777003, 5
849747, 5
768229, 5
2715003, 5
541990, 5
2713719, 5
1075658, 5
2714778, 5
2229588, 5
1395214, 5
1416168, 5
766661, 5
25423, 5
574428, 5
673669, 5
769608, 5
936504, 5
1236837, 5
1225211, 5
1176848, 5
1175069, 5
1203037, 5
1182403, 5
531968, 5
558889, 5
1099799, 5
28064, 5
753272, 5
2716317, 5
1181732, 5
1176895, 5
1191609, 5
1213210, 5
674645, 5
690979, 5
1176795, 5
1233206, 5
1219820, 5
554852, 5
754814, 5
1354499, 5
558944, 5
774380, 5
1245304, 5
1233455, 5
780199, 5
760034, 5
2713195, 5
753323, 5
1193671, 5
1204459, 5
1350627, 5
1219203, 5
768532, 5
1234204, 5
773144, 5
2714039, 5
541578, 5
754297, 5
1216219, 5
2715199, 5
771039, 5
2716283, 5
1235366, 5
505812, 5
773480, 5
626267, 5
787619, 5
2230519, 5
882849, 5
1218936, 5
766568, 5
2713508, 5
893545, 5
1190556, 5
1176186, 5
1202134, 5
1308103, 5
762413, 5
1233222, 5
2240837, 5
1189569, 5
1368023, 5
2229114, 5
707772, 5
1201984, 5
2713221, 5
1232103, 5
802235, 5
642535, 5
1233534, 5
1237360, 5
2716523, 5
555696, 5
560007, 5
1043056, 5
1248557, 5
1073590, 5
2712706, 5
978284, 5
831266, 5
2716156, 5
764891, 5
34493, 5
540267, 5
1200545, 5
695491, 5
776633, 5
1173217, 5
2714612, 5
776280, 5
556760, 5
2715403, 5
857092, 5
753239, 5
764879, 5
2712930, 5
2713696, 5
1176232, 5
1194971, 5
1522395, 5
1047724, 5
807503, 5
849626, 5
1373349, 5
2716486, 5
1227596, 5
1077695, 5
1102325, 5
1175470, 5
625572, 5
1176442, 5
558156, 5
760324, 5
759564, 5
2714790, 5
850955, 5
1174808, 5
768651, 5
1366914, 5
1246009, 5
1648601, 5
2714041, 5
772636, 5
32983, 5
1235424, 5
1235049, 5
765231, 5
1233511, 5
1179374, 5
1173862, 5
1202404, 5
675245, 5
1192972, 5
1175160, 5
1233817, 5
729608, 5
677654, 5
767511, 5
2224833, 5
542563, 5
2219001, 5
1305541, 5
1233308, 5
2712905, 5
1076147, 5
686354, 5
756720, 5
780481, 5
2715419, 5
1228751, 5
759770, 5
673411, 5
1245293, 5
2716030, 5
1209228, 5
2230413, 5
17223, 5
1175095, 5
772560, 5
758924, 5
777851, 5
850911, 5
1223590, 5
2715813, 5
2220327, 5
626297, 5
1173974, 5
780086, 5
2218721, 5
1233893, 5
2216241, 5
608431, 5
2218980, 5
2229134, 5
2228973, 5
698158, 5
759304, 5
1239273, 5
938392, 5
1042262, 5
757005, 5
1226658, 5
2231967, 5
760020, 5
1192576, 5
698312, 5
2229070, 5
1221247, 5
1279412, 5
1177499, 5
695305, 5
725039, 5
677336, 5
2715796, 5
2218752, 5
849492, 5
1174704, 5
685217, 5
1198812, 5
1173632, 5
1182134, 5
1233490, 5
1177073, 5
1022720, 5
1147696, 5
1178098, 5
1245270, 5
1176250, 5
1176878, 5
756529, 5
1177959, 5
1234941, 5
849383, 5
755101, 5
2715318, 5
1233943, 5
763965, 5
1235872, 5
2232030, 5
1182503, 5
753538, 5
1279343, 5
1074396, 5
831250, 5
2230245, 5
1177226, 5
757157, 5
695030, 5
2214664, 5
1227520, 5
1233189, 5
755915, 5
622375, 5
1223128, 5
759375, 5
1075422, 5
1147686, 5
1175141, 5
1373293, 5
1175770, 5
781803, 5
2712803, 5
28633, 5
684678, 5
1213712, 5
1341934, 5
1073256, 5
2716004, 5
1204254, 5
2224812, 5
1228697, 5
556067, 5
30026, 5
1234290, 5
1042600, 5
1247604, 5
2228386, 5
1373278, 5
781753, 5
1075790, 5
677029, 5
766788, 5
756133, 5
2231904, 5
1234559, 5
2715057, 5
1174037, 5
570829, 5
1202123, 5
1244902, 5
2716244, 5
1176207, 5
849726, 5
1256705, 5
695365, 5
2232235, 5
2714184, 5
1227165, 5
1224212, 5
1445388, 5
758800, 5
887374, 5
1661592, 5
757491, 5
2218825, 5
697800, 5
1238895, 5
2228839, 5
1173245, 5
1640232, 5
987456, 5
1233384, 5
638900, 5
1223606, 5
625094, 5
1221350, 5
675506, 5
1235659, 5
763935, 5
780092, 5
690204, 5
685490, 5
768758, 5
2714714, 5
2712676, 5
779002, 5
1042882, 5
2715561, 5
555373, 5
27475, 5
1175276, 5
1247701, 5
2218716, 5
1235403, 5
760180, 5
1225419, 5
1226201, 5
1173853, 5
1337214, 5
2713115, 5
2712601, 5
2231241, 5
2713463, 5
2713589, 5
937728, 5
753148, 5
2716518, 5
674325, 5
8627, 5
2713390, 5
761181, 5
1404518, 5
31231, 5
1236536, 5
1247433, 5
26780, 5
677016, 5
677195, 5
555083, 5
1333532, 5
2715537, 5
1040803, 5
1245191, 5
530885, 5
556847, 5
1197953, 5
1073935, 5
2230375, 5
1218109, 5
555933, 5
1217748, 5
2230893, 5
1208798, 5
676252, 5
684725, 5
1175351, 5
775752, 5
1196453, 5
676330, 5
1235064, 5
2716455, 5
759538, 5
2232121, 5
626567, 5
1308819, 5
758491, 5
2232580, 5
1201544, 5
1196542, 5
1105586, 5
761228, 5
1177252, 5
772983, 5
756306, 5
2715680, 5
1199474, 5
1173198, 5
1233431, 5
768397, 5
34580, 5
756277, 5
779864, 5
755845, 5
1233763, 5
2217865, 5
1234838, 5
2232192, 5
781623, 5
726714, 5
1238897, 5
776113, 5
9145, 5
1182657, 5
757196, 5
758419, 5
2716432, 5
572284, 5
1100942, 5
686836, 5
714665, 5
1178058, 5
2714208, 5
753592, 5
2715307, 5
2229000, 5
2240101, 5
796968, 5
2713707, 5
775258, 5
2715993, 5
769046, 5
1182530, 5
2715793, 5
26177, 5
2715171, 5
2716207, 5
1072996, 5
758928, 5
1174791, 5
10809, 5
2714826, 5
1215103, 5
1234797, 5
1247125, 5
1217532, 5
859119, 5
1212310, 5
2220413, 5
1201690, 5
1216504, 5
1100951, 5
1182534, 5
2714668, 5
776596, 5
567743, 5
1234106, 5
1214485, 6
7101, 6
556288, 6
614006, 6
1027437, 6
758322, 6
1001783, 6
1226663, 6
764945, 6
1097065, 6
1176460, 6
1023923, 6
2713726, 6
2239994, 6
1215625, 6
1227086, 6
1048900, 6
2156, 6
6046, 6
757896, 6
1105083, 6
1103410, 6
1394379, 6
975590, 6
1219728, 6
776747, 6
2713366, 6
1246884, 6
17447, 6
1228867, 6
1187812, 6
1106407, 6
1221125, 6
752732, 6
1180505, 6
976578, 6
1199458, 6
1104114, 6
1198018, 6
1216733, 6
17993, 6
1225585, 6
2218822, 6
1246962, 6
11342, 6
1228167, 6
2714098, 6
769558, 6
998543, 6
3575, 6
1221224, 6
1540935, 6
1219067, 6
1401384, 6
567178, 6
1044354, 6
2219928, 6
1199343, 6
998615, 6
1103972, 6
1193222, 6
1217376, 6
1028690, 6
2716462, 6
1028991, 6
504102, 6
1184115, 6
754164, 6
1177891, 6
22323, 6
556885, 6
2241357, 6
555068, 6
672306, 6
1070456, 6
1028979, 6
21282, 6
1227977, 6
1215556, 6
765562, 6
771362, 6
1043828, 6
756562, 6
1225724, 6
1247091, 6
1225189, 6
552537, 6
2714703, 6
1211767, 6
1217153, 6
10886, 6
1204967, 6
1222701, 6
1027525, 6
1096787, 6
645189, 6
21322, 6
1219334, 6
1235230, 6
12894, 6
1080151, 6
1247346, 6
1057015, 6
22253, 6
638442, 6
1214023, 6
1094796, 6
1226072, 6
1029718, 6
1205398, 6
759594, 6
1057273, 6
753280, 6
30091, 6
863333, 6
703253, 6
1199407, 6
1218132, 6
757741, 6
2714044, 6
1204325, 6
9499, 6
1195845, 6
567747, 6
34891, 6
22538, 6
756528, 6
849362, 6
23281, 6
1222034, 6
754632, 6
542618, 6
1177610, 6
764154, 6
1215298, 6
1246819, 6
776666, 6
2217325, 6
1206626, 6
1040871, 6
998553, 6
7543, 6
9912, 6
1334, 6
531530, 6
1206280, 6
1177905, 6
1215658, 6
1228233, 6
999138, 6
1041352, 6
1014369, 6
685068, 6
1215468, 6
1245858, 6
2716353, 6
1027352, 6
754936, 6
1094480, 6
1222382, 6
1311816, 6
1226591, 6
1196364, 6
1027170, 6
2714036, 6
1216717, 6
764326, 6
1221540, 6
780405, 6
1047421, 6
768785, 6
2218080, 6
567394, 6
28483, 6
1095461, 6
1210808, 6
2226125, 6
1203026, 6
1221668, 6
1027801, 6
1222716, 6
1221490, 6
30418, 6
570847, 6
776012, 6
25802, 6
1227438, 6
1216690, 6
16432, 6
770341, 6
982384, 6
1222593, 6
1216367, 6
1213380, 6
782050, 6
1027517, 6
1027474, 6
532538, 6
1224336, 6
1210847, 6
1225078, 6
1221503, 6
680170, 6
1203338, 6
1215861, 6
1217099, 6
754400, 6
1025204, 6
2217561, 6
1027355, 6
1226979, 6
772873, 6
1216982, 6
1195008, 6
8279, 6
1217104, 6
1194630, 6
5073, 6
1813, 6
7716, 6
998946, 6
865377, 6
1226246, 6
12671, 6
568945, 6
1029284, 6
2220114, 6
1392784, 6
976804, 6
561488, 6
1217733, 6
686203, 6
510456, 6
1217319, 6
1226502, 6
766813, 6
1222177, 6
554708, 6
558838, 6
7569, 6
1223998, 6
1189218, 6
1216670, 6
1232347, 6
2232194, 6
1101653, 6
998748, 6
759526, 6
1221534, 6
1028517, 6
11715, 6
1028932, 6
1101401, 6
771970, 6
1223815, 6
1028919, 6
680093, 6
775008, 6
1218909, 6
555850, 6
768681, 6
1223157, 6
1245918, 6
1018640, 6
1103054, 6
755971, 6
1189359, 6
1221498, 6
677094, 6
776120, 6
756669, 6
752989, 6
1030409, 6
1220601, 6
1222093, 6
755523, 6
2713728, 6
558828, 6
19088, 6
2647007, 6
1247559, 6
2228617, 6
1222027, 6
2714215, 6
861181, 6
1204110, 6
1025885, 6
1220091, 6
850194, 6
867796, 6
729895, 6
1027642, 6
1188546, 6
772177, 6
1385133, 6
1217882, 6
1217625, 6
1041661, 6
8960, 6
1245586, 6
7249, 6
1219015, 6
1219940, 6
573376, 6
1225191, 6
1214358, 6
558298, 6
1191783, 6
1094363, 6
9363, 6
776142, 6
504919, 6
1078114, 6
1025586, 6
1222945, 6
16624, 6
1216270, 6
1219780, 6
1225776, 6
1229044, 6
985697, 6
1104372, 6
20374, 6
23830, 6
1182039, 6
680394, 6
31908, 6
2218042, 6
504568, 6
1215783, 6
1219657, 6
1219792, 6
1220864, 6
2218055, 6
8013, 6
774828, 6
2230046, 6
1225801, 6
867955, 6
29735, 6
753685, 6
1216372, 6
1219480, 6
1213572, 6
20277, 6
1217817, 6
1215520, 6
1225560, 6
555594, 6
1025934, 6
18050, 6
504711, 6
2223893, 6
1192032, 6
865466, 6
1216673, 6
2763561, 6
2218611, 6
2712645, 6
10080, 6
605088, 6
720800, 6
686121, 6
1245927, 6
1246515, 6
1025350, 6
2225594, 6
1104651, 6
643788, 6
1173598, 6
1027269, 6
999450, 6
1184744, 6
1077830, 6
2713437, 6
1101727, 6
1180144, 6
556093, 6
1027424, 6
1225488, 6
2223113, 6
130, 6
978091, 6
1218958, 6
1208045, 6
1297758, 6
1211709, 6
1104529, 6
769152, 6
1226203, 6
1101094, 6
8612, 6
1217182, 6
1026912, 6
757043, 6
1216145, 6
720670, 6
1219964, 6
1104864, 6
1236389, 6
1221192, 6
866519, 6
2242114, 6
504554, 6
1194752, 6
1030516, 6
1029179, 6
831158, 6
1187967, 6
1224955, 6
1027335, 6
1227171, 6
675438, 6
767442, 6
1216472, 6
1218771, 6
11332, 6
1226884, 6
13067, 6
1078300, 6
1226186, 6
998527, 6
6267, 6
567504, 6
1225018, 6
1228900, 6
1215993, 6
602659, 6
27453, 6
1219190, 6
30006, 6
1197938, 6
1205332, 6
1219173, 6
974482, 6
775992, 6
1224064, 6
1228686, 6
773506, 6
1218019, 6
1224115, 6
762632, 6
779545, 6
569890, 6
1227555, 6
570081, 6
1208142, 6
1027145, 6
2241547, 6
32686, 6
1206548, 6
1233693, 6
1431292, 6
7768, 6
1028456, 6
28898, 6
30580, 6
1219719, 6
621825, 6
7541, 6
1209008, 6
1222229, 6
557689, 6
2714341, 6
1177682, 6
2712752, 6
2218044, 6
1219680, 6
3346580, 6
34425, 6
758927, 6
984698, 6
1211142, 6
560058, 6
21686, 6
2218279, 6
1214445, 6
1215726, 6
2242317, 6
2714736, 6
1173080, 6
1225525, 6
1227750, 6
754012, 6
7976, 6
2716482, 6
1225969, 6
1194594, 6
1191110, 6
18937, 6
567419, 6
1443338, 6
1025923, 6
1219519, 6
1223094, 6
1236132, 6
2217878, 6
2715174, 6
1510, 6
567510, 6
4823, 6
3466, 6
1028598, 6
1027609, 6
1028651, 6
1247202, 6
780275, 6
1218952, 6
1044160, 6
571414, 6
569912, 6
1185703, 6
1201990, 6
680153, 6
27869, 6
1224450, 6
1224459, 6
23896, 6
1104757, 6
1039120, 6
1182452, 6
571527, 6
4805, 6
1217622, 6
2042, 6
1247033, 6
684976, 6
1105074, 6
2699, 6
1216290, 6
554822, 6
850016, 6
1247374, 6
1345659, 6
756833, 6
1172873, 6
1219668, 6
1217903, 6
1030269, 6
1976674, 6
5795, 6
1213156, 6
1219217, 6
1217719, 6
2234041, 6
9928, 6
530381, 6
1106070, 6
9006, 6
1226708, 6
753128, 6
1216132, 6
1247231, 6
557009, 6
640058, 6
2218978, 6
1194734, 6
1071319, 6
1173749, 6
757374, 6
35925, 6
1215248, 6
1046970, 6
13903, 6
556982, 6
1202909, 6
1221889, 6
753202, 6
3748, 6
9567, 6
1185733, 6
1228969, 6
14526, 6
1078470, 6
685341, 6
760276, 6
2219118, 6
552552, 6
11740, 6
768351, 6
642847, 6
1018134, 6
26611, 6
27862, 6
1028873, 6
1220763, 6
1216828, 6
2240949, 6
743600, 6
1104814, 6
1205863, 6
1178362, 6
1216070, 6
1030245, 6
1396958, 6
30029, 6
2584, 6
867642, 6
2716414, 6
754300, 6
1226395, 6
780609, 6
1101151, 6
759747, 6
1215777, 6
570410, 6
569843, 6
1391777, 6
15639, 6
1226091, 6
754595, 6
1215784, 6
5348, 6
18867, 6
1101225, 6
1227398, 6
1403741, 6
568693, 6
36738, 6
2227343, 6
1246472, 6
771940, 6
545387, 6
571197, 6
1025587, 6
2715031, 6
1413688, 6
1178301, 6
22881, 6
1203120, 6
1017630, 6
10901, 6
7560, 6
1222980, 6
554591, 6
40161, 6
1220456, 6
1226506, 6
28801, 6
25467, 6
2714757, 6
1207124, 6
570182, 6
1185671, 6
1048892, 6
1218024, 6
1101302, 6
775209, 6
1198642, 6
1041004, 6
1176479, 6
1213064, 6
1094153, 6
1214516, 6
1030270, 6
1247158, 6
26962, 6
1226789, 6
29803, 6
1211155, 6
755413, 6
1247063, 6
1218885, 6
1226131, 6
1043668, 6
569049, 6
2716298, 6
22958, 6
1690, 6
777895, 6
1228320, 6
7984, 6
13619, 6
1044203, 6
1235354, 6
779587, 6
1236728, 6
1233940, 6
1247047, 6
1224866, 6
684828, 6
1217822, 6
1214834, 6
2231172, 6
554889, 6
669713, 6
1223685, 6
1101422, 6
558544, 6
1220390, 6
863678, 6
2017405, 6
1070275, 6
1213498, 6
1214741, 6
1221687, 6
1223867, 6
1225058, 6
685056, 6
674504, 6
1096788, 6
1191788, 6
1063156, 6
1219394, 6
1225403, 6
13039, 6
28873, 6
759966, 6
1220353, 6
1200568, 6
1219144, 6
1027074, 6
1078834, 6
1026020, 6
1203560, 6
2227028, 6
1227747, 6
1067974, 6
1023945, 6
2219037, 6
22214, 6
1209639, 6
1226906, 6
1041366, 6
2713773, 6
754883, 6
562226, 6
1174413, 6
1027095, 6
979428, 6
1210300, 6
752842, 6
555381, 6
1027760, 6
1227409, 6
2217896, 6
558370, 6
580202, 6
1080160, 6
754789, 6
17939, 6
16804, 6
1030244, 6
14797, 6
4041, 6
643801, 6
1030335, 6
9143, 6
1221754, 6
18982, 6
754780, 6
1217106, 6
1094229, 6
2222910, 6
13042, 6
1030453, 6
12509, 6
1224146, 6
998800, 6
581425, 6
2713921, 6
1104005, 6
641957, 6
1027980, 6
755855, 6
1006888, 6
36836, 6
2227416, 6
754080, 6
1232362, 6
1187769, 6
1028826, 6
1043771, 6
1191011, 6
1219735, 6
1220967, 6
2228518, 6
1221939, 6
2713878, 6
760232, 6
1226864, 6
754163, 6
1203888, 6
1196700, 6
757941, 6
1196839, 6
999137, 6
1028668, 6
557604, 6
757069, 6
1078069, 6
1194812, 6
14853, 6
568289, 6
510728, 6
1185845, 6
1027581, 6
28233, 6
2194, 6
756585, 6
756185, 6
1473, 6
2224846, 6
777082, 6
2713873, 6
821313, 6
16984, 6
27419, 6
775278, 6
1219264, 6
2451, 6
1043707, 6
13356, 6
1218125, 6
1080236, 6
754758, 6
775286, 6
2227040, 6
1215685, 6
1210403, 6
2209216, 6
1220892, 6
1237171, 6
aaaieiqu, 6
23609, 6
560812, 6
1221891, 6
20921, 6
1217924, 6
27440, 6
2715088, 6
756037, 6
555079, 6
1021492, 6
999489, 6
8275, 6
758501, 6
1226164, 6
1220191, 6
554060, 6
1246501, 6
604429, 6
555971, 6
1204258, 6
1206637, 6
1225730, 6
1236294, 6
721813, 6
1223398, 6
753774, 6
975924, 6
1078140, 6
1206440, 6
1030190, 6
1218666, 6
13241, 6
2715019, 6
18732, 6
9820, 6
754065, 6
1076679, 6
570117, 6
1232293, 6
2210632, 6
1101998, 6
1025099, 6
1407092, 6
1226221, 6
753098, 6
558608, 6
20798, 6
740739, 6
774219, 6
554955, 6
29339, 6
2218073, 6
1179373, 6
1662, 6
1245564, 6
17252, 6
2218072, 6
755570, 6
2715046, 6
13840, 6
634, 6
1225130, 6
1220205, 6
1218115, 6
1217234, 6
1001611, 6
1046980, 6
1094425, 6
1193498, 6
753411, 6
1103851, 6
680094, 6
625943, 6
774893, 6
1220501, 6
1178561, 6
998927, 6
1077901, 6
767157, 6
1028832, 6
2218931, 6
1217003, 6
1030101, 6
771880, 6
1193269, 6
1215704, 6
752446, 6
557340, 6
1221582, 6
1019533, 6
676371, 6
1216138, 6
997167, 6
17557, 6
752811, 6
2716376, 6
1201030, 6
1224914, 6
1212727, 6
1221404, 6
2714302, 6
1224005, 6
1222379, 6
19907, 6
1209269, 6
556530, 6
1216509, 6
1222693, 6
1079408, 6
1044664, 6
755297, 6
32311, 6
1094112, 6
10225, 6
1221918, 6
685318, 6
1028887, 6
775436, 6
28714, 6
1008625, 6
1210013, 6
763497, 6
8110, 6
17297, 6
2228513, 6
1018031, 6
1225069, 6
1191653, 6
19168, 6
1199507, 6
12047, 6
765499, 6
1221022, 6
779008, 6
772911, 6
1079657, 6
6476, 6
2544, 6
1044860, 6
1101293, 6
1216967, 6
1181127, 6
1077107, 6
973198, 6
1233339, 6
753721, 6
849083, 6
1185828, 6
1104399, 6
1018784, 6
1072193, 6
1219187, 6
676129, 6
1224374, 6
12695, 6
759088, 6
1227403, 6
2219481, 6
1096947, 6
758524, 6
2232699, 6
2218733, 6
1213231, 6
759273, 6
570118, 6
676801, 6
2741293, 6
27396, 6
1206803, 6
2228638, 6
2217366, 6
2226142, 6
1224240, 6
1173886, 6
1077874, 6
1216178, 6
1100712, 6
863756, 6
780226, 6
22430, 6
1221961, 6
2714062, 6
559663, 6
570418, 6
27916, 6
756513, 6
561418, 6
557151, 6
24044, 6
755003, 6
1223973, 6
1223994, 6
776060, 6
754253, 6
1224669, 6
2714722, 6
1106291, 6
1235212, 6
567483, 6
849749, 6
20641, 6
2226971, 6
1044721, 6
769630, 6
1027742, 6
774876, 6
2713766, 6
561553, 6
31220, 6
1226467, 6
541487, 6
9080, 6
1217694, 6
2217822, 6
7121, 6
1190457, 6
1228238, 6
1023932, 6
554139, 6
1190097, 6
772437, 6
1214825, 6
1226733, 6
998602, 6
1227091, 6
15637, 6
541156, 6
1199695, 6
2239904, 6
756832, 6
866951, 6
2226151, 6
1094122, 6
765724, 6
764098, 6
1226410, 6
28530, 6
775941, 6
2218455, 6
35860, 6
29666, 6
667345, 6
1226983, 6
1101188, 6
1029337, 6
1030102, 6
1030155, 6
1189346, 6
569610, 6
1220846, 6
704141, 6
1222495, 6
753893, 6
1101366, 6
30174, 6
16000, 6
1275385, 6
778180, 6
758832, 6
1384478, 6
6949, 6
1181637, 6
2227994, 6
1225299, 6
757052, 6
1216191, 6
1062935, 6
675543, 6
1029232, 6
554503, 6
984788, 6
21099, 6
571603, 6
625509, 6
1028488, 6
1212835, 6
774520, 6
755565, 6
505233, 6
770353, 6
734398, 6
22660, 6
570122, 6
759217, 6
1246842, 6
756715, 6
1224980, 6
1210738, 6
1028510, 6
1192249, 6
18191, 6
1105798, 6
16928, 6
1147551, 6
1029946, 6
1026983, 6
651723, 6
780573, 6
551456, 6
1221793, 6
1222272, 6
1233382, 6
1101165, 6
756194, 6
4124, 6
1027412, 6
1219094, 6
753013, 6
1215515, 6
775338, 6
15951, 6
1219695, 6
1226251, 6
1009641, 6
1017628, 6
776115, 6
1028414, 6
758629, 6
28902, 6
754266, 6
2217721, 6
12826, 6
1179994, 6
560541, 6
1101826, 6
9366, 6
1219545, 6
1181563, 6
1044342, 6
1220852, 6
1044279, 6
2223086, 6
1103853, 6
1047430, 6
1227757, 6
644229, 6
772548, 6
754246, 6
675769, 6
1219726, 6
1193010, 6
571518, 6
8724, 6
764225, 6
1247546, 6
996952, 6
24577, 6
36209, 6
554104, 6
1226001, 6
1120818, 6
1224836, 6
2713434, 6
14791, 6
1223873, 6
21474, 6
1103771, 6
1080258, 6
554683, 6
1213478, 6
754434, 6
1223770, 6
753890, 6
1217293, 6
10777, 6
1190531, 6
1018051, 6
1216503, 6
1223960, 6
26610, 6
1220045, 6
754126, 6
8611, 6
1228939, 6
882, 6
1227488, 6
614951, 6
1205902, 6
1217696, 6
1216384, 6
29784, 6
570791, 6
1225796, 6
566257, 6
558273, 6
697921, 6
762289, 6
2230066, 6
35796, 6
1218937, 6
2714011, 6
1105042, 6
556516, 6
1193676, 6
1018770, 6
1028622, 6
16947, 6
2578, 6
1027765, 6
1104268, 6
1228891, 6
6870, 6
1096820, 6
1193413, 6
1027061, 6
776180, 6
1228131, 6
850405, 6
1220480, 6
1220726, 6
756307, 6
27261, 6
611219, 6
628588, 6
772512, 6
581476, 6
1223648, 6
31901, 6
757174, 6
1029043, 6
1226924, 6
1189585, 6
15549, 6
753904, 6
8111, 6
1044814, 6
aaaieisu, 6
1221978, 6
1220013, 6
1211701, 6
630773, 6
1219208, 6
1224468, 6
851117, 6
1178963, 6
1228780, 6
1393845, 6
1174520, 6
1025856, 6
571514, 6
560825, 6
755018, 6
1047202, 6
780115, 6
27587, 6
35906, 6
674940, 6
569666, 6
1277413, 6
1222697, 6
1188863, 6
1246859, 6
2219351, 6
1303831, 6
1184188, 6
775780, 6
1080166, 6
1023925, 6
2713205, 6
1019562, 6
763059, 6
1247309, 6
26673, 6
541450, 6
756921, 6
1029118, 6
1192831, 6
28487, 6
1217576, 6
1219849, 6
6761, 6
2217870, 6
25411, 6
1101543, 6
1226393, 6
1443045, 6
1215560, 6
1207938, 6
1178577, 6
2239850, 6
1174300, 6
3006, 6
627557, 6
1046961, 6
1221646, 6
1206723, 6
23435, 6
1030615, 6
776587, 6
26725, 6
2219676, 6
1215297, 6
1221881, 6
25300, 6
16990, 6
2218033, 6
1220060, 6
1044712, 6
22596, 6
1220724, 6
1225114, 6
5094, 6
774420, 6
569157, 6
30898, 6
13314, 6
1217475, 6
2219473, 6
1030392, 6
1224248, 6
600242, 6
1222346, 6
10785, 6
2219083, 6
757137, 6
1021510, 6
1063280, 6
1245754, 6
772137, 6
1025692, 6
559525, 6
1027535, 6
29957, 6
1047842, 6
753177, 6
1223819, 6
2716563, 6
1207609, 6
542333, 6
1220463, 6
570572, 6
696457, 6
757337, 6
1226917, 6
780131, 6
24431, 6
559996, 6
2714853, 6
554337, 6
1048868, 6
2285, 6
1028978, 6
541756, 6
1247380, 6
2713962, 6
1226511, 6
1229174, 6
1105040, 6
1443978, 6
1188210, 6
1189316, 6
2218108, 6
23578, 6
1220407, 6
857354, 6
1218700, 6
1207843, 6
1216648, 6
1043764, 6
1223429, 6
1219231, 6
768621, 6
2219054, 6
771692, 6
1226857, 6
1225300, 6
6723, 6
2352785, 6
1222922, 6
1216248, 6
770679, 6
676851, 6
1218231, 6
2219444, 6
1228882, 6
1217537, 6
775102, 6
4002, 6
1028441, 6
647075, 6
1224368, 6
1225370, 6
27420, 6
733, 6
1222673, 6
1177246, 6
1220868, 6
771764, 6
26275, 6
1247301, 6
2365577, 6
5475, 6
15012, 6
674221, 6
23005, 6
2232108, 6
7540, 6
1194686, 6
1404648, 6
752422, 6
2218873, 6
1225678, 6
24003, 6
9076, 6
4511, 6
1079585, 6
1220750, 6
1245468, 6
567528, 6
776325, 6
997184, 6
1066783, 6
1196782, 6
1217434, 6
1030450, 6
1218677, 6
1225391, 6
556660, 6
1008754, 6
554818, 6
1215733, 6
1211946, 6
1216090, 6
850923, 6
1080168, 6
1220693, 6
2225320, 6
2232137, 6
759286, 6
1047389, 6
541014, 6
1181952, 6
1212739, 6
568937, 6
1027164, 6
620569, 6
581150, 6
2230104, 6
1026348, 6
19069, 6
1212677, 6
676894, 6
1220266, 6
6730, 6
624399, 6
571539, 6
680154, 6
772810, 6
547864, 6
1101415, 6
2225848, 6
756742, 6
1661936, 6
12908, 6
981382, 6
2221118, 6
1225702, 6
1025678, 6
1225055, 6
3759, 6
756706, 6
863369, 6
1225711, 6
1234862, 6
1222013, 6
1224978, 6
9055, 6
9383, 6
684964, 6
1216702, 6
6525, 6
1030513, 6
1040809, 6
1026002, 6
567359, 6
1233160, 6
1182013, 6
775275, 6
772496, 6
545630, 6
2219284, 6
8710, 6
685281, 6
562437, 6
1222906, 6
1044687, 6
672348, 6
30713, 6
1220113, 6
23559, 6
776109, 6
1218519, 6
1226033, 6
1219312, 6
1190965, 6
684724, 6
1217826, 6
1226139, 6
849278, 6
1225482, 6
1188728, 6
979137, 6
569756, 6
1206394, 6
1227612, 6
15783, 6
5189, 6
771696, 6
767701, 6
2713994, 6
553880, 6
677164, 6
778848, 6
758306, 6
1207385, 6
5498, 6
1213750, 6
1041271, 6
1103030, 6
570738, 6
755007, 6
695093, 6
1028791, 6
757911, 6
2716, 6
1220072, 6
1185651, 6
1201267, 6
1030723, 6
568428, 6
19150, 6
1223493, 6
1173787, 6
22544, 6
1227254, 6
1217935, 6
861716, 6
2714490, 6
1097021, 6
9385, 6
1027759, 6
1221748, 6
776083, 6
1043751, 6
1179169, 6
1222704, 6
2210655, 6
1206808, 6
1207877, 6
555890, 6
1220664, 6
1185813, 6
1189465, 6
1247784, 6
1224282, 6
772303, 6
1101383, 6
680095, 6
1227356, 6
1227005, 6
1044802, 6
754671, 6
1193625, 6
676250, 6
1223627, 6
1219371, 6
2421172, 6
1220368, 6
6071, 6
1026015, 6
861852, 6
1193340, 6
558418, 6
556485, 6
18723, 6
760233, 6
752999, 6
1094790, 6
1212536, 6
1026927, 6
1206602, 6
1199965, 6
570955, 6
755099, 6
1224758, 6
723426, 6
571613, 6
2217804, 6
1030108, 6
1222135, 6
695056, 6
579560, 6
1219338, 6
1215581, 6
571615, 6
1024, 6
2225312, 6
1192065, 6
555911, 6
1018642, 6
1028576, 6
22849, 6
1188550, 6
1227743, 6
12953, 6
1102167, 6
1228638, 6
1019528, 6
1233043, 6
1198717, 6
12018, 6
647489, 6
1272167, 6
2716303, 6
1187843, 6
2715081, 6
558595, 6
758464, 6
1247438, 6
1273249, 6
1246563, 6
1196505, 6
1029062, 6
1080188, 6
568342, 6
1247221, 6
1103688, 6
1195286, 6
764918, 6
768247, 6
690647, 6
1179971, 6
1223483, 6
2218998, 6
9368, 6
1190416, 6
764496, 6
2218861, 6
1100925, 6
643575, 6
1189919, 6
2227822, 6
757045, 6
1274811, 6
558115, 6
9564, 6
1104334, 6
1207212, 6
1094318, 6
1027440, 6
2714630, 6
1274754, 6
1104260, 6
1041199, 6
1219960, 6
1219149, 6
734315, 6
2219567, 6
14112, 6
773045, 6
758256, 6
1437358, 6
23888, 6
1206825, 6
1103047, 6
1104271, 6
1189328, 6
27928, 6
1219844, 6
1044669, 6
754118, 6
1188478, 6
1188906, 6
29535, 6
9568, 6
1224360, 6
570559, 6
10905, 6
1208780, 6
1026918, 6
1247053, 6
567550, 6
1226038, 6
1223818, 6
1188705, 6
1096798, 6
1221389, 6
1222471, 6
998608, 6
775015, 6
1026941, 6
2219075, 6
8774, 6
757056, 6
776173, 6
7655, 6
22189, 6
571122, 6
22116, 6
1101271, 6
981988, 6
1235327, 6
1101708, 6
771326, 6
1204269, 6
1195672, 6
675227, 6
1221031, 6
1185383, 6
1185807, 6
2218451, 6
1209291, 6
1103985, 6
1192099, 6
39140, 6
2714611, 6
602393, 6
1247039, 6
1030389, 6
557210, 6
1238804, 6
2012852, 6
1028674, 6
1210350, 6
1224414, 6
559608, 6
6233, 6
1216096, 6
1218302, 6
1028683, 6
1103562, 6
1225270, 6
1220596, 6
1078458, 6
769610, 6
1223246, 6
38035, 6
756611, 6
1044153, 6
1029074, 6
1211087, 6
1030239, 6
8483, 6
2714189, 6
1105583, 6
3336, 6
1200403, 6
1247340, 6
1102437, 6
532059, 6
1208026, 6
1201837, 6
557539, 6
29584, 6
1652764, 6
1214629, 6
1216391, 6
1094401, 6
728030, 6
1096914, 6
665, 6
555620, 6
10226, 6
9746, 6
1206396, 6
1207005, 6
9890, 6
20854, 6
1221840, 6
1219584, 6
645286, 6
11168, 6
997181, 6
2219151, 6
569783, 6
753298, 6
2239938, 6
1080812, 6
1211206, 6
996982, 6
1213292, 6
776056, 6
1063678, 6
1106140, 6
1225638, 6
1430160, 6
29484, 6
1178122, 6
1196508, 6
1009581, 6
755317, 6
1029327, 6
1225089, 6
1204859, 6
2217797, 6
1096882, 6
1235297, 6
716814, 6
505492, 6
1405110, 6
655631, 6
2713998, 6
1216570, 6
2218979, 6
776732, 6
1044647, 6
2240594, 6
1214424, 6
1232251, 6
1225677, 6
1246327, 6
2033600, 6
3107, 6
555552, 6
775721, 6
643896, 6
1228304, 6
1222365, 6
777681, 6
569854, 6
1218035, 6
1221080, 6
1223752, 6
1048861, 6
1222490, 6
1387732, 6
554041, 6
16866, 6
1207919, 6
1069983, 6
772478, 6
570642, 6
1029252, 6
1221796, 6
1120796, 6
1179917, 6
542734, 6
636105, 6
1104347, 6
559634, 6
1019779, 6
4048, 6
2713844, 6
26581, 6
546292, 6
850894, 6
2224223, 6
2240100, 6
1202320, 6
1040943, 6
1199234, 6
754567, 6
2225358, 6
707206, 6
705894, 6
1220365, 6
769268, 6
1195037, 6
542327, 6
571647, 6
1208411, 6
7777, 6
1383318, 6
1222057, 6
1232651, 6
559369, 6
1216136, 6
755947, 6
1176440, 6
1007665, 6
1029125, 6
20659, 6
28116, 6
510717, 6
772721, 6
1221717, 6
1223748, 6
752738, 6
774903, 6
19005, 6
770433, 6
1076543, 6
1224401, 6
1070099, 6
1246738, 6
1245917, 6
1215705, 6
4886, 6
752546, 6
9468, 6
556936, 6
1225283, 6
755478, 6
974788, 6
1225554, 6
2223085, 6
1030459, 6
1216772, 6
1104257, 6
1214735, 6
1018072, 6
1220896, 6
573316, 6
1412720, 6
1109, 6
27679, 6
2714707, 6
1029014, 6
557349, 6
1226010, 6
2225337, 6
1215389, 6
3731, 6
1227187, 6
540743, 6
773073, 6
2218904, 6
1215941, 6
1223982, 6
2219168, 6
1094003, 6
8530, 6
1080169, 6
40144, 6
1201714, 6
1217691, 6
6628, 6
1025044, 6
1192094, 6
1192500, 6
1224685, 6
1224525, 6
30243, 6
1219724, 6
560676, 6
1178276, 6
1228987, 6
1216285, 6
4122, 6
550479, 6
1044277, 6
1218971, 6
1235517, 6
30904, 6
2713752, 6
1199774, 6
754122, 6
1029359, 6
28554, 6
1216420, 6
1199886, 6
2217289, 6
1228337, 6
2242218, 6
1027547, 6
1226492, 6
642807, 6
1215431, 6
17298, 6
1217572, 6
756773, 6
1223232, 6
1221488, 6
1216186, 6
998613, 6
776043, 6
1048912, 6
567650, 6
774915, 6
1221909, 6
2713730, 6
2230099, 6
757299, 6
776055, 6
1224812, 6
1043769, 6
680692, 6
4417, 6
7660, 6
1223850, 6
849057, 6
1216069, 6
1392030, 6
1213913, 6
7480, 6
1272890, 6
1028765, 6
706328, 6
28480, 6
7973, 6
1028910, 6
1222105, 6
554253, 6
698695, 6
1426806, 6
20128, 6
1224966, 6
1265516, 6
28138, 6
989461, 6
1030520, 6
1173904, 6
1247308, 6
1178130, 6
2713242, 6
1265127, 6
3118, 6
2223105, 6
20902, 6
557740, 6
554004, 6
21208, 6
1186162, 6
1223843, 6
16988, 6
680119, 6
2228220, 6
1106200, 6
1188750, 6
755521, 6
1217271, 6
1027672, 6
1175227, 6
1217339, 6
653954, 6
1226316, 6
1217710, 6
14252, 6
22671, 6
1247050, 6
557668, 6
24764, 6
640712, 6
1030570, 6
1104244, 6
1225769, 6
1224822, 6
1224332, 6
35695, 6
753226, 6
1204978, 6
1049278, 6
1221859, 6
9379, 6
685809, 6
1221434, 6
766286, 6
754760, 6
1222310, 6
1028646, 6
505489, 6
1181484, 6
2712758, 6
3346453, 6
1221482, 6
10442, 6
10778, 6
777816, 6
775190, 6
775990, 6
2019249, 6
1009080, 6
2219161, 6
756321, 6
1175490, 6
1080863, 6
22213, 6
1001604, 6
1220586, 6
754624, 6
1286841, 6
867719, 6
1216057, 6
1215222, 6
2242293, 6
541238, 6
1224229, 6
1223553, 6
1027159, 6
998620, 6
1080242, 6
10783, 6
557510, 6
765136, 6
1201530, 6
1100800, 6
1009653, 6
23009, 6
1237425, 6
1290660, 6
585400, 6
937761, 6
1215188, 6
1215482, 6
1044323, 6
884346, 6
1029937, 6
1216091, 6
1206827, 6
1524446, 6
756159, 6
1224705, 6
1190843, 6
556784, 6
1043118, 6
1027015, 6
1245639, 6
1189382, 6
570771, 6
11739, 6
9125, 6
1212375, 6
2217622, 6
1180698, 6
1216560, 6
622633, 6
1227622, 6
1020623, 6
1228439, 6
1186878, 6
704125, 6
764063, 6
1227461, 6
7779, 6
11034, 6
1195197, 6
15785, 6
1247195, 6
22691, 6
773884, 6
777821, 6
1228847, 6
1205051, 6
1218097, 6
1189949, 6
982872, 6
1228940, 6
20162, 6
1246256, 6
1200386, 6
1025648, 6
1199988, 6
1216292, 6
7000, 6
1185645, 6
1220654, 6
1208326, 6
2758269, 6
767774, 6
30963, 6
1225310, 6
1223842, 6
1215466, 6
19415, 6
1227339, 6
1213694, 6
1226423, 6
1220529, 6
1078244, 6
1028854, 6
545506, 6
764257, 6
27405, 6
1087554, 6
1207095, 6
2240824, 6
1222528, 6
1246439, 6
1221502, 6
7273, 6
1217392, 6
849505, 6
560086, 6
550959, 6
1043750, 6
768684, 6
1027058, 6
676727, 6
756729, 6
1105605, 6
1106277, 6
504994, 6
1200836, 6
1224057, 6
1185669, 6
1219001, 6
1227103, 6
1216221, 6
2210635, 6
33332, 6
685195, 6
554285, 6
555410, 6
730823, 6
560799, 6
23879, 6
555245, 6
558428, 6
1225115, 6
849081, 6
2714031, 6
27819, 6
1221774, 6
1025870, 6
637194, 6
680115, 6
776000, 6
640862, 6
775224, 6
1028872, 6
1227576, 6
759099, 6
1178141, 6
1079820, 6
3288, 6
555066, 6
1029234, 6
1218673, 6
754472, 6
1030419, 6
aaaieiym, 6
569905, 6
554820, 6
1190321, 6
1182043, 6
1222127, 6
1222238, 6
1221756, 6
1224974, 6
1218918, 6
560597, 6
1044895, 6
1027023, 6
1068042, 6
769284, 6
560231, 6
1215872, 6
1025752, 6
34330, 6
1213686, 6
2240487, 6
1106228, 6
1080679, 6
768268, 6
777529, 6
771766, 6
2714770, 6
644311, 6
1106216, 6
1221645, 6
754710, 6
18640, 6
667, 6
1216691, 6
675283, 6
758880, 6
643371, 6
29468, 6
1218987, 6
1194918, 6
752448, 6
780614, 6
2715789, 6
1215432, 6
1190498, 6
1027614, 6
1214190, 6
1178576, 6
973295, 6
21478, 6
1246351, 6
1225160, 6
6494, 6
1235700, 6
1301722, 6
11630, 6
1216189, 6
1247751, 6
627380, 6
996996, 6
1094295, 6
1225515, 6
19109, 6
1225203, 6
1222068, 6
1222664, 6
556275, 6
1225366, 6
1217085, 6
7431, 6
1198146, 6
1220247, 6
22604, 6
757021, 6
20458, 6
1018649, 6
557773, 6
1029235, 6
1218299, 6
1185745, 6
757149, 6
1219075, 6
776046, 6
2219020, 6
27209, 6
1025682, 6
758807, 6
3408, 6
15795, 6
1224272, 6
1201781, 6
1227797, 6
29884, 6
13068, 6
29950, 6
1228133, 6
1218789, 6
680152, 6
754684, 6
1105997, 6
706447, 6
2218922, 6
1221664, 6
467, 6
2217160, 6
2712594, 6
505405, 6
2214547, 6
1224030, 6
753624, 6
1247103, 6
1029250, 6
1213661, 6
1216063, 6
759020, 6
2217593, 6
540702, 6
1103734, 6
555442, 6
19362, 6
10232, 6
2217318, 6
554304, 6
1217687, 6
1019323, 6
1099832, 6
764370, 6
2713847, 6
1220938, 6
773538, 6
1236116, 6
1044377, 6
6667, 6
1210469, 6
2227278, 6
1220237, 6
1079483, 6
1226191, 6
1225705, 6
1214199, 6
24696, 6
14205, 6
1245738, 6
1046897, 6
1220976, 6
13740, 6
1025824, 6
4598, 6
2218820, 6
11742, 6
1221817, 6
1020711, 6
557481, 6
2713956, 6
1219147, 6
1202279, 6
1395540, 6
2218235, 6
2226404, 6
1044682, 6
1223247, 6
1219290, 6
15986, 6
2217995, 6
1220109, 6
560522, 6
1030194, 6
2714030, 6
756123, 6
1030120, 6
1223423, 6
20727, 6
850428, 6
1018768, 6
759191, 6
568690, 6
1030508, 6
1044425, 6
12712, 6
532294, 6
1216773, 6
1222161, 6
1229015, 6
1215273, 6
1095562, 6
777624, 6
570032, 6
774830, 6
1225472, 6
570690, 6
1212384, 6
1215189, 6
1044996, 6
1049253, 6
1224538, 6
570610, 6
1221893, 6
1076665, 6
1223486, 6
752938, 6
776015, 6
758920, 6
1190790, 6
1227344, 6
22557, 6
1104216, 6
560161, 6
1217291, 6
19292, 6
1027576, 6
1216383, 6
1078896, 6
1200716, 6
2713821, 6
768634, 6
1226016, 6
27172, 6
1030574, 6
8145, 6
1197599, 6
1215176, 6
1216357, 6
31419, 6
1341677, 6
766220, 6
1222128, 6
1064427, 6
2713671, 6
1444514, 6
561525, 6
1094378, 6
754825, 6
30034, 6
1226013, 6
767146, 6
758082, 6
1096940, 6
1028985, 6
2023482, 6
1078294, 6
1048872, 6
1029026, 6
1215226, 6
760795, 6
756479, 6
1200675, 6
1208994, 6
1355185, 6
1106360, 6
1026911, 6
1190187, 6
1219507, 6
1030268, 6
9657, 6
752569, 6
1222680, 6
1215247, 6
1072391, 6
27484, 6
2241358, 6
582929, 6
1246726, 6
12881, 6
768614, 6
2745436, 6
1236371, 6
1443834, 6
14192, 6
768828, 6
1226231, 6
1233667, 6
778052, 6
2715200, 6
1195127, 6
1173144, 6
17391, 6
1315383, 6
26975, 6
1223059, 6
1102637, 6
7429, 6
1217851, 6
756381, 6
2218010, 6
1023943, 6
2240405, 6
16226, 6
1204525, 6
2226544, 6
755082, 6
1038972, 6
1220691, 6
1212850, 6
557585, 6
1078377, 6
775589, 6
1094559, 6
1044704, 6
570319, 6
546552, 6
23910, 6
2713792, 6
1101595, 6
1247384, 6
6721, 6
1952, 6
21266, 6
1215813, 6
2651, 6
567196, 6
1215527, 6
1175466, 6
775987, 6
4280, 6
1215413, 6
24037, 6
1219207, 6
7038, 6
567724, 6
1247237, 6
1229145, 6
1215237, 6
1091363, 6
1407332, 6
1215453, 6
546864, 6
1227465, 6
31082, 6
777584, 6
1216698, 6
555345, 6
1222779, 6
756586, 6
1229124, 6
1232421, 6
1025866, 6
561500, 6
1079784, 6
1018025, 6
2713764, 6
1027461, 6
2217949, 6
1215221, 6
1028730, 6
1190159, 6
1366855, 6
1218997, 6
753211, 6
7711, 6
1206713, 6
581449, 6
935266, 6
704220, 6
1189324, 6
1181661, 6
2715137, 6
1215446, 6
1228452, 6
8704, 6
1094130, 6
1221725, 6
1173573, 6
1214475, 6
1027036, 6
1027448, 6
1233569, 6
758121, 6
672684, 6
1009654, 6
38011, 6
2714966, 6
978292, 6
998919, 6
1223695, 6
2227220, 6
1190911, 6
6692, 6
2714691, 6
2713284, 6
1218061, 6
695771, 6
1224971, 6
571516, 6
1027383, 6
20169, 6
571593, 6
1220673, 6
554713, 6
1224533, 6
1225261, 6
2714136, 6
997160, 6
1226850, 6
1409171, 6
1214580, 6
2227087, 6
1206431, 6
1186690, 6
898, 6
2226405, 6
555763, 6
1105171, 6
25302, 6
761675, 6
771320, 6
1217141, 6
20151, 6
30357, 6
2716549, 6
1185709, 6
2219677, 6
637614, 6
1219130, 6
1029380, 6
27003, 6
1190563, 6
12958, 6
675295, 6
1217122, 6
29462, 6
1384134, 6
755263, 6
1228925, 6
772859, 6
1190733, 6
2224162, 6
600224, 6
754629, 6
1025888, 6
554400, 6
531213, 6
1224698, 6
1217815, 6
773572, 6
22424, 6
1080165, 6
561550, 6
1206375, 6
1001784, 6
1029101, 6
2713981, 6
1216840, 6
1198784, 6
760377, 6
2714248, 6
2714983, 6
1030613, 6
561443, 6
27912, 6
28123, 6
1215507, 6
1420871, 6
18936, 6
2712731, 6
1101924, 6
1216810, 6
1224825, 6
1224026, 6
530196, 6
1220039, 6
2227269, 6
2223058, 6
1190659, 6
571298, 6
19270, 6
1227811, 6
1068340, 6
1247024, 6
1177660, 6
1186890, 6
1401652, 6
1225048, 6
999119, 6
2224760, 6
1027802, 6
1094615, 6
643004, 6
850225, 6
1974686, 6
1178399, 6
1044491, 6
779166, 6
1044215, 6
14, 6
1217292, 6
4483, 6
1222134, 6
1213675, 6
1233428, 6
31096, 6
781505, 6
1219462, 6
1224507, 6
2219219, 6
5694, 6
999265, 6
1208619, 6
1217824, 6
1027080, 6
571567, 6
1407587, 6
614777, 6
570263, 6
754803, 6
1192359, 6
1228276, 6
1227919, 6
7385, 6
695967, 6
1226369, 6
1202083, 6
559473, 6
1245888, 6
1223879, 6
1044402, 6
1223361, 6
1024988, 6
1216206, 6
1227524, 6
1227257, 6
1103518, 6
753919, 6
1234047, 6
1223400, 6
1975094, 6
1226870, 6
542269, 6
2218364, 6
7814, 6
1205930, 6
1094421, 6
1198202, 6
758226, 6
13545, 6
1185658, 6
1105377, 6
1029144, 6
29617, 6
1235642, 6
756498, 6
1215636, 6
2227275, 6
1030164, 6
867749, 6
753063, 6
2217630, 6
17944, 6
1133325, 6
1390608, 6
1120771, 6
554212, 6
1029143, 6
998755, 6
542458, 6
1044645, 6
774182, 6
530284, 6
1027738, 6
1019524, 6
1222727, 6
771775, 6
17909, 6
1048906, 6
1181450, 6
2715205, 6
27544, 6
1029072, 6
2227053, 6
1103876, 6
540659, 6
1028912, 6
1028827, 6
554409, 6
1225793, 6
569393, 6
758423, 6
754060, 6
1224391, 6
570708, 6
768933, 6
778000, 6
570514, 6
1018631, 6
1223948, 6
2715172, 6
776286, 6
554423, 6
505365, 6
16860, 6
1215265, 6
1219168, 6
1226324, 6
1215634, 6
555583, 6
1219007, 6
1030456, 6
1245796, 6
1218370, 6
1027510, 6
1390795, 6
1207029, 6
1223997, 6
1246845, 6
1217954, 6
1214397, 6
1044357, 6
1027692, 6
27837, 6
760371, 6
1218510, 6
557026, 6
1030695, 6
768516, 6
1247066, 6
776740, 6
1205739, 6
1225701, 6
2241296, 6
1027174, 6
1218816, 6
2219047, 6
633158, 6
1028409, 6
1192379, 6
1226736, 6
1215502, 6
1226117, 6
1197910, 6
1207105, 6
1044635, 6
10392, 6
1221460, 6
8609, 6
530392, 6
1219372, 6
1222120, 6
2223605, 6
572149, 6
5588, 6
774586, 6
1907, 6
1104206, 6
760800, 6
1211717, 6
1206993, 6
1394404, 6
754542, 6
773127, 6
17516, 6
1247161, 6
9581, 6
572604, 6
1219468, 6
1001793, 6
1228296, 6
755590, 6
704406, 6
aaaieitc, 6
1196742, 6
18220, 6
8301, 6
2242203, 6
754682, 6
1028821, 6
2226784, 6
1392899, 6
1205471, 6
1184764, 6
1224004, 6
1215387, 6
2713963, 6
19502, 6
23933, 6
773911, 6
769568, 6
2219330, 6
1215310, 6
2218312, 6
6930, 6
1215233, 6
1209999, 6
2228588, 6
1080281, 6
1200270, 6
547622, 6
771310, 6
1029246, 6
1217139, 6
1102538, 6
1398703, 6
1217357, 6
554043, 6
1179134, 6
760347, 6
22533, 6
1205971, 6
1105621, 6
1228107, 6
1212709, 6
1027091, 6
1219664, 6
684996, 6
541451, 6
26284, 6
2217278, 6
530395, 6
1221808, 6
1044622, 6
1220307, 6
775319, 6
1191141, 6
1019714, 6
1217793, 6
1021330, 6
1044569, 6
556448, 6
1211706, 6
755311, 6
559615, 6
1225556, 6
556363, 6
1218051, 6
753920, 6
19430, 6
19405, 6
570882, 6
1027391, 6
769802, 6
1215924, 6
9497, 6
555221, 6
1219785, 6
1147553, 6
866066, 6
1185959, 6
1077553, 6
1216174, 6
1218978, 6
2227105, 6
1223344, 6
27922, 6
1101675, 6
541164, 6
1247731, 6
1078668, 6
686088, 6
1215959, 6
1027286, 6
1102023, 6
755389, 6
1195414, 6
1027526, 6
13038, 6
3556, 6
1027545, 6
1209041, 6
1422029, 6
2240086, 6
28357, 6
11834, 6
1030319, 6
1018098, 6
2713912, 6
1076792, 6
1105569, 6
754912, 6
2222763, 6
1221395, 6
780896, 6
567296, 6
1237264, 6
1216961, 6
1218144, 6
1104452, 6
1094213, 6
22661, 6
1222001, 6
1028535, 6
546546, 6
8610, 6
1224350, 6
1041066, 6
1189779, 6
754802, 6
2715214, 6
759431, 6
8695, 6
1222190, 6
1044919, 6
1189067, 6
774402, 6
1246375, 6
1233115, 6
2714755, 6
1211627, 6
754353, 6
23942, 6
6475, 6
2221105, 6
19409, 6
669360, 6
1185837, 6
1224830, 6
571225, 6
567249, 6
1030212, 6
1044432, 6
568883, 6
1175196, 6
756635, 6
34042, 6
9630, 6
1408285, 6
1215195, 6
1030526, 6
1178030, 6
1398496, 6
1222843, 6
1018678, 6
1221865, 6
1216245, 6
776640, 6
1235381, 6
1217169, 6
1229019, 6
1044745, 6
1221838, 6
1200692, 6
1229293, 6
1228199, 6
1029147, 6
2227063, 6
1246548, 6
1247082, 6
1246349, 6
780569, 6
22880, 6
1077925, 6
1213065, 6
774423, 6
17829, 6
1220686, 6
862656, 6
753764, 6
557704, 6
3474, 6
20289, 6
1200920, 6
1245567, 6
1181398, 6
1094219, 6
19189, 6
1215567, 6
1105511, 6
850287, 6
1226756, 6
1211725, 6
773602, 6
1245873, 6
1077980, 6
34355, 6
672264, 6
8753, 6
684890, 6
758618, 6
758851, 6
756409, 6
669350, 6
1197248, 6
1225405, 6
18401, 6
2225359, 6
1017565, 6
561748, 6
2912047, 6
1216891, 6
1027351, 6
2217557, 6
1246682, 6
1106409, 6
1247173, 6
7634, 6
3835, 6
1221517, 6
1219720, 6
1215218, 6
1228933, 6
1226882, 6
1044686, 6
1049284, 6
23091, 6
7979, 6
1220696, 6
1235355, 6
1099572, 6
686044, 6
1236198, 6
1222443, 6
28457, 6
761574, 6
1247544, 6
505741, 6
1226763, 6
771312, 6
1043735, 6
18979, 6
1195802, 6
1027436, 6
1209248, 6
1188939, 6
1044610, 6
1105815, 6
aaaieipt, 6
1176570, 6
1080346, 6
1246085, 6
1218499, 6
1028487, 6
581602, 6
39239, 6
771768, 6
1027341, 6
1025732, 6
17438, 6
1226292, 6
1189579, 6
32750, 6
1100814, 6
999471, 6
1245502, 6
684029, 6
1044676, 6
2230422, 6
1029059, 6
1280464, 6
1223038, 6
769391, 6
1224977, 6
25372, 6
2748835, 6
1219252, 6
1220577, 6
19143, 6
1407, 6
756590, 6
559500, 6
1221410, 6
567874, 6
2224800, 6
2218524, 6
772626, 6
773721, 6
746778, 6
19339, 6
1023939, 6
1227633, 6
754508, 6
1103862, 6
1228121, 6
780465, 6
753001, 6
2713980, 6
669332, 6
9947, 6
2232290, 6
1245995, 6
1221617, 6
1195770, 6
1176501, 6
1245833, 6
1226771, 6
1220986, 6
1060143, 6
28112, 6
776007, 6
1235053, 6
510249, 6
29671, 6
985304, 6
2224196, 6
758547, 6
504928, 6
1225687, 6
548170, 6
10918, 6
1027169, 6
1210277, 6
1104133, 6
1103863, 6
1221940, 6
569126, 6
765718, 6
1028769, 6
1217164, 6
1207012, 6
570734, 6
1214803, 6
1062228, 6
546027, 6
1029102, 6
780430, 6
570857, 6
772062, 6
754341, 6
1170, 6
778822, 6
1191185, 6
1234431, 6
1227132, 6
2219281, 6
1094564, 6
1226535, 6
643370, 6
1219035, 6
15793, 6
510606, 6
558864, 6
1215056, 6
692, 6
2646991, 6
13516, 6
1044625, 6
2714542, 6
768922, 6
1233001, 6
1235263, 6
1398330, 6
34140, 6
1184696, 6
2063, 6
1080858, 6
15905, 6
1006891, 6
2217996, 6
1030327, 6
38220, 6
1360099, 6
1246602, 6
1221685, 6
755957, 6
755986, 6
8393, 6
1217424, 6
753474, 6
1209213, 6
758251, 6
3972, 6
726886, 6
1220974, 6
758715, 6
754654, 6
34291, 6
758580, 6
1182617, 6
1386281, 6
1226908, 6
19992, 6
1191649, 6
1038971, 6
1191845, 6
753591, 6
729389, 6
1023929, 6
999472, 6
2218287, 6
1219896, 6
573608, 6
1190738, 6
624307, 6
2219003, 6
754229, 6
1247341, 6
1027569, 6
1030136, 6
1180952, 6
721943, 6
1226950, 6
2713729, 6
761073, 6
2748559, 6
1222097, 6
557878, 6
779010, 6
1190284, 6
18833, 6
1023955, 6
1228120, 6
1029945, 6
777465, 6
36235, 6
1222621, 6
1233989, 6
1030198, 6
9514, 6
2217871, 6
2227483, 6
13334, 6
675672, 6
1198640, 6
1226797, 6
1228266, 6
1185719, 6
1227454, 6
1246586, 6
1201833, 6
1183535, 6
756552, 6
1203172, 6
774340, 6
773711, 6
1044222, 6
1216047, 6
1094620, 6
1247096, 6
643797, 6
2686, 6
1028642, 6
27980, 6
1221711, 6
21409, 6
1104201, 6
2217784, 6
999319, 6
1236035, 6
774763, 6
1391848, 6
1219653, 6
777890, 6
1215811, 6
1217994, 6
2714004, 6
532094, 6
1220912, 6
1221678, 6
1222525, 6
1217007, 6
1222362, 6
1206452, 6
2218730, 6
568932, 6
30890, 6
1101291, 6
9144, 6
1247114, 6
1011374, 6
1215641, 6
561011, 6
1228988, 6
1100868, 6
1228117, 6
1046956, 6
771945, 6
1245477, 6
1228058, 6
1222221, 6
690518, 6
1226149, 6
765701, 6
31358, 6
11659, 6
1216540, 6
1195604, 6
15226, 6
1043818, 6
1218270, 6
729204, 6
571605, 6
554093, 6
2210754, 6
768377, 6
29762, 6
1028999, 6
1222074, 6
1206023, 6
2239894, 6
754502, 6
1048318, 6
19428, 6
1228095, 6
2217666, 6
2591, 6
2714936, 6
2217282, 6
2218510, 6
743768, 6
1223841, 6
624417, 6
2228671, 6
1173736, 6
26841, 6
1216688, 6
1198972, 6
1038785, 6
1224742, 6
1180702, 6
1225501, 6
1238797, 6
773504, 6
1216190, 6
774461, 6
556207, 6
1226776, 6
558489, 6
1103923, 6
1079322, 6
1245, 6
8002, 6
766098, 6
24009, 6
1227329, 6
1222239, 6
1027761, 6
972364, 6
16859, 6
753103, 6
1195908, 6
557014, 6
568730, 6
759695, 6
556719, 6
2215794, 6
2240727, 6
1025716, 6
1224976, 6
1233268, 6
554970, 6
104, 6
2716526, 6
1094638, 6
12829, 6
753677, 6
1222642, 6
1224428, 6
850187, 6
581734, 6
9259, 6
1078259, 6
1103681, 6
1027143, 6
1246683, 6
569030, 6
758420, 6
1028930, 6
541901, 6
1030742, 6
1215858, 6
1247084, 6
1211974, 6
1387972, 6
1228795, 6
1222844, 6
1247250, 6
2217671, 6
775198, 6
1028509, 6
27368, 6
1101396, 6
1226250, 6
705430, 6
1030307, 6
1014160, 6
1217771, 6
1224774, 6
1200626, 6
1225167, 6
1220222, 6
571010, 6
638598, 6
12682, 6
510250, 6
1401700, 6
1224324, 6
505615, 6
1181439, 6
552729, 6
1247148, 6
562649, 6
638553, 6
6459, 6
753164, 6
759919, 6
1006885, 6
2714231, 6
1224862, 6
2230728, 6
1215484, 6
1216358, 6
778215, 6
685155, 6
1246789, 6
23764, 6
570964, 6
1213375, 6
1202079, 6
1221807, 6
1225465, 6
1224017, 6
1222324, 6
2714027, 6
775993, 6
1190711, 6
1105066, 6
540577, 6
1207060, 6
8176, 6
1191060, 6
1391106, 6
766313, 6
2218134, 6
1040834, 6
2223043, 6
570946, 6
542919, 6
2232213, 6
1215827, 6
1177536, 6
1221469, 6
771788, 6
998611, 6
28105, 6
1196543, 6
2227498, 6
1025922, 6
555488, 6
1216508, 6
675180, 6
1219429, 6
1235748, 6
1217770, 6
1028748, 6
1219663, 6
1209187, 6
753260, 6
1221111, 6
1221650, 6
1395990, 6
2218046, 6
1219331, 6
570087, 6
1218218, 6
567441, 6
1207649, 6
752879, 6
541912, 6
684011, 6
1185724, 6
31907, 6
4226, 6
1227015, 6
1229223, 6
571667, 6
1018761, 6
1025740, 6
24376, 6
2223111, 6
569964, 6
1216530, 6
2232697, 6
1247079, 6
567246, 6
1215243, 6
1025733, 6
1233936, 6
1245945, 6
3056, 6
1220689, 6
756610, 6
34126, 6
773025, 6
1028795, 6
1226041, 6
1215539, 6
1385591, 6
1224444, 6
781739, 6
569494, 6
1246443, 6
643013, 6
1182789, 6
1029920, 6
559694, 6
1247556, 6
1224284, 6
757105, 6
2232261, 6
1247197, 6
2764132, 6
1045778, 6
571559, 6
2228147, 6
1080304, 6
4855, 6
1173103, 6
1245938, 6
1221787, 6
1243, 6
11601, 6
1222311, 6
542177, 6
22566, 6
2713841, 6
1223728, 6
1041454, 6
767392, 6
5899, 6
978852, 6
19082, 6
510625, 6
33090, 6
1029307, 6
1027404, 6
1227421, 6
684989, 6
753551, 6
1226378, 6
1226248, 6
1025810, 6
642737, 6
1215167, 6
1215399, 6
1196606, 6
1217391, 6
9272, 6
1188875, 6
770256, 6
17954, 6
1220572, 6
1225605, 6
1220069, 6
1217094, 6
765403, 6
771776, 6
1205906, 6
6023, 6
2232097, 6
559263, 6
1215410, 6
1208333, 6
1227340, 6
1101882, 6
757342, 6
570158, 6
1120755, 6
1271142, 6
27771, 6
1029219, 6
1216447, 6
2714294, 6
685353, 6
562468, 6
1226006, 6
755568, 6
754735, 6
1095099, 6
1186440, 6
766226, 6
27176, 6
13679, 6
19051, 6
1181708, 6
867575, 6
1225741, 6
1224353, 6
1027579, 6
18775, 6
7942, 6
774765, 6
1250639, 6
1044943, 6
1191478, 6
1225929, 6
1198887, 6
1227459, 6
1030517, 6
756948, 6
23118, 6
1069695, 6
13610, 6
16318, 6
1220413, 6
1217143, 6
1191073, 6
1023959, 6
1222795, 6
3980, 6
1198909, 6
1008511, 6
555524, 6
1103966, 6
756079, 6
1247489, 6
1218157, 6
542791, 6
1028663, 6
1223406, 6
1019561, 6
1410589, 6
756710, 6
698573, 6
15796, 6
32309, 6
2218295, 6
8696, 6
1224821, 6
12856, 6
2239945, 6
1225742, 6
1214828, 6
1177445, 6
767946, 6
1223656, 6
1176669, 6
1018141, 6
1222408, 6
1027580, 6
1023927, 6
1247305, 6
755272, 6
1101800, 6
1221073, 6
1180246, 6
1228557, 6
1183524, 6
1080164, 6
10014, 6
1245572, 6
1225940, 6
531175, 6
774932, 6
686076, 6
1227589, 6
1216481, 6
557690, 6
776010, 6
1181452, 6
4236, 6
13695, 6
793791, 6
777721, 6
1029421, 6
768432, 6
1273081, 6
559161, 6
1027078, 6
21762, 6
27276, 6
1041012, 6
771567, 6
1247026, 6
1188423, 6
7158, 6
753590, 6
570369, 6
1228401, 6
1245869, 6
1176616, 6
1233812, 6
580886, 6
1065933, 6
849767, 6
1218979, 6
1215436, 6
626680, 6
1398414, 6
15652, 6
1228653, 6
23664, 6
4100, 6
1245761, 6
2217552, 6
1220698, 6
13870, 6
1235560, 6
1025577, 6
1025768, 6
757725, 6
541299, 6
15786, 6
30031, 6
1223600, 6
1047200, 6
1247131, 6
1235400, 6
1215443, 6
1025946, 6
756808, 6
1209733, 6
22083, 6
1041298, 6
556815, 6
1208436, 6
8469, 6
2219998, 6
1218295, 6
1215514, 6
2227504, 6
29615, 6
2714588, 6
568116, 6
1208165, 6
557227, 6
2218256, 6
755010, 6
2222796, 6
1226806, 6
568627, 6
8773, 6
19384, 6
767393, 6
775213, 6
1043827, 6
31408, 6
13069, 6
1044926, 6
1212820, 6
1018094, 6
10341, 6
1218916, 6
1026034, 6
1388393, 6
1217119, 6
22893, 6
1216671, 6
1018769, 6
1185701, 6
1227960, 6
776191, 6
1078358, 6
1028422, 6
20511, 6
1182952, 6
8405, 6
569196, 6
2227612, 6
989581, 6
1221959, 6
752471, 6
1247078, 6
1228784, 6
2226965, 6
1017514, 6
7921, 6
1191931, 6
771885, 6
1218023, 6
1176475, 6
1286093, 6
1247193, 6
759066, 6
1221946, 6
1236131, 6
14871, 6
2713885, 6
8014, 6
26971, 6
22981, 6
752718, 6
17149, 6
1400616, 6
19957, 6
1460, 6
643359, 6
1402047, 6
1009113, 6
1216841, 6
1197409, 6
773330, 6
2219412, 6
1218554, 6
19174, 6
1215660, 6
1105495, 6
531687, 6
882198, 6
29209, 6
989455, 6
5020, 6
1220429, 6
850280, 6
30710, 6
1215698, 6
758289, 6
14322, 6
2217287, 6
1194842, 6
1224387, 6
759679, 6
2218864, 6
1213994, 6
776767, 6
1174601, 6
2226996, 6
1209728, 6
14006, 6
1217365, 6
1025816, 6
1224694, 6
7786, 6
567630, 6
556576, 6
2714244, 6
27814, 6
1410247, 6
1196927, 6
21239, 6
1225563, 6
1181356, 6
756270, 6
1234239, 6
1216875, 6
1223776, 6
1224059, 6
1247153, 6
2210664, 6
1221456, 6
21434, 6
560938, 6
1043719, 6
8150, 6
1011710, 6
1007685, 6
559672, 6
775320, 6
1247027, 6
1216103, 6
1204815, 6
2217339, 6
1020670, 6
1045119, 6
3346819, 6
1205225, 6
672244, 6
1235867, 6
769280, 6
669326, 6
1207205, 6
1178231, 6
1215491, 6
15638, 6
1025747, 6
531343, 6
13972, 6
572886, 6
7067, 6
756663, 6
1104449, 6
4494, 6
774636, 6
8291, 6
2997, 6
567199, 6
768413, 6
1228834, 6
754294, 6
4366, 6
1104306, 6
19338, 6
2224757, 6
12309, 6
3211, 6
1103848, 6
776178, 6
1104303, 6
585305, 6
1222778, 6
1043664, 6
541187, 6
1221836, 6
1247085, 6
1211277, 6
1396966, 6
768770, 6
1101236, 6
1044717, 6
1044853, 6
685197, 6
559316, 6
705414, 6
30416, 6
1227124, 6
20420, 6
1226640, 6
1245930, 6
1224524, 6
1048946, 6
1026350, 6
1218031, 6
1220655, 6
2716502, 6
1185689, 6
672671, 6
10264, 6
1221101, 6
1221816, 6
22327, 6
1028525, 6
1228754, 6
1540553, 6
29787, 6
2227072, 6
1245875, 6
703370, 6
23224, 6
765357, 6
774917, 6
1174110, 6
759729, 6
19774, 6
1187591, 6
1224470, 6
760785, 6
1018099, 6
541738, 6
1104586, 6
1214120, 6
1076214, 6
1028901, 6
559134, 6
2239899, 6
998457, 6
556792, 6
1104675, 6
1198460, 6
705480, 6
1246239, 6
223, 6
999288, 6
774415, 6
1246534, 6
1220978, 6
1222426, 6
760421, 6
1272139, 6
1236123, 6
1246039, 6
684728, 6
1385999, 6
1102345, 6
775289, 6
1247409, 6
1025988, 6
680092, 6
27913, 6
2228952, 6
1235048, 6
1173402, 6
1219920, 6
1229235, 6
1023942, 6
759931, 6
1216099, 6
1215369, 6
1178420, 6
569611, 6
1224548, 6
1235084, 6
1177911, 6
1212105, 6
13685, 6
2222815, 6
20099, 6
2217591, 6
1223922, 6
999289, 6
2232157, 6
756639, 6
29624, 6
1185695, 6
1219709, 6
1080241, 6
624492, 6
1028689, 6
1220646, 6
1216233, 6
9783, 6
1218725, 6
1027570, 6
1101722, 6
1228507, 6
21338, 6
1221812, 6
1029141, 6
1219026, 6
3346415, 6
1216405, 6
2331, 6
776922, 6
16932, 6
1216095, 6
1211039, 6
1224514, 6
560296, 6
755797, 6
26021, 6
1247094, 6
1029166, 6
561610, 6
1028762, 6
34730, 6
2217404, 6
1225597, 6
2715013, 6
1027624, 6
755775, 6
625051, 6
19799, 6
2956, 6
1217957, 6
33723, 6
1025917, 6
1246326, 6
2225835, 6
1227316, 6
1224962, 6
1215451, 6
1198599, 6
1226762, 6
20076, 6
1027107, 6
7479, 6
863260, 6
1028589, 6
1404017, 6
2227432, 6
1101375, 6
1225350, 6
1227051, 6
1028728, 6
1204464, 6
9571, 6
1235038, 6
752580, 6
1213418, 6
729553, 6
2227585, 6
1216680, 6
1223227, 6
780107, 6
859128, 6
1203559, 6
2239931, 6
1228259, 6
761404, 6
1183822, 6
754307, 6
1216565, 6
1245591, 6
2764220, 6
1226761, 6
7903, 6
1223033, 6
1225180, 6
530742, 6
1040942, 6
1076858, 6
758234, 6
1029951, 6
10401, 6
17355, 6
1080189, 6
1190699, 6
8096, 6
1247526, 6
1225697, 6
19807, 6
9367, 6
1018107, 6
757175, 6
1185668, 6
578650, 6
24796, 6
36329, 6
1229330, 6
1191539, 6
1223414, 6
680055, 6
1195762, 6
985587, 6
1101053, 6
775787, 6
1028416, 6
1178247, 6
1219403, 6
12668, 6
19210, 6
9410, 6
1224419, 6
752681, 6
1246314, 6
7770, 6
675124, 6
1094592, 6
625656, 6
1218912, 6
28781, 6
1218999, 6
2215955, 6
1044835, 6
1212099, 6
2714261, 6
19097, 6
20072, 6
989611, 6
1192440, 6
864635, 6
1077854, 6
1215239, 6
775306, 6
9245, 6
560628, 6
1217264, 6
1246787, 6
1225165, 6
761065, 6
555664, 6
2217789, 6
1225001, 6
1222216, 6
2715144, 6
1391273, 6
23054, 6
1226094, 6
1185832, 6
1029309, 6
2714007, 6
34806, 6
1220488, 6
550081, 6
757917, 6
1025905, 6
753355, 6
754466, 6
1236336, 6
1069042, 6
752899, 6
541741, 6
1221590, 6
540884, 6
571464, 6
1216360, 6
1218036, 6
1188496, 6
999132, 6
669304, 6
1246453, 6
1215395, 6
768949, 6
1182686, 6
1206603, 6
1191158, 6
2516584, 6
1215954, 6
1205984, 6
1223446, 6
1215523, 6
1101258, 6
556621, 6
558498, 6
19308, 6
1216086, 6
23436, 6
1227755, 6
1226017, 6
1223724, 6
862796, 6
1217148, 6
850538, 6
1189091, 6
1218948, 6
570019, 6
1219740, 6
568488, 6
9035, 6
1220468, 6
3821, 6
16800, 6
1029066, 6
1190514, 6
1213846, 6
613052, 6
1247418, 6
764734, 6
1030236, 6
1104872, 6
1207887, 6
632656, 6
1180973, 6
759115, 6
4829, 6
2210611, 6
1191179, 6
1222129, 6
2715092, 6
10550, 6
1101585, 6
760019, 6
774537, 6
1025927, 6
610917, 6
15797, 6
1218841, 6
755804, 6
1216903, 6
1209139, 6
1216527, 6
530567, 6
1215199, 6
557655, 6
1101917, 6
1030533, 6
1221445, 6
2230175, 6
2647004, 6
1223713, 6
1235188, 6
1181997, 6
1102187, 6
685209, 6
770509, 6
1224334, 6
18946, 6
1940, 6
1020011, 6
1104677, 6
540665, 6
1222119, 6
1221535, 6
1215688, 6
2647026, 6
642991, 6
11273, 6
1245597, 6
1220285, 6
1220026, 6
1219744, 6
1216546, 6
624406, 6
505784, 6
1018637, 6
1030373, 6
545399, 6
636403, 6
30925, 6
1179593, 6
765468, 6
1188908, 6
7922, 6
1215512, 6
1105010, 6
19170, 6
8271, 6
29231, 6
2242187, 6
756214, 6
1226514, 6
27563, 6
553922, 6
1029321, 6
25234, 6
774649, 6
755464, 6
13696, 6
555252, 6
760152, 6
1019269, 6
36383, 6
571180, 6
1103534, 6
1105604, 6
1201, 6
1247020, 6
1030567, 6
6163, 6
568529, 6
1219333, 6
23056, 6
570930, 6
1217311, 6
1226085, 6
2240378, 6
1224273, 6
768296, 6
2239942, 6
1228085, 6
545436, 6
1220667, 6
1209477, 6
1192393, 6
18733, 6
1002123, 6
779079, 6
1222339, 6
1216524, 6
1228484, 6
8220, 6
1104879, 6
2219040, 6
20096, 6
1044282, 6
758242, 6
1411320, 6
7285, 6
1221203, 6
1024087, 6
1087241, 6
766029, 6
770543, 6
1030709, 6
755616, 6
1400776, 6
3960, 6
1245876, 6
555818, 6
1228141, 6
1218037, 6
754513, 6
1218275, 6
620609, 6
734815, 6
1219673, 6
1191678, 6
1227959, 6
777470, 6
1216368, 6
1224199, 6
1226026, 6
1094684, 6
18868, 6
774821, 6
772714, 6
1028959, 6
1027138, 6
1018084, 6
758164, 6
541049, 6
22172, 6
1222142, 6
675022, 6
16620, 6
1198962, 6
1221168, 6
1222824, 6
1216679, 6
19, 6
774638, 6
728774, 6
1220767, 6
1232232, 6
2714838, 6
1220773, 6
776158, 6
1178549, 6
570552, 6
558774, 6
1245720, 6
627398, 6
1207108, 6
774339, 6
1234928, 6
1191470, 6
6474, 6
1177938, 6
1225227, 6
1224271, 6
8134, 6
1077251, 6
1096985, 6
559125, 6
757212, 6
1028869, 6
554477, 6
774435, 6
29394, 6
18641, 6
7176, 6
1224789, 6
778317, 6
758552, 6
1245759, 6
600169, 6
1224518, 6
770347, 6
1444973, 6
33046, 6
8601, 6
1197196, 6
1030159, 6
1027736, 6
1216740, 6
1261131, 6
772486, 6
1221327, 6
1096975, 6
583463, 6
754490, 6
567566, 6
866083, 6
1222174, 6
561251, 6
2232994, 6
1027155, 6
1216678, 6
1210292, 6
775989, 6
579861, 6
863003, 6
1206623, 6
27126, 6
978288, 6
1220470, 6
1094310, 6
2968, 6
1190750, 6
2228281, 6
758374, 6
29069, 6
772992, 6
1540546, 6
680144, 6
1192012, 6
1225664, 6
1076747, 6
2218881, 6
2714986, 6
849337, 6
1176900, 6
1225748, 6
1209516, 6
1028948, 6
1207013, 6
675749, 6
1221202, 6
568587, 6
754392, 6
1224967, 6
27221, 6
1104266, 6
1246759, 6
1029069, 6
772295, 6
1225765, 6
6997, 6
2234128, 6
1228643, 6
6959, 6
1215821, 6
1215479, 6
1222963, 6
770585, 6
1219436, 6
1222711, 6
1219692, 6
557109, 6
1001780, 6
1215513, 6
1216081, 6
21688, 6
2219238, 6
1177871, 6
1216165, 6
3525, 6
1028542, 6
1245650, 6
1221819, 6
770199, 6
7542, 6
568694, 6
1225540, 6
2240275, 6
580799, 6
571583, 6
752607, 6
2239875, 6
568574, 6
1030515, 6
607712, 6
1218938, 6
1192040, 6
1226523, 6
1027524, 6
1237991, 6
1217788, 6
30242, 6
1018655, 6
542832, 6
1025932, 6
1223505, 6
1223518, 6
1044679, 6
1178920, 6
2232287, 6
2714000, 6
1095561, 6
752949, 6
1190346, 6
1247335, 6
554986, 6
773242, 6
1222418, 6
571607, 6
680113, 6
8277, 6
6813, 6
2713794, 6
1222251, 6
23771, 6
7972, 6
1043656, 6
850200, 6
1215708, 6
531948, 6
1217421, 6
2700, 6
752658, 6
24100, 6
726052, 6
2228613, 6
1223062, 6
850365, 6
1221162, 6
1228640, 6
1026931, 6
1220600, 6
683998, 6
1209180, 6
1217120, 6
4836, 6
1193542, 6
1044896, 6
756866, 6
9089, 6
1204805, 6
1027647, 6
1225471, 6
1008632, 6
1048922, 6
774314, 6
1173576, 6
1106274, 6
851082, 6
1220057, 6
685871, 6
556464, 6
9085, 6
768846, 6
35091, 6
8281, 6
753022, 6
766877, 6
22286, 6
2217290, 6
571579, 6
39823, 6
1224639, 6
1173470, 6
1225318, 6
774417, 6
1080190, 6
6788, 6
1222731, 6
1027309, 6
1246166, 6
1029112, 6
40374, 6
1219457, 6
13384, 6
685055, 6
1205811, 6
1223443, 6
1215720, 6
1018782, 6
1120752, 6
754538, 6
1027112, 6
1221632, 6
1216963, 6
36582, 6
571660, 6
567643, 6
1219769, 6
2219005, 6
772151, 6
1275198, 6
1028828, 6
1065204, 6
1212511, 6
775988, 6
1211292, 6
756518, 6
1049295, 6
756407, 6
30715, 6
1225680, 6
1217066, 6
1027096, 6
567713, 6
1120720, 6
773874, 6
9056, 6
1079888, 6
2226770, 6
1215881, 6
866804, 6
22609, 6
1226318, 6
1103642, 6
1211548, 6
849513, 6
9364, 6
29789, 6
560365, 6
569510, 6
1228473, 6
2802611, 6
1209883, 6
771478, 6
715558, 6
752854, 6
582076, 6
867998, 6
625468, 6
555214, 6
1228843, 6
1029075, 6
1220872, 6
2217292, 6
33335, 6
555569, 6
1043673, 6
1027551, 6
1221405, 6
128, 6
1213620, 6
1190024, 6
989552, 6
2218960, 6
1225451, 6
1211736, 6
1029037, 6
1104177, 6
1184502, 6
2217683, 6
1217505, 6
1030721, 6
1185727, 6
1224838, 6
754344, 6
28591, 6
769138, 6
2216037, 6
775489, 6
1407403, 6
680159, 6
1226166, 6
1227936, 6
19317, 6
2227454, 6
1182068, 6
1247249, 6
1104431, 6
1101389, 6
1204338, 6
1229092, 6
1095497, 6
19078, 6
771314, 6
19433, 6
1225463, 6
774914, 6
aaaieixs, 6
16627, 6
555127, 6
22988, 6
1228737, 6
1029950, 6
1227235, 6
626412, 6
541073, 6
8180, 6
1223313, 6
755946, 6
1222197, 6
1210606, 6
1176491, 6
1224274, 6
669358, 6
2716530, 6
569960, 6
2227130, 6
1210654, 6
1029155, 6
1237522, 6
27569, 6
21021, 6
1218986, 6
1018096, 6
19365, 6
23092, 6
1246187, 6
1223020, 6
2227616, 6
1221376, 6
2218801, 6
647768, 6
22102, 6
1219209, 6
1047222, 6
775225, 6
1245745, 6
16136, 6
755454, 6
1225417, 6
560620, 6
1215398, 6
34078, 6
2219665, 6
1215238, 6
1180675, 6
6915, 6
12531, 6
559451, 6
28198, 6
1220574, 6
1080150, 6
1217808, 6
771777, 6
2714008, 6
1105034, 6
1228617, 6
778242, 6
764115, 6
15074, 6
557508, 6
30284, 6
561187, 6
2232187, 6
1069755, 6
774418, 6
755666, 6
1027049, 6
1043624, 6
1096824, 6
1222048, 6
2210709, 6
1228197, 6
1202597, 6
867991, 6
1046963, 6
20402, 6
775128, 6
1216424, 6
1190259, 6
775219, 6
1225352, 6
1044811, 6
22200, 6
560874, 6
554025, 6
1027395, 6
1218138, 6
774347, 6
2223884, 6
24199, 6
755163, 6
1225987, 6
1218646, 6
1226172, 6
1223047, 6
550506, 6
757962, 6
1188794, 6
1185735, 6
1392820, 6
18718, 6
7748, 6
557359, 6
1177371, 6
734183, 6
1202959, 6
2713457, 6
458, 6
1020626, 6
1215471, 6
1229128, 6
769631, 6
22234, 6
757100, 6
1049224, 6
530048, 6
571096, 6
866658, 6
1217260, 6
2713859, 6
1233872, 6
1048859, 6
654759, 6
1006242, 6
1225722, 6
505363, 6
1226993, 6
1201100, 6
1406798, 6
2229986, 6
530846, 6
28200, 6
1217525, 6
773598, 6
1027483, 6
561458, 6
18685, 6
7297, 6
1101312, 6
23250, 6
740731, 6
1221743, 6
1174157, 6
1218784, 6
1412582, 6
1192769, 6
756157, 6
760690, 6
1215651, 6
2226968, 6
555543, 6
1295388, 6
755327, 6
752494, 6
1072633, 6
1094477, 6
1104184, 6
680145, 6
560308, 6
759724, 6
1444903, 6
1221545, 6
554959, 6
1029139, 6
1219505, 6
554485, 6
776760, 6
1208321, 6
2713909, 6
1025629, 6
1365085, 6
1025314, 6
2011964, 6
755584, 6
753027, 6
558933, 6
1030410, 6
555808, 6
8348, 6
23125, 6
24682, 6
1027880, 6
1223996, 6
1247200, 6
1219030, 6
1078394, 6
1027567, 6
7708, 6
2714782, 6
828822, 6
773047, 6
1224816, 6
10196, 6
1220276, 6
1030340, 6
1219747, 6
1217381, 6
10010, 6
1039368, 6
562139, 6
571448, 6
27265, 6
753967, 6
1176797, 6
1147706, 6
1228453, 6
1390618, 6
1217693, 6
1216389, 6
1027501, 6
754541, 6
996994, 6
1220442, 6
1039318, 6
571091, 6
1228208, 6
1227311, 6
2218896, 6
1215480, 6
1028998, 6
669510, 6
1027274, 6
1217281, 6
2225908, 6
1219081, 6
1211702, 6
651087, 6
625487, 6
1190200, 6
1221239, 6
2647038, 6
1227989, 6
27705, 6
1023963, 6
571616, 6
1221707, 6
1105008, 6
1177101, 6
768308, 6
1030292, 6
1232521, 6
1215532, 6
1044397, 6
1028463, 6
13056, 6
2219093, 6
1224607, 6
774502, 6
1047131, 6
29487, 6
1227816, 6
1216822, 6
1275545, 6
13630, 6
1219049, 6
867750, 6
40157, 6
1388646, 6
1212175, 6
759713, 6
1220570, 6
1040983, 6
1182265, 6
560993, 6
636461, 6
1078391, 6
9369, 6
1222296, 6
1185811, 6
6978, 6
560765, 6
1393946, 6
1225304, 6
554853, 6
1094571, 6
1215444, 6
1018763, 6
1217642, 6
862539, 6
1212694, 6
1246112, 6
1224436, 6
1079825, 6
555666, 6
1080265, 6
1094429, 6
1029063, 6
1224327, 6
1206128, 6
1185176, 6
1197730, 6
756589, 6
1104078, 6
1027382, 6
561586, 6
1019558, 6
2716498, 6
1094201, 6
1028621, 6
2217576, 6
3534, 6
1409292, 6
1215604, 6
756637, 6
32584, 6
1215984, 6
2219738, 6
1039275, 6
675363, 6
559407, 6
1197719, 6
680046, 6
86, 6
1224859, 6
1196095, 6
6972, 6
1219957, 6
1219836, 6
1221928, 6
757452, 6
685330, 6
1203283, 6
771239, 6
677015, 6
772211, 6
1120766, 6
1228420, 6
1220637, 6
12362, 6
30964, 6
17236, 6
1210565, 6
1227883, 6
753380, 6
4555, 6
755581, 6
2224243, 6
768856, 6
850780, 6
754720, 6
1288145, 6
1223269, 6
758381, 6
1189669, 6
2715036, 6
1220209, 6
1272141, 6
1224348, 6
1049236, 6
1246060, 6
1215525, 6
1211421, 6
759964, 6
1195224, 6
29656, 6
2715220, 6
1202629, 6
756280, 6
1080313, 6
2217908, 6
1191671, 6
1226271, 6
1219749, 6
773699, 6
1235478, 6
1215744, 6
2227113, 6
1073325, 6
28649, 6
6920, 6
774822, 6
1027273, 6
1225764, 6
1229020, 6
7088, 6
1195147, 6
1223592, 6
1096807, 6
1193504, 6
1029245, 6
1253219, 6
1218185, 6
2713799, 6
558669, 6
2234078, 6
1206399, 6
1219044, 6
2222940, 6
1245585, 6
1223665, 6
555628, 6
759010, 6
766852, 6
1216118, 6
1400400, 6
1030462, 6
999470, 6
8226, 6
1048911, 6
13066, 6
1210604, 6
1223677, 6
1892, 6
1223932, 6
18990, 6
1224687, 6
1226971, 6
632657, 6
2714009, 6
1221986, 6
1026916, 6
1228644, 6
1213179, 6
725121, 6
1207200, 6
754689, 6
1026958, 6
569468, 6
571253, 6
775193, 6
558762, 6
5598, 6
1221570, 6
1221427, 6
680120, 6
1222317, 6
679927, 6
1226306, 6
1101319, 6
756130, 6
1028653, 6
2232243, 6
1030454, 6
1227322, 6
6361, 6
766082, 6
1224815, 6
755839, 6
8308, 6
7684, 6
571442, 6
1222536, 6
1187792, 6
1195116, 6
1191926, 6
753163, 6
1094858, 6
1224446, 6
1027645, 6
35311, 6
1192829, 6
1227352, 6
1188219, 6
977351, 6
1228101, 6
772995, 6
12911, 6
1227675, 6
40373, 6
571578, 6
9084, 6
1063607, 6
1027171, 6
22883, 6
2241198, 6
777878, 6
1180647, 6
1204712, 6
867722, 6
754636, 6
976876, 6
1049304, 6
603694, 6
1232560, 6
570485, 6
1219274, 6
1246511, 6
1210957, 6
1228174, 6
2232442, 6
1027818, 6
557418, 6
1225222, 6
1222958, 6
1066400, 6
754447, 6
1216471, 6
1223311, 6
1247142, 6
1078367, 6
774372, 6
1044880, 6
2715590, 6
560716, 6
1216488, 6
17499, 6
624929, 6
763003, 6
3346405, 6
10996, 6
25273, 6
1245728, 6
2716355, 6
7323, 6
1225495, 6
1101169, 6
1067160, 6
1219383, 6
28638, 6
1225845, 6
774637, 6
625392, 6
15788, 6
22473, 6
1213001, 6
1247552, 6
1206601, 6
31476, 6
1216313, 6
754773, 6
1030146, 6
1220883, 6
1017567, 6
2218034, 6
22787, 6
7974, 6
1023948, 6
1201686, 6
1227770, 6
11012, 6
776202, 6
23837, 6
1102280, 6
1030390, 6
1043727, 6
8189, 6
1098704, 6
1216809, 6
8406, 6
1026989, 6
691106, 6
1199740, 6
1226077, 6
1302458, 6
1222918, 6
1200852, 6
754503, 6
28306, 6
1236668, 6
2227658, 6
1174567, 6
1426023, 6
1223654, 6
1227043, 6
1027781, 6
757167, 6
984696, 6
561567, 6
971683, 6
1234638, 6
2219406, 6
1216564, 6
776118, 6
1177875, 6
9127, 6
1192757, 6
2714951, 6
1245497, 6
2713953, 6
1007907, 6
1220647, 6
1026979, 6
19225, 6
766360, 6
1029385, 6
13946, 6
24240, 6
1025919, 6
1219121, 6
1219276, 6
1222200, 6
7229, 6
30477, 6
1202527, 6
758503, 6
9361, 6
1232338, 6
13064, 6
2226836, 6
694975, 6
1103859, 6
1079366, 6
2713851, 6
1054555, 6
1216767, 6
756018, 6
780178, 6
1400988, 6
1215566, 6
556440, 6
1225247, 6
757434, 6
17035, 6
2227826, 6
10228, 6
1025898, 6
1080171, 6
530749, 6
9384, 6
1215074, 6
1273514, 6
570988, 6
15269, 6
1226359, 6
557076, 6
645282, 6
1189650, 6
1215474, 6
4559, 6
1235495, 6
7045, 6
1188975, 6
4343, 6
756645, 6
699587, 6
6524, 6
757074, 6
680114, 6
570813, 6
18247, 6
18814, 6
1185706, 6
1030521, 6
775759, 6
634977, 6
771246, 6
1030470, 6
1072114, 6
1048826, 6
1218858, 6
555773, 6
1200997, 6
1218237, 6
1222706, 6
15840, 6
29644, 6
18840, 6
1183728, 6
17659, 6
559976, 6
34978, 6
1188333, 6
29305, 6
686015, 6
1025891, 6
1213283, 6
1008910, 6
1215477, 6
1247288, 6
1225421, 6
10340, 6
569416, 6
17562, 6
676361, 6
1183021, 6
998929, 6
1221730, 6
1029044, 6
998845, 6
1218742, 6
10784, 6
1101303, 6
766955, 6
1044813, 6
1027407, 6
1215478, 6
557194, 6
2218123, 6
771986, 6
560023, 6
1226633, 6
1224280, 6
28815, 6
1040938, 6
774425, 6
1210238, 6
998555, 6
12681, 6
999129, 6
1028823, 6
771136, 6
2713512, 6
574663, 6
1221583, 6
1224220, 6
672289, 6
1220510, 6
1246189, 6
1065609, 6
569387, 6
1188841, 6
1025941, 6
1203195, 6
568233, 6
686295, 6
676058, 6
1221505, 6
570152, 6
569115, 6
778150, 6
29659, 6
1073456, 6
1044618, 6
28772, 6
22516, 6
2716461, 6
1218924, 6
756615, 6
1211738, 6
1219908, 6
1215847, 6
1227650, 6
4190, 6
1101277, 6
16553, 6
1202775, 6
1217900, 6
1044403, 6
556161, 6
17717, 6
24043, 6
1028528, 6
2232388, 6
1395253, 6
1215358, 6
1189645, 6
1174409, 6
768907, 6
558890, 6
1104136, 6
2222766, 6
11397, 6
1228205, 6
1218136, 6
571654, 6
695492, 6
1246739, 6
6800, 6
11107, 6
606703, 6
1411395, 6
1027511, 6
1217121, 6
1077903, 6
1247245, 6
11629, 6
1219607, 6
2227450, 6
1311, 6
1226534, 6
1222572, 6
1028626, 6
1222159, 6
1027890, 6
1209866, 6
1222070, 6
1175209, 6
2225602, 6
557047, 6
1206551, 6
1246477, 6
551690, 6
2713786, 6
1219100, 6
704600, 6
1027451, 6
765747, 6
11654, 6
1215579, 6
1217611, 6
1023940, 6
1177982, 6
20132, 6
1028757, 6
561751, 6
33551, 6
32644, 6
1018091, 6
6716, 6
757686, 6
1096983, 6
1216924, 6
730190, 6
13369, 6
1215809, 6
1078089, 6
1025743, 6
556027, 6
1210866, 6
752752, 6
1216587, 6
1221102, 6
757440, 6
2215808, 6
755135, 6
1105234, 6
27188, 6
1215765, 6
1216955, 6
768221, 6
1226815, 6
1216339, 6
1096942, 6
1228012, 6
1044577, 6
583985, 6
997161, 6
1176556, 6
6342, 6
1048867, 6
7329, 6
1233186, 6
685442, 6
1227918, 6
1246182, 6
758388, 6
2223665, 6
15792, 6
685242, 6
1028708, 6
1030295, 6
1219285, 6
9480, 6
1094644, 6
1236510, 6
1044283, 6
1219517, 6
757011, 6
1079364, 6
3771, 6
1196964, 6
3282, 6
1224956, 6
23162, 6
1247390, 6
1224207, 6
1247222, 6
761135, 6
1204344, 6
1226136, 6
1246454, 6
558211, 6
1215225, 6
1219741, 6
1094853, 6
1224585, 6
753326, 6
1235504, 6
1216224, 6
1206419, 6
1224427, 6
1246293, 6
1215700, 6
532028, 6
1444394, 6
966, 6
905, 6
1185663, 6
1214004, 6
1185717, 6
1226509, 6
1226767, 6
2217131, 6
571538, 6
1216627, 6
11917, 6
1199032, 6
1221850, 6
754555, 6
778503, 6
768285, 6
560685, 6
568478, 6
2210689, 6
561492, 6
1014509, 6
1216296, 6
1001594, 6
5662, 6
1228209, 6
9400, 6
774343, 6
1043685, 6
1079829, 6
1182994, 6
2713891, 6
753329, 6
12648, 6
567678, 6
675371, 6
1217919, 6
1215737, 6
1030827, 6
771356, 6
1219711, 6
16755, 6
19378, 6
1227585, 6
1218922, 6
1207019, 6
1404740, 6
9380, 6
1174181, 6
1219189, 6
1222719, 6
1096816, 6
1203528, 6
2754394, 6
1103959, 6
1219773, 6
1247206, 6
1227359, 6
1340467, 6
6591, 6
8260, 6
1222022, 6
684640, 6
1030576, 6
7795, 6
1247054, 6
626794, 6
2715063, 6
1203016, 6
1079088, 6
1219926, 6
3890, 6
1189362, 6
2713755, 6
2219325, 6
1078568, 6
780448, 6
1101388, 6
7476, 6
1213398, 6
1246537, 6
2240231, 6
1209331, 6
1220256, 6
759830, 6
1209234, 6
1176733, 6
1221643, 6
1219761, 6
554051, 6
1215450, 6
1218404, 6
1220660, 6
1228015, 6
1079006, 6
567567, 6
1103465, 6
2713177, 6
1216802, 6
569517, 6
1025626, 6
754777, 6
1955652, 6
2552, 6
1222465, 6
1220595, 6
2242292, 6
1216054, 6
1028419, 6
759230, 6
1080316, 6
5730, 6
1105175, 6
16907, 6
1223204, 6
1174553, 6
1227984, 6
1227597, 6
21965, 6
1217966, 6
556005, 6
1027072, 6
2218061, 6
780415, 6
1071127, 6
1218165, 6
1101367, 6
672262, 6
1196866, 6
1104922, 6
558835, 6
560564, 6
1044595, 6
973850, 6
1027530, 6
2230452, 6
2223672, 6
510560, 6
1247748, 6
1275611, 6
1245571, 6
1246685, 6
1224285, 6
2219018, 6
1027615, 6
1008626, 6
1096982, 6
1206650, 6
1044256, 6
2219515, 6
1212343, 6
552176, 6
27957, 6
1221952, 6
1223828, 6
1047280, 6
1218863, 6
1219816, 6
1386972, 6
651409, 6
1215006, 6
1192051, 6
1215547, 6
7240, 6
680087, 6
1203027, 6
1234510, 6
569280, 6
aaaieioc, 6
1222434, 6
754152, 6
1217841, 6
976401, 6
27377, 6
2232257, 6
1078295, 6
1217909, 6
1402444, 6
2242232, 6
764497, 6
861570, 6
1080111, 6
1208860, 6
754130, 6
1227263, 6
1179845, 6
1094329, 6
27313, 6
756137, 6
1185678, 6
1215419, 6
1080866, 6
780179, 6
756802, 6
772410, 6
1224911, 6
1393788, 6
1234219, 6
12788, 6
1027110, 6
1104856, 6
569240, 6
34202, 6
4384, 6
2739273, 6
1211828, 6
1205326, 6
42458, 6
1220200, 6
1246487, 6
774414, 6
758779, 6
1228536, 6
769307, 6
1220723, 6
1215291, 6
2716347, 6
1227423, 6
2715043, 6
2225867, 6
753608, 6
2713655, 6
3346577, 6
1220499, 6
1226232, 6
769627, 6
19424, 6
1247022, 6
7120, 6
556120, 6
1282693, 6
1224034, 6
29844, 6
1030784, 6
1229014, 6
554648, 6
1101300, 6
771897, 6
1216346, 6
1027339, 6
11653, 6
552120, 6
1176528, 6
1190297, 6
757322, 6
555477, 6
1227988, 6
760109, 6
531238, 6
8409, 6
753176, 6
24099, 6
1217314, 6
1222205, 6
1224383, 6
22427, 6
2218630, 6
30041, 6
1246752, 6
20519, 6
2713985, 6
1039332, 6
1227122, 6
1068021, 6
556407, 6
866807, 6
684935, 6
1195060, 6
1190588, 6
1206478, 6
755183, 6
1147642, 6
1221270, 6
753586, 6
1247256, 6
1215230, 6
1076139, 6
21071, 6
775984, 6
1221894, 6
1218383, 6
39540, 6
14093, 6
759534, 6
759421, 6
1200404, 6
775023, 6
1228924, 6
1225475, 6
2217145, 6
28792, 6
1544909, 6
1226283, 6
1221525, 6
624397, 6
22930, 6
2227825, 6
1027714, 6
780844, 6
754701, 6
1220100, 6
1226268, 6
1226646, 6
1220954, 6
530449, 6
1395611, 6
1220435, 6
557054, 6
773101, 6
28726, 6
1218989, 6
775181, 6
771947, 6
771641, 6
28961, 6
1101394, 6
1181915, 6
21400, 6
570136, 6
1225806, 6
1213488, 6
569507, 6
2217884, 6
1232396, 6
11430, 6
1063927, 6
1190065, 6
1215182, 6
1221585, 6
2240183, 6
1419175, 6
7597, 6
26612, 6
677284, 6
763186, 6
1226279, 6
1217741, 6
1028514, 6
755515, 6
1175139, 6
1220094, 6
1220321, 6
582736, 6
1195678, 6
12885, 6
1217128, 6
1221752, 6
532020, 6
2224234, 6
1176676, 6
1219672, 6
775127, 6
684028, 6
1019742, 6
2928, 6
1245401, 6
1029140, 6
5336, 6
10299, 6
14115, 6
675104, 6
2226878, 6
680247, 6
764661, 6
31402, 6
1218296, 6
23612, 6
21863, 6
1247030, 6
1217316, 6
1028686, 6
27013, 6
1211276, 6
1028768, 6
1209140, 6
1197664, 6
1247273, 6
1222067, 6
1219599, 6
1183964, 6
560756, 6
1947917, 6
2218890, 6
578601, 6
1299294, 6
1104018, 6
2217653, 6
752947, 6
19136, 6
17587, 6
1221364, 6
776159, 6
1007663, 6
1226562, 6
1020631, 6
8196, 6
2713725, 6
18919, 6
2226997, 6
1225954, 6
1386665, 6
863330, 6
510753, 6
13620, 6
1104330, 6
1226383, 6
1078329, 6
790064, 6
761524, 6
1215843, 6
2234075, 6
1028439, 6
1176486, 6
1044218, 6
1027133, 6
1030240, 6
2225363, 6
1235177, 6
505281, 6
1222687, 6
1194040, 6
2217684, 6
1224394, 6
769624, 6
1222098, 6
1235896, 6
567699, 6
683965, 6
561243, 6
759739, 6
1224286, 6
19331, 6
1101163, 6
2713883, 6
1247087, 6
5924, 6
1188855, 6
1228978, 6
1030201, 6
534, 6
228, 6
1105286, 6
1210934, 6
5368, 6
1201871, 6
777887, 6
1191382, 6
19450, 6
1039056, 6
2715058, 6
768504, 6
2223051, 6
1027486, 6
1220613, 6
2218852, 6
1029121, 6
1030580, 6
1228461, 6
569007, 6
1213237, 6
1105544, 6
2994, 6
1101285, 6
2218334, 6
1184569, 6
1213536, 6
1223333, 6
21385, 6
756504, 6
2222933, 6
541787, 6
1001615, 6
775212, 6
1218389, 6
560586, 6
1026948, 6
985829, 6
1185860, 6
2218919, 6
863438, 6
1216970, 6
758323, 6
1077840, 6
757205, 6
1041154, 6
998421, 6
768702, 6
37216, 6
1221431, 6
1044214, 6
1246647, 6
28395, 6
1175177, 6
771644, 6
1023931, 6
2713814, 6
696114, 6
1202213, 6
684815, 6
2223060, 6
23011, 6
669334, 6
2223686, 6
758396, 6
1208805, 6
20693, 6
2713217, 6
25967, 6
776468, 6
569465, 6
625374, 6
1233610, 6
1226468, 6
1224827, 6
1025705, 6
8564, 6
2218955, 6
571286, 6
561468, 6
1189920, 6
588, 6
1224923, 6
25349, 6
1200168, 6
2713523, 6
8652, 6
8425, 6
1029940, 6
752541, 6
1104495, 6
669367, 6
998569, 6
773010, 6
31100, 6
1212266, 6
1227366, 6
769380, 6
556435, 6
14506, 6
2217389, 6
1224802, 6
2714017, 6
1026981, 6
554669, 6
989588, 6
792807, 6
17085, 6
1209350, 6
757826, 6
30761, 6
1224697, 6
1445639, 6
1046998, 6
757216, 6
1204356, 6
999139, 6
1228263, 6
1226384, 6
1216889, 6
1219230, 6
1188924, 6
1206235, 6
21312, 6
1219527, 6
561018, 6
1028520, 6
161, 6
11178, 6
1191379, 6
1217174, 6
1047266, 6
697180, 6
616900, 6
1225516, 6
757605, 6
1303958, 6
1027408, 6
754311, 6
570939, 6
554999, 6
1048908, 6
1229338, 6
1147557, 6
1387328, 6
1030577, 6
1178731, 6
1182015, 6
1219295, 6
1076961, 6
1228911, 6
674187, 6
9126, 6
29775, 6
1218266, 6
1202564, 6
625072, 6
1210772, 6
2227516, 6
1216097, 6
761293, 6
569103, 6
2025375, 6
1220453, 6
19431, 6
1076054, 6
1030284, 6
1208527, 6
696590, 6
1103811, 6
758190, 6
2219014, 6
2714200, 6
1215898, 6
752608, 6
14513, 6
1185659, 6
1028755, 6
2027032, 6
1078960, 6
561851, 6
1226122, 6
1104026, 6
1027658, 6
1218518, 6
570472, 6
530164, 6
8387, 6
1106043, 6
707138, 6
2767266, 6
1019615, 6
26842, 6
1224397, 6
1185728, 6
542054, 6
1210493, 6
8000, 6
1223844, 6
1223853, 6
15079, 6
569178, 6
26582, 6
1104428, 6
1028830, 6
1227434, 6
23077, 6
758160, 6
999490, 6
2239888, 6
1028434, 6
30421, 6
1214410, 6
3848, 6
1215669, 6
2217505, 6
1026023, 6
2713900, 6
1223754, 6
1225315, 6
1176757, 6
571535, 6
1218808, 6
1215599, 6
1218694, 6
1228194, 6
775967, 6
1225766, 6
581258, 6
1247038, 6
1222341, 6
2222762, 6
685002, 6
1213738, 6
1247217, 6
721610, 6
1028505, 6
756329, 6
2218942, 6
1044526, 6
9927, 6
1205374, 6
12017, 6
1246960, 6
22936, 6
556316, 6
1222524, 6
569391, 6
552588, 6
581405, 6
1228389, 6
2223661, 6
19954, 6
121, 6
1027641, 6
2227067, 6
1195471, 6
885625, 6
1228478, 6
1221561, 6
756467, 6
1030523, 6
2218314, 6
2226844, 6
2217863, 6
1103998, 6
532562, 6
757070, 6
18728, 6
622107, 6
758112, 6
37995, 6
752647, 6
558755, 6
1021514, 6
758052, 6
1028761, 6
761288, 6
2713863, 6
772128, 6
15011, 6
16626, 6
560855, 6
680111, 6
1102252, 6
25375, 6
541272, 6
1027379, 6
2227038, 6
640899, 6
1190236, 6
1220406, 6
1215582, 6
1189771, 6
1080622, 6
1216657, 6
1403373, 6
1212712, 6
557058, 6
574458, 6
1220699, 6
1223682, 6
3346613, 6
1216184, 6
2210649, 6
2224448, 6
704240, 6
556703, 6
7891, 6
2218392, 6
1207606, 6
1040986, 6
1211817, 6
570097, 6
1219774, 6
669311, 6
2240195, 6
2714390, 6
10733, 6
11171, 6
1228108, 6
1245480, 6
1557, 6
1213641, 6
27607, 6
1100884, 6
1213369, 6
1211475, 6
1096969, 6
1028709, 6
1153924, 6
759946, 6
39160, 6
608100, 6
1028743, 6
626194, 6
27734, 6
1202024, 6
1227656, 6
1219935, 6
1028732, 6
675140, 6
1220071, 6
754850, 6
554630, 6
556812, 6
1219256, 6
2715219, 6
567653, 6
1215472, 6
753402, 6
1105044, 6
27698, 6
1105834, 6
1038921, 6
2217335, 6
2218449, 6
2217795, 6
774589, 6
999461, 6
2218515, 6
1221581, 6
1027033, 6
1103389, 6
1220114, 6
1215750, 6
5739, 6
1238792, 6
1104830, 6
1218042, 6
999460, 6
559918, 6
2217118, 6
1208634, 6
1225924, 6
1207193, 6
1028467, 6
774694, 6
9632, 6
1232365, 6
768348, 6
1202745, 6
1195805, 6
753062, 6
7853, 6
1190717, 6
2713884, 6
1219949, 6
1247326, 6
1194095, 6
1246535, 6
1104743, 6
1215528, 6
1221682, 6
1224577, 6
753507, 6
1235493, 6
1030162, 6
1185707, 6
552185, 6
774803, 6
1215359, 6
1219257, 6
411, 6
1219047, 6
1215439, 6
510696, 6
17977, 6
1356217, 6
1246969, 6
1215227, 6
2227022, 6
1228145, 6
1044913, 6
2218725, 6
2227354, 6
757692, 6
1048070, 6
772268, 6
1094242, 6
23178, 6
607824, 6
1102874, 6
29585, 6
1027682, 6
1001786, 6
1198288, 6
752536, 6
12360, 6
759100, 6
1189095, 6
696189, 6
1105128, 6
1233860, 6
1201691, 6
1103452, 6
1078223, 6
1195145, 6
1104685, 6
2230018, 6
556280, 6
468, 6
1190300, 6
35109, 6
2712957, 6
754407, 6
1027305, 6
1222136, 6
1217985, 6
1247445, 6
23204, 6
2222790, 6
27594, 6
2218814, 6
8255, 6
1029190, 6
2716339, 6
1044668, 6
1009651, 6
1227053, 6
2218990, 6
1078110, 6
1026027, 6
3789, 6
1221833, 6
570142, 6
1192456, 6
1176793, 6
756014, 6
2232127, 6
1222259, 6
1101304, 6
1233744, 6
1188549, 6
30711, 6
568906, 6
1247441, 6
1203398, 6
2223876, 6
1180507, 6
1199497, 6
776655, 6
2713724, 6
1227309, 6
1029153, 6
9518, 6
18969, 6
1219410, 6
1106187, 6
1221599, 6
1173681, 6
8219, 6
1043738, 6
557062, 6
561036, 6
690460, 6
998352, 6
28360, 6
28377, 6
1101377, 6
1221853, 6
1095445, 6
1224369, 6
714896, 6
865961, 6
733849, 6
1201975, 6
1080237, 6
1229140, 6
19383, 6
1028452, 6
1247166, 6
1205395, 6
15567, 6
1224315, 6
2226421, 6
2230036, 6
2226843, 6
1094500, 6
1227335, 6
1218973, 6
26048, 6
1197677, 6
1217465, 6
1102054, 6
1183615, 6
554634, 6
1226587, 6
562815, 6
2222862, 6
1227252, 6
978093, 6
1104138, 6
753150, 6
1227049, 6
977428, 6
1191245, 6
753585, 6
562631, 6
1226394, 6
2218952, 6
1216658, 6
1028679, 6
13060, 6
1221066, 6
705906, 6
1221805, 6
1104817, 6
24281, 6
754586, 6
1216157, 6
758084, 6
1143, 6
554608, 6
1200848, 6
541424, 6
1246822, 6
773086, 6
1205727, 6
753548, 6
2038287, 6
1027729, 6
14591, 6
1102684, 6
3043, 6
1029322, 6
1105734, 6
1215575, 6
1407373, 6
1220659, 6
756558, 6
1222116, 6
1041000, 6
1221591, 6
754016, 6
2240753, 6
867764, 6
5175, 6
1030578, 6
17030, 6
